id,customer_id,product_id,quantity,unit_price,discount,total,status,order_date
1,247,145,16,593.41,15.69,9494.56,pending,2025-12-24
2,1434,72,1,633.89,0,633.89,pending,2025-02-17
3,899,151,19,770.69,0,14643.11,delivered,2023-12-13
4,349,30,13,125.04,28.49,1625.52,delivered,2024-04-12
5,1553,127,13,623.12,0,8100.56,delivered,2024-03-27
6,452,56,12,561.69,0,6740.28,returned,2022-07-26
7,1175,48,2,184.21,0,368.42,returned,2022-04-08
8,1377,5,9,604.81,23.4,5443.29,shipped,2024-08-10
9,575,86,17,789.99,0,13429.83,returned,2024-07-28
10,6,165,15,583.18,0,8747.7,pending,2023-01-25
11,1557,65,2,202.76,11.94,405.52,delivered,2025-10-19
12,1432,85,1,378.98,3.17,378.98,pending,2024-06-22
13,1151,99,4,47.38,25.13,189.52,cancelled,2023-12-14
14,895,36,13,406.43,12.07,5283.59,cancelled,2025-03-27
15,1421,105,14,317.66,0,4447.24,delivered,2023-03-25
16,1036,130,12,420.65,0,5047.8,returned,2022-10-23
17,545,92,7,52.57,8.01,367.99,cancelled,2023-10-28
18,600,34,4,827.62,24.27,3310.48,returned,2022-04-02
19,728,96,1,697.43,0,697.43,delivered,2023-12-22
20,534,193,1,271.72,0,271.72,returned,2025-06-25
21,148,70,17,100.2,10.33,1703.4,cancelled,2025-12-10
22,1036,134,16,53.33,0,853.28,shipped,2022-09-25
23,1850,60,8,774.36,0,6194.88,pending,2024-04-18
24,1639,41,16,693.85,0,11101.6,pending,2023-04-07
25,626,63,16,560.31,0,8964.96,returned,2025-04-23
26,1158,123,2,58.49,0,116.98,shipped,2023-04-21
27,302,151,13,770.69,28.63,10018.97,shipped,2022-11-28
28,1241,158,9,150.99,7.48,1358.91,delivered,2025-07-26
29,114,178,17,354.22,0,6021.74,shipped,2023-03-24
30,1624,196,8,542.59,23.33,4340.72,shipped,2022-04-06
31,1107,78,2,335.71,0,671.42,cancelled,2024-10-21
32,954,174,18,231.71,0,4170.78,cancelled,2023-07-05
33,1422,63,13,560.31,23.29,7284.03,returned,2022-11-07
34,443,46,11,253.15,17.68,2784.65,shipped,2023-06-06
35,187,53,2,655.86,0,1311.72,cancelled,2025-10-10
36,673,133,13,298.55,0,3881.15,delivered,2023-04-14
37,111,105,17,317.66,0,5400.22,delivered,2025-09-27
38,1808,11,6,67.82,24.55,406.92,cancelled,2024-01-11
39,1102,44,3,690.47,0,2071.41,pending,2024-01-27
40,1565,121,9,963.7,0,8673.3,returned,2024-01-08
41,1190,36,10,406.43,0,4064.3,delivered,2025-06-11
42,662,39,7,211.25,17.46,1478.75,pending,2022-12-21
43,1195,84,8,903.84,0,7230.72,delivered,2023-01-22
44,90,119,7,371.17,0,2598.19,pending,2022-10-01
45,566,152,11,911.9,0,10030.9,pending,2025-10-27
46,456,55,8,112.9,8.34,903.2,pending,2024-03-24
47,406,9,15,332.46,17.04,4986.9,cancelled,2023-11-02
48,751,94,15,8.03,0,120.45,shipped,2025-03-05
49,1857,194,2,510.14,0,1020.28,returned,2024-07-07
50,924,129,1,730.46,0,730.46,delivered,2023-11-25
51,1952,179,19,450.55,0,8560.45,pending,2022-08-15
52,369,95,3,988.58,0,2965.74,pending,2024-01-25
53,1956,117,3,660.46,0,1981.38,pending,2023-08-02
54,1021,145,15,593.41,19.19,8901.15,cancelled,2024-10-04
55,1141,146,16,629.33,0,10069.28,cancelled,2023-03-13
56,1650,84,17,903.84,0,15365.28,delivered,2024-02-06
57,1999,6,18,183.59,0,3304.62,delivered,2025-05-05
58,109,10,10,859.56,0,8595.6,cancelled,2022-09-13
59,1306,86,7,789.99,0,5529.93,pending,2022-05-22
60,697,74,17,221.84,0,3771.28,cancelled,2025-09-02
61,1671,128,9,216.83,0,1951.47,shipped,2023-09-18
62,1884,68,17,447.71,0,7611.07,delivered,2025-10-06
63,1888,146,19,629.33,0,11957.27,returned,2024-02-25
64,1389,96,12,697.43,0,8369.16,delivered,2023-02-24
65,1110,74,12,221.84,7.88,2662.08,cancelled,2023-12-26
66,270,85,2,378.98,10.38,757.96,shipped,2025-06-03
67,698,91,19,916.22,0,17408.18,delivered,2025-07-17
68,1274,102,4,573.77,0,2295.08,cancelled,2025-05-15
69,901,114,15,139.28,0,2089.2,cancelled,2023-07-15
70,749,48,6,184.21,0,1105.26,cancelled,2022-12-08
71,1486,95,9,988.58,0,8897.22,delivered,2024-12-20
72,366,76,18,948.25,25.45,17068.5,shipped,2024-01-21
73,943,4,6,943.2,15.87,5659.2,shipped,2024-06-26
74,478,183,10,656.46,6.64,6564.6,delivered,2023-09-02
75,236,114,3,139.28,0,417.84,pending,2022-11-25
76,1194,200,7,990.22,0,6931.54,cancelled,2024-04-15
77,1597,65,7,202.76,0,1419.32,cancelled,2022-03-22
78,257,29,14,717.02,0,10038.28,delivered,2025-04-16
79,747,69,10,409.64,0,4096.4,returned,2025-08-06
80,1134,168,5,701.25,0,3506.25,delivered,2024-08-07
81,1799,106,13,596.1,0,7749.3,returned,2025-02-22
82,1519,164,4,527.51,0,2110.04,delivered,2023-05-11
83,119,82,19,286.13,0,5436.47,returned,2025-03-26
84,1681,195,8,515.75,0,4126,pending,2023-03-13
85,1980,109,1,21.24,0,21.24,returned,2025-09-20
86,708,124,13,809.49,0,10523.37,shipped,2024-10-05
87,79,27,17,141.19,0.94,2400.23,delivered,2022-10-01
88,1531,130,8,420.65,16.33,3365.2,delivered,2022-12-01
89,48,142,17,446.08,3.31,7583.36,pending,2025-11-10
90,773,168,16,701.25,0,11220,pending,2024-11-03
91,1662,54,19,976.53,13.78,18554.07,shipped,2023-02-20
92,1927,145,19,593.41,17.75,11274.79,returned,2022-02-14
93,943,89,18,968.98,20.69,17441.64,shipped,2024-01-04
94,717,141,4,621.99,29.57,2487.96,pending,2025-12-14
95,1223,182,5,718.6,0,3593,delivered,2025-01-05
96,935,145,18,593.41,16.65,10681.38,returned,2022-12-07
97,281,120,12,239.25,0,2871,delivered,2025-05-01
98,245,3,1,536.43,0,536.43,returned,2023-11-01
99,147,144,19,247.92,0,4710.48,shipped,2025-10-21
100,75,193,5,271.72,0,1358.6,shipped,2022-11-05
101,1638,99,6,47.38,0,284.28,returned,2024-04-11
102,323,113,2,129.9,0,259.8,pending,2025-10-06
103,137,171,3,845.83,0,2537.49,delivered,2023-05-10
104,856,79,10,60.77,0,607.7,shipped,2025-04-24
105,1794,92,5,52.57,0,262.85,delivered,2025-04-28
106,1568,82,5,286.13,0,1430.65,pending,2025-12-16
107,1197,82,10,286.13,0,2861.3,shipped,2023-09-12
108,1737,165,12,583.18,0,6998.16,delivered,2024-12-24
109,1951,13,9,30.37,0,273.33,shipped,2023-10-10
110,207,172,19,95.98,0,1823.62,delivered,2022-01-15
111,49,56,17,561.69,0,9548.73,pending,2022-12-07
112,756,46,16,253.15,9.24,4050.4,delivered,2024-03-17
113,35,112,1,393.73,0,393.73,cancelled,2025-07-27
114,1586,189,10,492.26,0,4922.6,pending,2022-09-10
115,719,41,2,693.85,0,1387.7,pending,2023-04-28
116,988,85,18,378.98,0,6821.64,cancelled,2024-07-18
117,305,11,8,67.82,0,542.56,delivered,2022-12-12
118,417,150,13,533.49,23.05,6935.37,pending,2025-01-25
119,86,144,4,247.92,0,991.68,pending,2025-04-05
120,1804,158,9,150.99,0,1358.91,pending,2023-07-21
121,382,66,5,397.63,18.56,1988.15,shipped,2025-10-12
122,617,65,15,202.76,0,3041.4,returned,2023-11-16
123,425,32,8,244.09,0,1952.72,cancelled,2022-10-01
124,874,162,1,600.01,14.44,600.01,shipped,2023-01-21
125,1668,101,2,100.03,0,200.06,shipped,2024-02-23
126,52,123,19,58.49,0,1111.31,cancelled,2024-05-21
127,804,178,14,354.22,4.6,4959.08,delivered,2022-04-12
128,564,25,12,219.32,0,2631.84,returned,2023-08-17
129,290,142,3,446.08,0,1338.24,delivered,2024-01-08
130,717,37,1,235.47,0,235.47,returned,2025-06-12
131,1974,140,18,966.17,0,17391.06,returned,2023-11-26
132,272,28,18,829.59,9.1,14932.62,shipped,2022-03-17
133,773,102,7,573.77,24.91,4016.39,returned,2023-03-13
134,92,60,1,774.36,18.12,774.36,pending,2022-07-20
135,1821,195,7,515.75,0,3610.25,returned,2024-02-10
136,547,74,19,221.84,0,4214.96,cancelled,2025-12-08
137,1407,190,10,524.31,9.51,5243.1,pending,2022-03-16
138,1517,52,7,370.49,6,2593.43,returned,2023-03-22
139,1483,42,17,874.09,0,14859.53,delivered,2024-11-24
140,762,37,2,235.47,0,470.94,delivered,2025-04-19
141,891,22,5,119.41,0,597.05,delivered,2022-06-25
142,1220,48,6,184.21,15.05,1105.26,shipped,2024-10-10
143,1279,175,4,211.16,28.34,844.64,pending,2023-10-07
144,1765,104,3,386.74,0,1160.22,returned,2022-09-25
145,1075,132,18,173.13,6.29,3116.34,pending,2024-10-04
146,577,70,15,100.2,25.76,1503,shipped,2023-05-05
147,876,83,8,806.73,0,6453.84,delivered,2022-05-01
148,1287,36,10,406.43,0,4064.3,cancelled,2023-03-13
149,844,145,9,593.41,0,5340.69,delivered,2023-08-07
150,1203,157,10,83.71,0,837.1,returned,2025-10-13
151,1860,45,1,639.61,0.57,639.61,delivered,2024-10-21
152,772,50,17,724.2,0,12311.4,cancelled,2023-09-01
153,1004,25,4,219.32,0,877.28,returned,2022-01-16
154,1737,88,15,646.25,0,9693.75,shipped,2024-01-21
155,1941,121,6,963.7,29.82,5782.2,cancelled,2022-05-06
156,1932,51,17,328.87,0.48,5590.79,shipped,2024-12-04
157,1813,48,10,184.21,0,1842.1,returned,2022-09-05
158,1850,36,17,406.43,0,6909.31,delivered,2022-02-01
159,1969,109,9,21.24,0,191.16,shipped,2023-10-22
160,1575,7,12,669.43,0,8033.16,pending,2025-10-04
161,67,49,14,875.58,0,12258.12,returned,2025-06-26
162,1770,37,12,235.47,0,2825.64,shipped,2024-11-12
163,344,108,18,541.06,0,9739.08,pending,2024-08-21
164,514,97,19,305.05,0,5795.95,cancelled,2022-03-16
165,598,194,16,510.14,0,8162.24,cancelled,2023-05-23
166,1800,194,4,510.14,0,2040.56,cancelled,2022-03-22
167,378,134,1,53.33,28.82,53.33,pending,2023-02-16
168,977,77,4,97.67,0,390.68,shipped,2024-09-17
169,362,39,16,211.25,0,3380,shipped,2024-06-11
170,337,67,12,692.69,0,8312.28,shipped,2025-12-22
171,1887,116,3,208.96,0,626.88,delivered,2025-10-03
172,1491,104,19,386.74,0,7348.06,shipped,2022-08-17
173,1855,12,17,654.54,0,11127.18,cancelled,2024-12-09
174,728,179,7,450.55,0.48,3153.85,returned,2025-02-25
175,1412,73,4,238.38,0,953.52,delivered,2023-07-21
176,1604,121,18,963.7,0,17346.6,returned,2023-09-15
177,216,161,19,81.95,0,1557.05,delivered,2024-11-03
178,1458,157,13,83.71,0,1088.23,delivered,2024-03-20
179,1616,114,1,139.28,0.41,139.28,returned,2025-01-19
180,770,15,13,825.2,0,10727.6,shipped,2025-01-09
181,442,117,16,660.46,10.83,10567.36,delivered,2025-07-28
182,1277,14,6,550.62,27.44,3303.72,pending,2022-10-15
183,40,178,12,354.22,0,4250.64,shipped,2025-04-09
184,803,54,2,976.53,0,1953.06,cancelled,2024-08-24
185,591,127,4,623.12,0,2492.48,cancelled,2024-09-13
186,45,79,5,60.77,0,303.85,shipped,2022-05-07
187,1590,150,12,533.49,0,6401.88,returned,2024-02-06
188,1900,133,18,298.55,7.52,5373.9,pending,2023-04-17
189,1849,96,17,697.43,17.1,11856.31,returned,2024-09-15
190,749,31,10,158.16,20.2,1581.6,returned,2023-08-23
191,41,144,8,247.92,0,1983.36,cancelled,2023-02-18
192,1241,113,17,129.9,0,2208.3,shipped,2023-10-22
193,121,88,4,646.25,17.54,2585,cancelled,2022-12-17
194,936,57,17,141.75,15.27,2409.75,returned,2023-11-04
195,552,55,13,112.9,28.98,1467.7,pending,2025-01-03
196,212,174,1,231.71,0,231.71,pending,2022-06-25
197,50,73,8,238.38,0,1907.04,shipped,2025-10-10
198,1367,27,10,141.19,0,1411.9,returned,2022-01-01
199,1467,154,16,890.6,0.18,14249.6,returned,2024-09-20
200,1740,87,10,600.01,0,6000.1,shipped,2023-05-18
201,1752,20,12,481.5,0,5778,pending,2022-09-01
202,307,100,16,779.66,24.55,12474.56,returned,2022-03-27
203,66,157,16,83.71,26.45,1339.36,pending,2022-03-15
204,934,190,1,524.31,13.83,524.31,pending,2022-01-20
205,245,58,10,583.34,0,5833.4,returned,2022-06-22
206,384,176,9,850.78,0,7657.02,delivered,2024-09-04
207,141,26,5,362.01,0,1810.05,pending,2023-09-26
208,1105,68,11,447.71,0,4924.81,delivered,2023-03-28
209,1304,18,2,83.56,0,167.12,cancelled,2022-05-01
210,1132,47,10,645.14,0,6451.4,shipped,2022-06-28
211,1717,101,4,100.03,29.33,400.12,returned,2023-04-16
212,1938,3,17,536.43,14.46,9119.31,shipped,2025-10-27
213,94,43,16,64.03,0,1024.48,delivered,2022-11-16
214,305,189,15,492.26,0,7383.9,cancelled,2025-05-26
215,529,28,13,829.59,18.85,10784.67,returned,2024-10-16
216,893,167,14,277.82,0,3889.48,pending,2023-06-25
217,1555,123,6,58.49,0,350.94,pending,2023-06-24
218,1587,136,9,28.67,0,258.03,shipped,2025-11-20
219,1133,12,19,654.54,0,12436.26,shipped,2022-07-25
220,424,126,1,118.97,0,118.97,shipped,2024-09-10
221,1378,68,7,447.71,0,3133.97,shipped,2022-07-27
222,248,141,4,621.99,0,2487.96,cancelled,2024-11-18
223,1022,30,16,125.04,0,2000.64,pending,2024-02-01
224,1806,24,10,58.24,0,582.4,cancelled,2024-08-23
225,1434,64,12,663.35,11.3,7960.2,delivered,2025-09-22
226,1936,121,14,963.7,0,13491.8,delivered,2022-12-11
227,1839,80,10,59.51,6.59,595.1,delivered,2025-04-06
228,471,68,6,447.71,0,2686.26,shipped,2024-08-10
229,159,162,12,600.01,2.38,7200.12,delivered,2023-04-25
230,846,174,17,231.71,0,3939.07,delivered,2025-11-14
231,30,79,4,60.77,0,243.08,cancelled,2023-01-12
232,1969,110,6,77.9,27.95,467.4,pending,2022-11-28
233,381,5,18,604.81,0,10886.58,delivered,2025-12-16
234,1656,123,13,58.49,0,760.37,shipped,2022-05-04
235,145,69,10,409.64,4.3,4096.4,delivered,2022-01-19
236,256,182,13,718.6,0,9341.8,delivered,2024-07-17
237,1335,4,17,943.2,0,16034.4,shipped,2023-03-04
238,43,67,8,692.69,0,5541.52,cancelled,2025-07-14
239,1939,176,6,850.78,0,5104.68,shipped,2024-06-19
240,919,46,8,253.15,0,2025.2,pending,2023-12-01
241,1926,166,11,616.72,0,6783.92,shipped,2025-03-08
242,574,89,17,968.98,0,16472.66,pending,2025-11-13
243,739,24,8,58.24,0,465.92,cancelled,2025-06-22
244,1878,118,10,380.05,18.43,3800.5,cancelled,2023-04-07
245,1200,100,9,779.66,0,7016.94,delivered,2025-08-25
246,1792,196,17,542.59,6.8,9224.03,shipped,2024-04-02
247,339,138,15,557.12,0,8356.8,returned,2025-05-02
248,1888,75,18,95.54,0,1719.72,shipped,2023-05-14
249,1426,59,17,631.88,0,10741.96,cancelled,2023-07-08
250,2000,172,16,95.98,0,1535.68,pending,2023-12-01
251,1334,131,11,652.89,0,7181.79,cancelled,2023-01-05
252,1251,121,3,963.7,18.98,2891.1,delivered,2024-05-03
253,1736,29,17,717.02,0,12189.34,shipped,2022-04-27
254,911,196,12,542.59,0,6511.08,pending,2025-08-09
255,295,120,11,239.25,0,2631.75,pending,2024-02-09
256,1015,13,17,30.37,0,516.29,cancelled,2023-08-07
257,449,5,17,604.81,0,10281.77,delivered,2024-01-21
258,224,110,15,77.9,0,1168.5,pending,2025-11-13
259,735,20,16,481.5,0,7704,returned,2024-09-03
260,1718,4,7,943.2,5.75,6602.4,pending,2023-06-20
261,1704,23,2,713.25,0,1426.5,returned,2023-02-05
262,1871,85,5,378.98,0,1894.9,cancelled,2023-10-21
263,1199,61,2,968.17,0,1936.34,shipped,2025-10-25
264,935,110,16,77.9,0,1246.4,pending,2024-10-24
265,1221,187,3,626.35,0,1879.05,returned,2025-05-09
266,7,132,5,173.13,23.05,865.65,delivered,2023-08-06
267,912,41,14,693.85,0,9713.9,delivered,2022-11-05
268,1610,13,19,30.37,0,577.03,returned,2022-07-14
269,1576,81,11,637.31,0,7010.41,cancelled,2023-04-15
270,1535,90,12,592.32,0,7107.84,delivered,2024-10-21
271,1378,163,8,241.1,0,1928.8,pending,2025-02-07
272,1198,40,2,892.78,0,1785.56,returned,2025-04-05
273,348,50,4,724.2,0,2896.8,cancelled,2025-09-17
274,709,134,3,53.33,0,159.99,delivered,2025-09-09
275,1965,101,16,100.03,0,1600.48,cancelled,2025-06-16
276,1399,199,7,565.45,0,3958.15,pending,2022-11-17
277,244,198,17,380.95,0,6476.15,returned,2022-03-16
278,739,190,14,524.31,0,7340.34,delivered,2022-08-13
279,938,185,2,326.55,0,653.1,returned,2022-06-06
280,454,194,14,510.14,0,7141.96,delivered,2023-04-25
281,1436,91,11,916.22,18.04,10078.42,shipped,2023-06-15
282,300,132,5,173.13,12.76,865.65,returned,2024-08-22
283,1740,58,3,583.34,12.58,1750.02,returned,2022-04-26
284,1620,154,12,890.6,0,10687.2,cancelled,2023-09-18
285,385,69,8,409.64,0,3277.12,pending,2024-10-22
286,373,191,8,778.27,0,6226.16,cancelled,2024-05-27
287,1721,26,6,362.01,0,2172.06,pending,2025-06-14
288,1324,142,17,446.08,0,7583.36,pending,2023-12-24
289,913,92,4,52.57,16.28,210.28,returned,2023-07-21
290,1162,100,1,779.66,0,779.66,cancelled,2023-03-17
291,177,78,4,335.71,0,1342.84,cancelled,2022-04-26
292,1477,30,19,125.04,0,2375.76,pending,2022-08-11
293,1366,53,4,655.86,0,2623.44,delivered,2022-09-07
294,1354,52,8,370.49,0,2963.92,shipped,2022-04-12
295,999,169,7,786,0,5502,returned,2023-07-03
296,1478,64,14,663.35,0,9286.9,shipped,2025-04-25
297,970,20,19,481.5,0,9148.5,returned,2025-04-26
298,272,61,3,968.17,0,2904.51,delivered,2022-10-12
299,1375,77,10,97.67,0,976.7,cancelled,2025-08-22
300,746,128,10,216.83,0,2168.3,delivered,2022-07-06
301,568,32,9,244.09,0,2196.81,shipped,2022-07-02
302,335,196,8,542.59,19.54,4340.72,delivered,2025-10-03
303,794,166,5,616.72,0,3083.6,shipped,2024-07-25
304,892,136,1,28.67,0,28.67,pending,2024-10-01
305,290,72,17,633.89,0,10776.13,delivered,2022-07-11
306,450,133,16,298.55,0,4776.8,pending,2022-10-05
307,810,98,11,66.06,22.18,726.66,returned,2022-06-07
308,1801,108,10,541.06,0,5410.6,returned,2023-02-06
309,20,81,14,637.31,0,8922.34,shipped,2024-06-25
310,1644,23,8,713.25,17.69,5706,cancelled,2023-04-03
311,412,50,6,724.2,19.79,4345.2,shipped,2024-05-12
312,35,172,1,95.98,0,95.98,delivered,2025-04-12
313,1607,83,7,806.73,0.09,5647.11,returned,2022-07-05
314,1791,53,14,655.86,0,9182.04,cancelled,2022-07-21
315,1462,171,7,845.83,0,5920.81,cancelled,2022-03-12
316,794,12,14,654.54,0,9163.56,pending,2024-09-27
317,799,9,7,332.46,0,2327.22,delivered,2023-01-05
318,1296,102,3,573.77,0,1721.31,cancelled,2022-08-22
319,1359,112,5,393.73,0,1968.65,returned,2023-03-28
320,1217,70,12,100.2,22.64,1202.4,cancelled,2024-08-24
321,252,50,19,724.2,0,13759.8,delivered,2023-06-03
322,1315,47,8,645.14,0,5161.12,shipped,2022-01-28
323,596,122,8,816.6,0,6532.8,delivered,2024-03-26
324,1578,101,15,100.03,0,1500.45,returned,2022-10-21
325,1901,79,13,60.77,0,790.01,shipped,2024-06-27
326,553,125,17,142.11,0,2415.87,pending,2022-01-07
327,1766,73,19,238.38,0,4529.22,shipped,2022-01-26
328,91,62,16,166.62,0,2665.92,delivered,2022-02-08
329,869,162,18,600.01,0,10800.18,returned,2025-03-10
330,11,6,2,183.59,0,367.18,delivered,2022-06-07
331,363,166,18,616.72,0,11100.96,returned,2024-11-19
332,1269,88,13,646.25,0,8401.25,returned,2022-12-18
333,1120,173,8,580.62,0,4644.96,pending,2024-09-15
334,920,67,2,692.69,0,1385.38,shipped,2022-02-09
335,823,22,16,119.41,0,1910.56,cancelled,2024-08-16
336,639,74,18,221.84,27.71,3993.12,pending,2025-09-14
337,1688,151,16,770.69,0,12331.04,shipped,2023-01-11
338,2,154,12,890.6,10.46,10687.2,delivered,2023-06-28
339,524,119,12,371.17,0,4454.04,shipped,2024-04-01
340,1225,78,17,335.71,0,5707.07,returned,2025-05-12
341,1026,194,15,510.14,0,7652.1,shipped,2024-11-24
342,469,193,18,271.72,0,4890.96,delivered,2024-06-01
343,143,111,18,281.59,0,5068.62,cancelled,2025-03-10
344,393,82,18,286.13,11.31,5150.34,pending,2024-07-27
345,1165,69,4,409.64,0.21,1638.56,shipped,2023-11-06
346,579,194,4,510.14,0,2040.56,cancelled,2022-12-09
347,1485,4,4,943.2,0,3772.8,cancelled,2024-02-09
348,1259,112,13,393.73,0,5118.49,pending,2025-01-23
349,221,64,13,663.35,0,8623.55,cancelled,2024-12-04
350,768,34,13,827.62,23.23,10759.06,cancelled,2025-04-01
351,1470,134,10,53.33,0,533.3,delivered,2025-10-28
352,1242,100,12,779.66,0,9355.92,delivered,2024-06-05
353,550,76,19,948.25,26.91,18016.75,returned,2022-06-02
354,1375,199,11,565.45,0,6219.95,pending,2024-01-10
355,6,167,2,277.82,22.61,555.64,pending,2023-03-02
356,846,93,6,750.35,0,4502.1,returned,2022-05-27
357,827,36,19,406.43,0,7722.17,cancelled,2023-04-16
358,788,79,9,60.77,24.82,546.93,shipped,2025-02-15
359,671,175,9,211.16,0,1900.44,pending,2022-10-06
360,461,135,10,674.59,0,6745.9,pending,2023-05-15
361,485,48,18,184.21,0,3315.78,returned,2024-12-09
362,1359,173,1,580.62,6.39,580.62,cancelled,2024-10-25
363,1565,141,16,621.99,0,9951.84,returned,2022-07-28
364,385,147,6,214.28,9.43,1285.68,shipped,2025-07-14
365,230,65,10,202.76,0,2027.6,delivered,2023-08-02
366,1046,152,17,911.9,25.61,15502.3,shipped,2024-04-06
367,1030,31,8,158.16,0,1265.28,cancelled,2023-07-24
368,1263,114,11,139.28,0,1532.08,pending,2023-08-22
369,1542,149,6,515.34,0,3092.04,cancelled,2022-10-07
370,1444,166,18,616.72,23.26,11100.96,returned,2023-12-03
371,474,132,15,173.13,5.45,2596.95,delivered,2023-03-27
372,1253,155,3,431.01,0.58,1293.03,cancelled,2025-08-07
373,839,58,18,583.34,25.56,10500.12,delivered,2024-12-20
374,932,135,4,674.59,0,2698.36,returned,2023-03-13
375,187,52,1,370.49,0,370.49,shipped,2024-08-16
376,155,138,2,557.12,14.04,1114.24,returned,2024-05-25
377,861,28,2,829.59,18.77,1659.18,shipped,2024-03-23
378,1389,186,3,627.64,7.43,1882.92,delivered,2023-02-10
379,281,46,6,253.15,0,1518.9,shipped,2022-11-15
380,1072,83,13,806.73,0,10487.49,returned,2025-01-20
381,102,108,8,541.06,0,4328.48,returned,2022-01-19
382,575,23,1,713.25,0,713.25,returned,2023-10-24
383,1595,140,3,966.17,0,2898.51,delivered,2024-06-10
384,1104,9,7,332.46,0,2327.22,delivered,2024-10-07
385,486,191,6,778.27,14.95,4669.62,shipped,2022-02-04
386,1236,70,4,100.2,0,400.8,delivered,2022-03-09
387,1880,2,12,667,29.27,8004,pending,2023-03-03
388,591,33,16,253.97,0,4063.52,cancelled,2022-03-25
389,1257,134,13,53.33,0,693.29,delivered,2024-07-01
390,1152,71,18,903.42,0,16261.56,cancelled,2025-10-14
391,1140,162,16,600.01,0,9600.16,returned,2023-04-27
392,1552,48,18,184.21,9.84,3315.78,delivered,2025-05-17
393,1091,32,1,244.09,0,244.09,shipped,2023-02-14
394,1962,8,13,581.03,7.84,7553.39,delivered,2022-12-10
395,1475,143,5,59.58,0,297.9,shipped,2025-09-06
396,789,3,7,536.43,0,3755.01,pending,2024-07-01
397,440,193,8,271.72,29.28,2173.76,cancelled,2025-11-05
398,1549,52,8,370.49,3.2,2963.92,delivered,2022-06-12
399,1662,200,19,990.22,0.02,18814.18,shipped,2023-07-01
400,703,137,17,358.4,3.3,6092.8,shipped,2025-03-21
401,243,58,11,583.34,0,6416.74,pending,2025-07-14
402,1620,124,3,809.49,0,2428.47,shipped,2025-06-17
403,1809,29,19,717.02,0,13623.38,delivered,2023-12-06
404,1920,114,15,139.28,0,2089.2,pending,2023-11-22
405,187,31,19,158.16,0,3005.04,pending,2024-11-05
406,1318,117,6,660.46,14.83,3962.76,shipped,2025-11-07
407,695,114,19,139.28,28.74,2646.32,delivered,2023-07-06
408,389,43,7,64.03,0,448.21,pending,2023-02-12
409,1891,10,18,859.56,0,15472.08,returned,2022-07-03
410,1944,85,8,378.98,2.27,3031.84,delivered,2022-11-07
411,521,194,17,510.14,0,8672.38,delivered,2023-12-24
412,468,118,10,380.05,20.03,3800.5,returned,2024-02-25
413,869,124,4,809.49,14.99,3237.96,returned,2022-08-07
414,538,129,10,730.46,0,7304.6,delivered,2024-06-14
415,1974,90,3,592.32,28.73,1776.96,shipped,2024-09-03
416,436,51,18,328.87,0,5919.66,cancelled,2023-12-09
417,1744,187,1,626.35,0,626.35,cancelled,2024-10-19
418,452,41,11,693.85,26.76,7632.35,shipped,2025-12-06
419,7,82,10,286.13,0,2861.3,shipped,2025-09-13
420,685,85,11,378.98,3.67,4168.78,shipped,2024-01-24
421,976,105,11,317.66,0,3494.26,pending,2024-10-24
422,6,161,1,81.95,0,81.95,returned,2024-10-19
423,386,162,11,600.01,0,6600.11,returned,2023-11-11
424,1236,35,6,645.79,0,3874.74,delivered,2023-09-06
425,151,80,15,59.51,0,892.65,cancelled,2025-10-23
426,12,25,18,219.32,5.88,3947.76,delivered,2024-06-03
427,1933,161,8,81.95,0,655.6,pending,2022-12-27
428,541,148,18,72.74,0,1309.32,cancelled,2022-09-24
429,638,65,11,202.76,0,2230.36,cancelled,2024-04-22
430,1613,118,5,380.05,0,1900.25,cancelled,2022-08-24
431,651,14,11,550.62,0,6056.82,cancelled,2022-05-07
432,1527,75,3,95.54,8.55,286.62,pending,2023-06-13
433,796,67,19,692.69,0,13161.11,delivered,2024-08-16
434,233,138,9,557.12,0,5014.08,shipped,2025-02-19
435,462,82,10,286.13,0,2861.3,delivered,2024-03-27
436,1445,175,13,211.16,0,2745.08,pending,2023-02-28
437,1149,40,8,892.78,0,7142.24,returned,2025-08-23
438,1739,94,13,8.03,19.85,104.39,delivered,2022-11-06
439,868,70,7,100.2,0,701.4,delivered,2025-03-20
440,1310,36,3,406.43,0,1219.29,shipped,2023-01-12
441,534,64,11,663.35,0,7296.85,pending,2024-05-22
442,1899,148,16,72.74,0,1163.84,pending,2025-01-16
443,1700,187,13,626.35,0,8142.55,shipped,2025-08-06
444,826,76,5,948.25,18.98,4741.25,pending,2024-12-16
445,1266,5,9,604.81,0,5443.29,delivered,2022-05-20
446,249,174,13,231.71,0,3012.23,delivered,2024-07-09
447,591,10,16,859.56,0,13752.96,delivered,2025-09-18
448,416,85,4,378.98,0,1515.92,returned,2022-08-06
449,1111,73,11,238.38,0,2622.18,shipped,2023-06-15
450,247,3,2,536.43,0,1072.86,delivered,2025-12-06
451,932,121,4,963.7,12.22,3854.8,returned,2023-08-19
452,1821,188,15,176.18,0,2642.7,pending,2025-01-10
453,414,68,14,447.71,0,6267.94,shipped,2022-01-18
454,1387,102,10,573.77,0.69,5737.7,shipped,2023-08-25
455,1723,50,12,724.2,0,8690.4,pending,2025-11-15
456,1574,30,15,125.04,23.22,1875.6,pending,2024-08-24
457,1749,59,14,631.88,3.64,8846.32,delivered,2023-08-14
458,1714,152,4,911.9,23.91,3647.6,pending,2022-08-09
459,509,106,13,596.1,0,7749.3,shipped,2022-01-21
460,46,10,15,859.56,15.83,12893.4,returned,2024-09-07
461,1919,98,4,66.06,0,264.24,cancelled,2025-03-13
462,1673,175,18,211.16,0,3800.88,delivered,2023-03-01
463,620,200,3,990.22,0,2970.66,shipped,2025-07-11
464,750,114,7,139.28,0,974.96,cancelled,2025-02-03
465,525,153,9,22.28,0,200.52,pending,2025-05-12
466,1615,40,6,892.78,5.58,5356.68,shipped,2024-09-25
467,509,192,12,576.21,0,6914.52,pending,2024-05-06
468,465,154,8,890.6,0,7124.8,shipped,2023-08-05
469,342,125,17,142.11,4.06,2415.87,delivered,2022-05-08
470,815,58,1,583.34,28.02,583.34,returned,2023-02-08
471,605,134,8,53.33,23.28,426.64,pending,2023-07-11
472,1752,167,14,277.82,0,3889.48,shipped,2023-07-26
473,1765,3,6,536.43,3.56,3218.58,shipped,2022-02-19
474,685,136,2,28.67,0,57.34,returned,2024-11-12
475,1707,83,4,806.73,21.73,3226.92,returned,2024-03-06
476,1680,65,1,202.76,26.21,202.76,delivered,2023-09-21
477,359,168,10,701.25,4.7,7012.5,cancelled,2025-05-22
478,1259,170,5,944.19,0,4720.95,returned,2023-11-13
479,252,54,13,976.53,0,12694.89,shipped,2024-09-12
480,509,168,1,701.25,0,701.25,delivered,2024-04-01
481,148,97,1,305.05,0,305.05,delivered,2022-11-15
482,1354,196,10,542.59,0,5425.9,returned,2023-11-18
483,1832,193,2,271.72,1.74,543.44,pending,2025-09-03
484,1357,139,4,43.53,4.99,174.12,returned,2022-05-08
485,817,116,6,208.96,18.91,1253.76,delivered,2022-04-11
486,1467,60,8,774.36,27.05,6194.88,returned,2022-05-20
487,104,140,16,966.17,0,15458.72,pending,2022-03-10
488,1236,2,4,667,0,2668,returned,2023-09-06
489,680,75,16,95.54,0,1528.64,pending,2025-02-01
490,1416,49,14,875.58,0,12258.12,cancelled,2023-09-16
491,176,114,16,139.28,19.16,2228.48,shipped,2022-02-14
492,690,165,12,583.18,0,6998.16,cancelled,2025-08-27
493,1393,5,17,604.81,23.58,10281.77,shipped,2024-01-25
494,1012,52,2,370.49,0,740.98,delivered,2022-01-22
495,1795,72,16,633.89,0,10142.24,returned,2024-10-25
496,977,196,2,542.59,0,1085.18,pending,2024-11-17
497,1446,200,14,990.22,0,13863.08,cancelled,2024-04-19
498,1787,31,8,158.16,0,1265.28,cancelled,2022-03-19
499,1215,188,1,176.18,0,176.18,cancelled,2024-02-21
500,1331,19,14,437.6,15.01,6126.4,pending,2025-08-02
501,623,147,9,214.28,0,1928.52,shipped,2022-07-23
502,783,188,14,176.18,0,2466.52,pending,2022-11-17
503,1960,69,10,409.64,0,4096.4,pending,2025-10-24
504,945,14,5,550.62,0,2753.1,delivered,2022-09-05
505,1052,76,4,948.25,19.44,3793,shipped,2023-05-18
506,435,33,12,253.97,19.14,3047.64,returned,2022-08-21
507,713,128,16,216.83,0,3469.28,shipped,2025-06-08
508,120,11,13,67.82,0,881.66,pending,2025-11-27
509,64,39,17,211.25,0,3591.25,returned,2024-08-01
510,59,50,8,724.2,0,5793.6,returned,2022-09-24
511,1434,127,12,623.12,0,7477.44,delivered,2025-04-20
512,1540,12,8,654.54,0,5236.32,shipped,2023-11-05
513,1170,102,16,573.77,0,9180.32,pending,2022-04-13
514,1207,90,16,592.32,16.01,9477.12,returned,2024-02-20
515,1694,110,4,77.9,0,311.6,delivered,2023-11-10
516,778,159,19,174.14,0,3308.66,cancelled,2025-10-20
517,1734,61,5,968.17,0,4840.85,cancelled,2022-07-15
518,870,43,12,64.03,0,768.36,delivered,2023-12-16
519,1099,195,14,515.75,0,7220.5,returned,2025-12-13
520,1253,46,4,253.15,0,1012.6,pending,2022-02-28
521,649,191,9,778.27,0,7004.43,pending,2024-09-10
522,967,65,10,202.76,0,2027.6,pending,2024-06-16
523,1941,184,8,385.1,27.32,3080.8,shipped,2023-09-15
524,1529,99,15,47.38,25.52,710.7,shipped,2023-05-09
525,881,116,18,208.96,0,3761.28,cancelled,2024-02-03
526,278,71,2,903.42,0,1806.84,cancelled,2023-04-14
527,1726,157,17,83.71,6.9,1423.07,returned,2024-06-16
528,1148,170,8,944.19,0,7553.52,cancelled,2022-07-05
529,1327,177,5,350.23,0,1751.15,delivered,2022-03-15
530,1392,53,6,655.86,0,3935.16,delivered,2023-02-28
531,876,44,16,690.47,0,11047.52,delivered,2025-06-08
532,268,174,6,231.71,0,1390.26,returned,2022-08-08
533,628,56,8,561.69,0,4493.52,shipped,2025-04-12
534,1956,14,1,550.62,0,550.62,cancelled,2024-08-02
535,1200,121,10,963.7,7.28,9637,shipped,2023-03-02
536,932,191,10,778.27,0,7782.7,returned,2024-10-04
537,494,104,13,386.74,4.24,5027.62,shipped,2024-08-25
538,309,123,5,58.49,0,292.45,returned,2023-08-03
539,702,78,17,335.71,0,5707.07,returned,2024-08-08
540,1162,10,1,859.56,13.3,859.56,shipped,2022-06-15
541,974,35,17,645.79,0,10978.43,shipped,2025-01-28
542,227,103,4,661.57,8.38,2646.28,cancelled,2023-02-12
543,1127,180,2,774.95,0,1549.9,cancelled,2024-08-08
544,1793,122,14,816.6,0,11432.4,shipped,2023-05-20
545,345,165,9,583.18,0,5248.62,cancelled,2024-07-19
546,540,155,9,431.01,0,3879.09,cancelled,2025-04-18
547,1745,182,9,718.6,0,6467.4,shipped,2025-12-09
548,588,152,12,911.9,0,10942.8,returned,2023-04-16
549,1899,90,8,592.32,0,4738.56,delivered,2023-08-11
550,1005,73,12,238.38,0,2860.56,delivered,2025-02-05
551,1509,69,10,409.64,0,4096.4,cancelled,2022-07-20
552,1536,199,1,565.45,0,565.45,pending,2024-04-14
553,1290,158,18,150.99,0,2717.82,delivered,2024-12-01
554,1334,130,14,420.65,0,5889.1,delivered,2022-08-06
555,1144,109,17,21.24,4.12,361.08,shipped,2025-02-25
556,504,92,2,52.57,0,105.14,delivered,2025-01-16
557,614,12,13,654.54,0,8509.02,cancelled,2025-12-06
558,78,25,10,219.32,0,2193.2,pending,2022-01-04
559,1405,29,8,717.02,0.83,5736.16,cancelled,2022-07-06
560,763,143,2,59.58,0,119.16,cancelled,2025-11-15
561,34,16,17,846.4,23.81,14388.8,delivered,2023-12-23
562,983,6,1,183.59,0,183.59,shipped,2023-02-27
563,374,33,7,253.97,0,1777.79,delivered,2022-01-17
564,1299,101,2,100.03,0,200.06,returned,2023-09-04
565,1789,185,11,326.55,0,3592.05,delivered,2025-10-21
566,1967,9,2,332.46,0,664.92,returned,2024-01-02
567,1447,188,5,176.18,0,880.9,pending,2024-03-23
568,413,175,18,211.16,8.56,3800.88,cancelled,2025-06-14
569,698,114,7,139.28,0,974.96,shipped,2024-01-14
570,11,195,5,515.75,0,2578.75,pending,2025-02-28
571,700,186,5,627.64,0,3138.2,returned,2025-01-05
572,729,120,8,239.25,12.68,1914,pending,2023-05-14
573,1119,103,12,661.57,0,7938.84,returned,2025-10-23
574,1702,159,13,174.14,6.69,2263.82,pending,2025-07-02
575,1977,177,19,350.23,0,6654.37,pending,2022-07-16
576,1832,75,12,95.54,0,1146.48,shipped,2024-11-17
577,1921,188,1,176.18,0,176.18,pending,2022-06-26
578,1581,135,6,674.59,0,4047.54,pending,2023-03-09
579,102,148,9,72.74,2.77,654.66,delivered,2024-08-28
580,1926,139,10,43.53,0,435.3,pending,2023-06-13
581,1175,142,6,446.08,18.13,2676.48,delivered,2022-01-04
582,412,29,7,717.02,0.56,5019.14,delivered,2025-08-27
583,881,77,19,97.67,28.55,1855.73,returned,2023-02-16
584,1854,46,1,253.15,0,253.15,shipped,2022-02-28
585,247,12,5,654.54,15.63,3272.7,returned,2025-09-22
586,937,124,12,809.49,18.72,9713.88,shipped,2024-07-08
587,245,199,15,565.45,0,8481.75,cancelled,2024-06-02
588,1440,51,2,328.87,15.12,657.74,delivered,2025-05-24
589,195,153,16,22.28,0,356.48,delivered,2024-01-03
590,1632,155,8,431.01,5.96,3448.08,delivered,2024-05-10
591,1610,135,10,674.59,0,6745.9,delivered,2022-05-06
592,1628,123,11,58.49,0,643.39,returned,2025-09-12
593,116,62,3,166.62,0,499.86,shipped,2023-04-19
594,763,146,2,629.33,0,1258.66,returned,2024-11-07
595,1506,199,2,565.45,0,1130.9,shipped,2023-11-08
596,734,59,18,631.88,0,11373.84,returned,2024-06-03
597,1983,175,14,211.16,20.4,2956.24,returned,2025-10-13
598,889,49,11,875.58,0,9631.38,cancelled,2022-06-08
599,1163,94,3,8.03,0,24.09,cancelled,2023-06-08
600,1309,75,15,95.54,0,1433.1,pending,2023-03-14
601,434,23,14,713.25,0,9985.5,cancelled,2024-07-12
602,549,59,7,631.88,0,4423.16,shipped,2022-03-05
603,1765,137,2,358.4,0,716.8,delivered,2023-10-24
604,1327,66,11,397.63,0,4373.93,delivered,2022-04-10
605,523,57,12,141.75,0,1701,shipped,2024-10-04
606,681,179,10,450.55,27.55,4505.5,returned,2022-04-23
607,109,193,8,271.72,12.89,2173.76,cancelled,2022-01-28
608,1596,112,17,393.73,22.18,6693.41,pending,2023-02-06
609,1459,28,4,829.59,19.38,3318.36,cancelled,2023-06-06
610,790,77,8,97.67,4.27,781.36,delivered,2023-11-24
611,1400,182,15,718.6,0,10779,pending,2023-10-28
612,1026,21,19,554.6,0,10537.4,returned,2022-12-21
613,1449,79,3,60.77,17.03,182.31,cancelled,2022-12-18
614,1671,10,9,859.56,0,7736.04,returned,2024-06-20
615,118,195,3,515.75,0,1547.25,pending,2023-03-23
616,1811,184,16,385.1,12.16,6161.6,cancelled,2023-05-24
617,1993,114,9,139.28,0,1253.52,pending,2024-11-04
618,1449,131,13,652.89,0,8487.57,delivered,2023-01-12
619,63,77,11,97.67,17.04,1074.37,pending,2025-07-07
620,452,185,3,326.55,0.72,979.65,cancelled,2025-07-11
621,793,137,1,358.4,24.55,358.4,shipped,2025-06-26
622,122,175,16,211.16,9.89,3378.56,delivered,2024-09-01
623,34,9,13,332.46,0,4321.98,cancelled,2024-09-10
624,663,5,1,604.81,18.36,604.81,returned,2022-01-23
625,1893,173,1,580.62,0,580.62,cancelled,2023-11-26
626,1282,108,6,541.06,13.67,3246.36,delivered,2024-09-20
627,332,157,14,83.71,12.24,1171.94,shipped,2024-09-25
628,552,63,8,560.31,0,4482.48,returned,2023-06-01
629,422,159,1,174.14,24.8,174.14,returned,2025-04-09
630,306,162,6,600.01,9.06,3600.06,shipped,2024-01-17
631,646,195,10,515.75,0,5157.5,delivered,2025-10-17
632,1105,192,18,576.21,0,10371.78,returned,2024-05-17
633,1411,135,1,674.59,27.01,674.59,pending,2022-06-13
634,806,58,8,583.34,23.64,4666.72,delivered,2022-11-17
635,797,88,3,646.25,20.24,1938.75,shipped,2022-06-17
636,885,160,14,574.94,13.13,8049.16,cancelled,2025-02-14
637,20,112,16,393.73,0,6299.68,cancelled,2023-07-21
638,1773,102,7,573.77,0,4016.39,returned,2025-07-22
639,1118,127,9,623.12,0,5608.08,shipped,2024-01-24
640,771,41,19,693.85,0,13183.15,pending,2024-06-15
641,1194,112,11,393.73,25.55,4331.03,returned,2022-06-02
642,1813,164,10,527.51,0,5275.1,shipped,2022-06-19
643,1775,176,14,850.78,0,11910.92,pending,2024-09-01
644,329,119,1,371.17,0,371.17,cancelled,2025-07-18
645,1256,20,1,481.5,8.95,481.5,cancelled,2024-06-08
646,450,9,3,332.46,0,997.38,shipped,2022-11-03
647,252,38,15,458.13,16.82,6871.95,cancelled,2024-11-11
648,824,144,16,247.92,0,3966.72,returned,2025-06-08
649,1753,157,2,83.71,0,167.42,returned,2022-01-17
650,944,162,7,600.01,0,4200.07,delivered,2025-04-14
651,1306,41,16,693.85,0,11101.6,cancelled,2022-10-10
652,661,184,6,385.1,0,2310.6,returned,2025-01-28
653,1435,29,19,717.02,0,13623.38,delivered,2024-01-24
654,1496,183,12,656.46,0,7877.52,delivered,2025-01-23
655,1181,160,16,574.94,0,9199.04,cancelled,2023-11-04
656,1520,49,13,875.58,0,11382.54,shipped,2024-11-12
657,478,106,14,596.1,0,8345.4,delivered,2024-08-19
658,807,151,10,770.69,0,7706.9,shipped,2025-12-01
659,1215,3,1,536.43,21.88,536.43,pending,2022-04-15
660,604,168,9,701.25,0,6311.25,returned,2025-03-21
661,884,162,8,600.01,0,4800.08,delivered,2022-10-19
662,646,6,1,183.59,0,183.59,returned,2022-10-25
663,1594,167,17,277.82,2.08,4722.94,cancelled,2024-02-17
664,788,56,18,561.69,0,10110.42,shipped,2023-12-03
665,1665,101,16,100.03,28.8,1600.48,cancelled,2025-11-27
666,50,80,18,59.51,0,1071.18,returned,2022-05-16
667,778,133,17,298.55,0,5075.35,cancelled,2024-06-28
668,935,97,1,305.05,0,305.05,cancelled,2023-03-07
669,500,178,10,354.22,0,3542.2,returned,2025-04-05
670,327,152,4,911.9,15.31,3647.6,shipped,2024-03-12
671,676,2,11,667,0,7337,pending,2022-11-01
672,1074,43,18,64.03,0,1152.54,cancelled,2025-10-03
673,468,172,2,95.98,0,191.96,delivered,2023-03-21
674,1374,120,16,239.25,18.76,3828,cancelled,2024-03-20
675,2000,35,13,645.79,0,8395.27,cancelled,2022-12-23
676,130,69,1,409.64,14.07,409.64,pending,2025-02-26
677,134,32,3,244.09,0,732.27,delivered,2025-11-11
678,1819,197,17,822.64,8.05,13984.88,shipped,2022-08-25
679,880,108,16,541.06,0,8656.96,pending,2025-01-06
680,344,142,14,446.08,0,6245.12,delivered,2023-02-26
681,307,21,8,554.6,27.29,4436.8,delivered,2025-06-17
682,1567,75,7,95.54,27.38,668.78,shipped,2025-08-04
683,148,36,11,406.43,9.44,4470.73,delivered,2022-12-21
684,468,89,8,968.98,0,7751.84,returned,2024-11-13
685,259,84,1,903.84,0,903.84,pending,2024-08-23
686,517,140,8,966.17,0,7729.36,returned,2025-06-16
687,42,199,4,565.45,0,2261.8,delivered,2025-04-26
688,503,88,11,646.25,0,7108.75,shipped,2024-06-19
689,891,185,6,326.55,8.31,1959.3,delivered,2022-10-01
690,1495,91,12,916.22,22.8,10994.64,cancelled,2024-06-14
691,1093,164,8,527.51,2.29,4220.08,delivered,2022-08-19
692,1706,164,19,527.51,0,10022.69,delivered,2023-04-08
693,899,79,9,60.77,0,546.93,pending,2024-01-14
694,865,69,18,409.64,0,7373.52,delivered,2025-11-14
695,730,112,18,393.73,0,7087.14,shipped,2023-08-08
696,114,2,4,667,0,2668,pending,2022-03-08
697,276,186,5,627.64,0,3138.2,returned,2022-03-19
698,913,117,6,660.46,0,3962.76,shipped,2025-09-14
699,653,117,12,660.46,0,7925.52,cancelled,2025-01-26
700,1564,112,1,393.73,24.49,393.73,pending,2023-11-07
701,1174,199,8,565.45,0,4523.6,delivered,2023-12-02
702,1061,34,16,827.62,12.21,13241.92,returned,2022-08-13
703,608,157,16,83.71,0,1339.36,cancelled,2025-09-14
704,1768,48,15,184.21,0,2763.15,pending,2022-01-15
705,552,198,14,380.95,0,5333.3,pending,2024-07-24
706,1854,64,2,663.35,0,1326.7,returned,2024-05-19
707,1507,199,15,565.45,0,8481.75,delivered,2024-09-10
708,1704,148,16,72.74,25.58,1163.84,pending,2024-01-13
709,66,55,13,112.9,0,1467.7,delivered,2022-06-10
710,722,146,18,629.33,0,11327.94,pending,2025-06-03
711,1643,99,12,47.38,0,568.56,returned,2024-08-03
712,487,162,1,600.01,1.66,600.01,returned,2025-12-18
713,45,100,2,779.66,0,1559.32,pending,2022-04-09
714,376,43,15,64.03,9.52,960.45,cancelled,2025-09-07
715,209,91,17,916.22,0,15575.74,pending,2024-06-26
716,1878,25,5,219.32,3.47,1096.6,returned,2024-07-23
717,1161,128,16,216.83,19.24,3469.28,returned,2023-11-23
718,261,17,15,122.61,0,1839.15,shipped,2022-06-23
719,1145,199,7,565.45,0,3958.15,returned,2022-03-12
720,513,42,17,874.09,0,14859.53,returned,2022-05-08
721,1338,91,19,916.22,0,17408.18,shipped,2025-06-09
722,277,66,2,397.63,0,795.26,shipped,2023-09-12
723,58,7,5,669.43,17.78,3347.15,cancelled,2025-10-20
724,1677,32,3,244.09,1.21,732.27,cancelled,2024-11-15
725,282,127,16,623.12,27.33,9969.92,pending,2025-07-28
726,392,145,7,593.41,17.47,4153.87,delivered,2023-05-03
727,119,181,14,824.33,0,11540.62,delivered,2025-08-01
728,953,106,14,596.1,0,8345.4,cancelled,2025-03-16
729,1720,117,3,660.46,0,1981.38,pending,2024-04-15
730,1671,30,19,125.04,0,2375.76,cancelled,2022-11-12
731,1912,162,9,600.01,0,5400.09,shipped,2022-10-01
732,1859,191,13,778.27,8.8,10117.51,shipped,2023-07-04
733,1886,17,1,122.61,0,122.61,shipped,2025-12-21
734,738,93,18,750.35,0,13506.3,shipped,2023-07-10
735,1569,18,14,83.56,7.11,1169.84,delivered,2025-07-14
736,1020,35,13,645.79,0,8395.27,cancelled,2025-05-06
737,383,192,9,576.21,20.99,5185.89,pending,2023-03-21
738,493,15,9,825.2,0,7426.8,pending,2023-06-21
739,828,41,3,693.85,19.12,2081.55,cancelled,2022-03-18
740,1512,177,4,350.23,25.28,1400.92,returned,2022-05-08
741,1600,73,19,238.38,0.78,4529.22,returned,2024-04-17
742,1299,47,3,645.14,0,1935.42,delivered,2023-09-07
743,1259,159,3,174.14,0,522.42,delivered,2022-08-01
744,154,149,6,515.34,26.99,3092.04,pending,2025-06-06
745,623,67,14,692.69,22.74,9697.66,delivered,2022-05-01
746,546,123,3,58.49,0,175.47,delivered,2022-05-21
747,1331,16,4,846.4,0,3385.6,cancelled,2025-10-01
748,1599,92,2,52.57,0,105.14,cancelled,2023-09-09
749,1612,119,9,371.17,0,3340.53,returned,2024-05-28
750,259,184,16,385.1,0,6161.6,cancelled,2023-01-24
751,1363,3,5,536.43,28.34,2682.15,pending,2022-11-28
752,213,78,10,335.71,0,3357.1,returned,2025-01-17
753,790,6,16,183.59,0,2937.44,delivered,2022-07-18
754,1106,95,15,988.58,4.31,14828.7,shipped,2022-01-06
755,675,119,10,371.17,0,3711.7,pending,2024-01-24
756,1164,159,6,174.14,0,1044.84,pending,2023-06-07
757,1402,66,2,397.63,27.09,795.26,pending,2023-11-12
758,1752,62,3,166.62,0,499.86,cancelled,2025-03-25
759,156,77,18,97.67,12.04,1758.06,returned,2025-01-16
760,246,25,13,219.32,0,2851.16,pending,2022-05-11
761,164,184,1,385.1,3.2,385.1,shipped,2024-05-13
762,796,20,8,481.5,3.08,3852,shipped,2024-02-04
763,1473,124,9,809.49,0,7285.41,delivered,2023-04-09
764,414,80,19,59.51,26.83,1130.69,shipped,2024-07-11
765,1471,44,17,690.47,18.83,11737.99,cancelled,2024-10-25
766,1643,162,9,600.01,0,5400.09,shipped,2024-03-07
767,1601,43,8,64.03,0,512.24,pending,2023-04-15
768,323,20,16,481.5,28.15,7704,cancelled,2024-11-03
769,679,15,11,825.2,0,9077.2,shipped,2024-07-09
770,444,189,5,492.26,0,2461.3,cancelled,2025-10-09
771,1043,29,4,717.02,0,2868.08,pending,2025-11-14
772,1804,155,7,431.01,2.3,3017.07,delivered,2023-01-10
773,4,149,14,515.34,22.88,7214.76,pending,2025-05-25
774,70,120,2,239.25,14.99,478.5,delivered,2025-10-26
775,1987,23,17,713.25,0,12125.25,pending,2022-01-10
776,161,69,17,409.64,8.24,6963.88,pending,2023-08-01
777,306,64,10,663.35,2.3,6633.5,cancelled,2025-09-26
778,642,172,19,95.98,8.8,1823.62,cancelled,2024-09-25
779,1966,65,18,202.76,22.51,3649.68,cancelled,2023-06-17
780,735,70,18,100.2,0,1803.6,pending,2023-06-09
781,1777,53,13,655.86,26.42,8526.18,pending,2024-06-27
782,405,4,12,943.2,0,11318.4,cancelled,2025-04-19
783,634,200,1,990.22,0,990.22,cancelled,2025-10-26
784,375,198,16,380.95,8.47,6095.2,cancelled,2024-03-25
785,1418,10,13,859.56,13.34,11174.28,cancelled,2022-01-10
786,376,92,1,52.57,20.74,52.57,delivered,2022-10-12
787,1576,178,14,354.22,0,4959.08,delivered,2025-10-04
788,843,85,19,378.98,0,7200.62,shipped,2024-11-04
789,1924,145,9,593.41,0,5340.69,cancelled,2025-10-23
790,558,87,18,600.01,0,10800.18,cancelled,2023-02-15
791,302,137,12,358.4,0,4300.8,cancelled,2025-08-10
792,381,43,12,64.03,15.21,768.36,delivered,2023-09-13
793,328,44,17,690.47,0,11737.99,cancelled,2024-02-13
794,1925,55,14,112.9,0,1580.6,returned,2023-06-19
795,1555,180,1,774.95,0,774.95,delivered,2025-02-24
796,404,124,13,809.49,0,10523.37,pending,2022-02-22
797,192,123,17,58.49,0,994.33,returned,2023-04-04
798,1348,102,2,573.77,0,1147.54,shipped,2023-08-07
799,1114,100,15,779.66,0,11694.9,cancelled,2025-04-01
800,876,1,15,932.66,0,13989.9,pending,2022-08-23
801,62,25,2,219.32,0,438.64,cancelled,2025-05-17
802,24,31,4,158.16,0,632.64,shipped,2024-11-16
803,1495,99,17,47.38,0,805.46,shipped,2025-01-24
804,1877,33,18,253.97,25.04,4571.46,pending,2023-12-19
805,555,88,10,646.25,11.15,6462.5,pending,2025-01-14
806,1052,47,1,645.14,26.4,645.14,shipped,2023-06-15
807,721,70,14,100.2,0,1402.8,cancelled,2023-04-08
808,1052,23,13,713.25,0,9272.25,cancelled,2023-02-18
809,1892,96,1,697.43,27.57,697.43,pending,2024-10-25
810,205,63,9,560.31,0,5042.79,delivered,2025-05-12
811,1870,91,16,916.22,13.03,14659.52,pending,2023-03-09
812,733,33,14,253.97,13.29,3555.58,delivered,2022-04-07
813,520,43,1,64.03,0,64.03,delivered,2024-11-16
814,904,98,9,66.06,0,594.54,returned,2025-10-17
815,689,46,19,253.15,7.33,4809.85,returned,2022-12-15
816,354,33,7,253.97,0,1777.79,delivered,2023-08-01
817,780,99,8,47.38,0,379.04,pending,2023-03-05
818,1903,112,14,393.73,20.32,5512.22,cancelled,2023-10-15
819,1041,160,8,574.94,20.61,4599.52,pending,2023-12-04
820,840,130,2,420.65,0,841.3,pending,2023-03-15
821,1196,11,2,67.82,0,135.64,cancelled,2023-01-25
822,1360,41,12,693.85,0,8326.2,pending,2022-03-03
823,1158,41,16,693.85,0,11101.6,delivered,2023-01-04
824,1669,48,3,184.21,0,552.63,shipped,2023-12-17
825,55,71,6,903.42,0,5420.52,delivered,2023-08-19
826,204,15,19,825.2,0,15678.8,returned,2025-05-13
827,317,133,1,298.55,0,298.55,delivered,2025-06-26
828,1132,165,4,583.18,19.34,2332.72,pending,2023-10-01
829,164,197,15,822.64,0,12339.6,returned,2022-09-07
830,1641,179,9,450.55,21.25,4054.95,returned,2022-11-25
831,1602,194,16,510.14,0,8162.24,returned,2025-07-18
832,1873,23,1,713.25,0,713.25,returned,2025-08-28
833,364,106,9,596.1,0,5364.9,returned,2022-07-21
834,1850,93,9,750.35,0,6753.15,pending,2023-10-03
835,1941,158,5,150.99,0,754.95,pending,2022-12-08
836,588,152,17,911.9,0,15502.3,delivered,2022-09-02
837,889,173,16,580.62,0,9289.92,pending,2025-06-18
838,1819,59,12,631.88,0,7582.56,returned,2024-03-14
839,1195,51,9,328.87,0,2959.83,cancelled,2024-09-19
840,567,81,1,637.31,0,637.31,delivered,2023-06-09
841,693,152,4,911.9,24.33,3647.6,delivered,2024-06-19
842,1063,188,9,176.18,0,1585.62,delivered,2023-09-28
843,1410,46,5,253.15,0,1265.75,pending,2025-02-13
844,977,105,14,317.66,2.35,4447.24,cancelled,2023-12-13
845,200,22,18,119.41,14.12,2149.38,shipped,2025-11-18
846,395,17,3,122.61,0,367.83,returned,2025-04-04
847,746,60,19,774.36,0,14712.84,delivered,2023-03-24
848,858,86,18,789.99,0,14219.82,delivered,2022-06-20
849,1230,133,12,298.55,0,3582.6,pending,2022-02-24
850,672,73,18,238.38,0,4290.84,shipped,2022-12-08
851,104,143,9,59.58,0,536.22,shipped,2023-11-13
852,1584,112,7,393.73,0,2756.11,delivered,2024-02-10
853,1273,44,10,690.47,0,6904.7,cancelled,2023-02-24
854,338,92,4,52.57,0,210.28,delivered,2025-09-02
855,128,106,9,596.1,24.76,5364.9,shipped,2025-01-28
856,242,41,11,693.85,0,7632.35,delivered,2024-11-15
857,1065,104,7,386.74,0,2707.18,pending,2023-06-24
858,936,20,7,481.5,0,3370.5,cancelled,2023-12-11
859,936,185,3,326.55,0,979.65,delivered,2025-10-09
860,916,161,10,81.95,0,819.5,shipped,2024-09-13
861,1675,25,7,219.32,21.8,1535.24,pending,2022-12-23
862,811,138,16,557.12,0,8913.92,delivered,2023-03-27
863,934,54,4,976.53,0,3906.12,shipped,2024-08-16
864,1311,132,6,173.13,0,1038.78,returned,2023-08-02
865,931,23,11,713.25,0,7845.75,delivered,2022-05-17
866,109,11,3,67.82,0,203.46,shipped,2022-10-10
867,1929,8,15,581.03,0,8715.45,shipped,2023-06-17
868,1521,112,7,393.73,0,2756.11,pending,2024-08-18
869,1058,107,15,829.1,0,12436.5,delivered,2023-04-04
870,1021,55,5,112.9,0,564.5,returned,2024-03-01
871,1886,117,3,660.46,0,1981.38,delivered,2025-05-17
872,1723,148,19,72.74,0,1382.06,shipped,2023-06-21
873,1993,187,18,626.35,0,11274.3,shipped,2022-11-07
874,457,88,8,646.25,0,5170,delivered,2022-06-01
875,1633,148,10,72.74,0,727.4,returned,2022-05-22
876,960,90,18,592.32,0,10661.76,cancelled,2022-10-27
877,1477,37,12,235.47,10.11,2825.64,delivered,2024-04-06
878,499,132,14,173.13,8.21,2423.82,pending,2025-01-02
879,1171,162,13,600.01,25.94,7800.13,returned,2024-08-19
880,504,70,18,100.2,17.51,1803.6,delivered,2024-02-09
881,1818,193,5,271.72,0,1358.6,cancelled,2025-05-19
882,1245,131,4,652.89,0,2611.56,pending,2025-03-25
883,1066,126,6,118.97,20.81,713.82,shipped,2022-09-11
884,302,193,15,271.72,0,4075.8,delivered,2023-12-01
885,507,187,2,626.35,6.46,1252.7,pending,2022-09-05
886,1135,165,18,583.18,6.63,10497.24,cancelled,2025-09-03
887,1041,17,7,122.61,7.49,858.27,pending,2024-04-20
888,761,65,3,202.76,19.54,608.28,returned,2022-03-19
889,366,73,19,238.38,0,4529.22,delivered,2024-08-13
890,886,197,1,822.64,0,822.64,returned,2022-07-15
891,1287,86,3,789.99,0,2369.97,pending,2025-02-02
892,1453,148,7,72.74,0,509.18,returned,2025-04-04
893,1337,79,9,60.77,0,546.93,delivered,2023-09-06
894,1170,75,18,95.54,0,1719.72,cancelled,2025-02-21
895,1073,165,13,583.18,9.34,7581.34,shipped,2025-04-24
896,893,164,17,527.51,0,8967.67,shipped,2023-08-11
897,1380,146,8,629.33,0,5034.64,returned,2025-05-22
898,196,72,2,633.89,0,1267.78,delivered,2023-12-23
899,1349,108,18,541.06,0,9739.08,returned,2023-08-19
900,1407,40,19,892.78,0,16962.82,pending,2025-09-25
901,163,100,11,779.66,0,8576.26,delivered,2025-04-07
902,1616,186,9,627.64,0,5648.76,cancelled,2025-09-14
903,447,119,8,371.17,0,2969.36,cancelled,2023-05-10
904,995,199,11,565.45,0,6219.95,returned,2022-03-03
905,1046,81,15,637.31,0,9559.65,cancelled,2022-03-17
906,394,88,8,646.25,0,5170,delivered,2023-02-02
907,355,198,14,380.95,0,5333.3,cancelled,2023-04-21
908,1687,188,7,176.18,0,1233.26,delivered,2022-11-02
909,590,37,2,235.47,0,470.94,returned,2023-12-11
910,852,15,14,825.2,3.97,11552.8,delivered,2024-08-08
911,1981,68,13,447.71,0,5820.23,delivered,2025-06-23
912,1135,122,18,816.6,0,14698.8,delivered,2025-10-18
913,165,45,19,639.61,0.17,12152.59,returned,2025-03-02
914,478,122,15,816.6,16.75,12249,pending,2025-09-01
915,152,11,17,67.82,0,1152.94,pending,2022-11-16
916,1976,83,10,806.73,0,8067.3,returned,2022-10-24
917,1127,193,10,271.72,4.54,2717.2,returned,2023-06-15
918,1472,60,9,774.36,0,6969.24,pending,2024-09-10
919,1462,87,11,600.01,4.48,6600.11,pending,2024-03-16
920,587,162,9,600.01,0,5400.09,pending,2024-04-09
921,124,10,14,859.56,8.75,12033.84,returned,2022-01-17
922,806,173,7,580.62,0,4064.34,shipped,2025-03-10
923,298,67,10,692.69,0,6926.9,cancelled,2024-03-06
924,404,151,9,770.69,0,6936.21,delivered,2024-04-15
925,603,134,7,53.33,0,373.31,cancelled,2025-05-06
926,1027,74,9,221.84,0,1996.56,pending,2023-11-18
927,1894,183,4,656.46,0,2625.84,delivered,2024-02-23
928,300,192,19,576.21,15.5,10947.99,pending,2022-06-15
929,300,104,11,386.74,0,4254.14,shipped,2023-03-24
930,508,17,18,122.61,13.28,2206.98,returned,2022-05-15
931,1526,170,10,944.19,24.43,9441.9,shipped,2025-05-24
932,728,179,16,450.55,0,7208.8,returned,2024-03-26
933,1357,148,15,72.74,0,1091.1,cancelled,2025-05-01
934,451,6,8,183.59,0,1468.72,returned,2023-07-21
935,1347,28,12,829.59,0,9955.08,delivered,2022-02-12
936,481,163,8,241.1,12.57,1928.8,cancelled,2025-08-18
937,1591,4,15,943.2,22.15,14148,pending,2023-06-07
938,55,121,17,963.7,0,16382.9,shipped,2023-11-02
939,165,50,9,724.2,0,6517.8,pending,2024-09-18
940,445,75,11,95.54,0,1050.94,shipped,2025-11-18
941,1581,195,18,515.75,0,9283.5,shipped,2025-09-11
942,1272,52,3,370.49,0,1111.47,cancelled,2022-05-20
943,367,85,15,378.98,0,5684.7,delivered,2025-10-05
944,1195,57,9,141.75,0,1275.75,pending,2024-12-14
945,513,153,11,22.28,0,245.08,delivered,2025-08-11
946,742,117,8,660.46,0,5283.68,pending,2024-06-19
947,784,122,16,816.6,0,13065.6,cancelled,2023-08-27
948,390,69,7,409.64,0,2867.48,delivered,2022-11-11
949,597,33,7,253.97,0,1777.79,pending,2022-12-20
950,463,190,16,524.31,0,8388.96,pending,2023-09-07
951,251,68,7,447.71,0,3133.97,returned,2022-07-22
952,289,111,5,281.59,0,1407.95,shipped,2023-04-09
953,1508,179,3,450.55,0,1351.65,returned,2022-05-13
954,725,9,2,332.46,0,664.92,delivered,2024-07-14
955,1705,19,13,437.6,0,5688.8,delivered,2025-08-14
956,1358,194,8,510.14,0,4081.12,pending,2025-02-13
957,766,61,5,968.17,0,4840.85,cancelled,2025-12-04
958,1949,123,4,58.49,0,233.96,returned,2025-04-20
959,447,55,18,112.9,21.3,2032.2,delivered,2025-09-15
960,1752,143,10,59.58,0,595.8,cancelled,2025-02-04
961,1730,171,2,845.83,0,1691.66,delivered,2023-02-27
962,805,106,1,596.1,10.19,596.1,pending,2022-09-15
963,1276,196,15,542.59,0,8138.85,cancelled,2024-02-27
964,1878,83,3,806.73,0,2420.19,returned,2025-12-18
965,283,175,19,211.16,0,4012.04,pending,2022-09-16
966,812,153,8,22.28,12.57,178.24,delivered,2025-08-19
967,323,84,12,903.84,10.89,10846.08,shipped,2025-08-10
968,1411,192,9,576.21,0,5185.89,shipped,2024-09-05
969,1535,2,9,667,5.81,6003,cancelled,2025-05-13
970,27,152,8,911.9,0,7295.2,pending,2023-02-13
971,794,149,12,515.34,0,6184.08,pending,2024-12-26
972,1049,142,8,446.08,0,3568.64,delivered,2023-10-24
973,626,93,3,750.35,0,2251.05,cancelled,2023-10-20
974,1614,28,13,829.59,0,10784.67,returned,2025-03-04
975,120,113,4,129.9,0,519.6,pending,2022-02-11
976,1723,59,8,631.88,0,5055.04,cancelled,2023-10-24
977,1492,129,19,730.46,0,13878.74,shipped,2023-09-22
978,303,195,8,515.75,0,4126,delivered,2022-11-14
979,1654,38,19,458.13,20.12,8704.47,delivered,2023-04-27
980,1818,81,18,637.31,4.2,11471.58,cancelled,2025-04-28
981,1694,126,11,118.97,0,1308.67,cancelled,2025-11-22
982,686,83,4,806.73,8.96,3226.92,delivered,2024-06-09
983,305,129,6,730.46,0,4382.76,cancelled,2022-03-10
984,1059,93,19,750.35,0,14256.65,pending,2025-04-13
985,199,43,6,64.03,1.67,384.18,shipped,2024-12-11
986,319,41,17,693.85,0,11795.45,shipped,2022-11-18
987,70,38,8,458.13,0,3665.04,delivered,2022-02-04
988,591,1,10,932.66,0,9326.6,pending,2025-08-26
989,72,24,2,58.24,0,116.48,shipped,2023-07-15
990,1349,68,16,447.71,0,7163.36,cancelled,2025-07-08
991,890,38,5,458.13,0,2290.65,cancelled,2023-06-28
992,305,167,5,277.82,0,1389.1,delivered,2022-05-28
993,1584,117,5,660.46,0,3302.3,shipped,2023-12-19
994,1862,113,3,129.9,0,389.7,pending,2024-11-23
995,1434,134,14,53.33,0,746.62,cancelled,2022-08-09
996,974,141,11,621.99,0,6841.89,shipped,2022-07-11
997,1383,139,1,43.53,0,43.53,returned,2025-12-02
998,1247,26,13,362.01,0,4706.13,cancelled,2025-05-21
999,468,108,5,541.06,0,2705.3,shipped,2022-11-02
1000,1967,82,19,286.13,0,5436.47,delivered,2022-11-07
1001,1905,51,11,328.87,0,3617.57,returned,2022-01-03
1002,1127,142,7,446.08,23.05,3122.56,cancelled,2022-07-13
1003,1273,180,5,774.95,0,3874.75,delivered,2025-04-06
1004,247,52,13,370.49,0,4816.37,cancelled,2023-03-11
1005,422,181,1,824.33,0,824.33,delivered,2024-06-16
1006,1092,112,19,393.73,8.54,7480.87,returned,2022-09-12
1007,556,83,5,806.73,0,4033.65,delivered,2022-03-24
1008,1916,181,1,824.33,0,824.33,shipped,2024-01-18
1009,1254,109,9,21.24,0,191.16,returned,2023-02-21
1010,1172,35,10,645.79,0,6457.9,shipped,2024-02-04
1011,1070,53,2,655.86,0,1311.72,returned,2024-06-20
1012,1065,113,2,129.9,17.23,259.8,cancelled,2024-03-05
1013,575,174,15,231.71,0,3475.65,pending,2025-12-10
1014,1439,199,16,565.45,0,9047.2,shipped,2022-08-05
1015,1813,11,9,67.82,28.06,610.38,shipped,2023-02-16
1016,108,28,10,829.59,3.29,8295.9,delivered,2023-02-07
1017,1470,184,3,385.1,0,1155.3,cancelled,2025-11-14
1018,562,98,18,66.06,0,1189.08,delivered,2023-12-17
1019,1532,35,3,645.79,1.2,1937.37,pending,2025-03-22
1020,1269,131,7,652.89,0,4570.23,cancelled,2022-05-27
1021,1652,121,17,963.7,0,16382.9,returned,2023-04-04
1022,1860,1,8,932.66,0,7461.28,shipped,2022-07-11
1023,1419,20,6,481.5,0,2889,delivered,2025-01-17
1024,82,62,16,166.62,0,2665.92,delivered,2024-07-20
1025,1469,12,6,654.54,0,3927.24,returned,2025-09-02
1026,1937,24,19,58.24,0,1106.56,pending,2024-12-15
1027,1951,145,6,593.41,0,3560.46,cancelled,2022-04-04
1028,947,86,18,789.99,0,14219.82,pending,2022-12-07
1029,1997,139,13,43.53,0,565.89,pending,2024-07-13
1030,228,183,19,656.46,0,12472.74,pending,2022-10-12
1031,275,63,12,560.31,25.48,6723.72,pending,2025-12-04
1032,207,131,17,652.89,0,11099.13,returned,2025-08-06
1033,278,83,16,806.73,13.01,12907.68,delivered,2022-06-26
1034,896,67,19,692.69,6.27,13161.11,shipped,2025-01-09
1035,949,184,1,385.1,0,385.1,returned,2023-08-01
1036,24,43,8,64.03,0,512.24,shipped,2025-03-08
1037,435,87,8,600.01,0,4800.08,delivered,2023-02-04
1038,1696,79,2,60.77,8.11,121.54,shipped,2025-05-19
1039,53,41,2,693.85,20.81,1387.7,pending,2024-10-13
1040,946,194,6,510.14,0,3060.84,returned,2023-03-03
1041,210,139,18,43.53,0,783.54,returned,2022-02-15
1042,507,182,2,718.6,4.15,1437.2,delivered,2023-05-05
1043,1108,72,9,633.89,0,5705.01,shipped,2023-07-21
1044,655,192,1,576.21,19.63,576.21,pending,2022-12-19
1045,1809,5,6,604.81,5.06,3628.86,delivered,2025-10-08
1046,910,73,4,238.38,13.1,953.52,pending,2022-10-26
1047,166,32,14,244.09,0,3417.26,shipped,2025-12-13
1048,542,116,8,208.96,0,1671.68,cancelled,2023-11-15
1049,1833,94,15,8.03,16.21,120.45,pending,2024-10-17
1050,337,66,3,397.63,0,1192.89,pending,2025-07-13
1051,1401,88,11,646.25,0,7108.75,shipped,2022-09-14
1052,1301,160,15,574.94,0,8624.1,delivered,2022-04-23
1053,97,172,15,95.98,0,1439.7,returned,2024-08-18
1054,205,91,15,916.22,0,13743.3,delivered,2025-07-07
1055,798,30,18,125.04,20.1,2250.72,shipped,2025-03-06
1056,579,109,8,21.24,0,169.92,returned,2025-05-05
1057,945,115,2,763.04,21.05,1526.08,shipped,2024-12-22
1058,1568,33,19,253.97,0,4825.43,returned,2023-09-14
1059,415,45,6,639.61,0,3837.66,shipped,2022-02-05
1060,1346,173,17,580.62,0,9870.54,cancelled,2024-06-24
1061,92,8,6,581.03,28.28,3486.18,pending,2024-09-11
1062,690,57,3,141.75,0,425.25,cancelled,2024-02-10
1063,1825,5,13,604.81,0,7862.53,pending,2022-04-01
1064,1396,55,13,112.9,0,1467.7,shipped,2023-12-26
1065,499,183,14,656.46,0,9190.44,shipped,2024-09-19
1066,247,133,7,298.55,6.53,2089.85,cancelled,2022-07-23
1067,424,18,16,83.56,0,1336.96,shipped,2023-07-25
1068,74,19,6,437.6,0,2625.6,returned,2022-05-27
1069,1344,112,12,393.73,0,4724.76,pending,2024-08-19
1070,989,179,3,450.55,18.75,1351.65,pending,2023-05-27
1071,1865,74,16,221.84,9.13,3549.44,pending,2023-04-20
1072,1482,156,15,200.01,18.53,3000.15,pending,2022-10-03
1073,1426,128,19,216.83,4.96,4119.77,pending,2022-05-17
1074,143,70,12,100.2,0,1202.4,delivered,2024-05-23
1075,66,115,19,763.04,2.71,14497.76,returned,2023-10-25
1076,673,20,18,481.5,0,8667,returned,2025-02-14
1077,1760,62,18,166.62,0,2999.16,returned,2024-01-27
1078,401,187,6,626.35,0,3758.1,returned,2025-11-18
1079,17,165,18,583.18,0,10497.24,cancelled,2022-03-18
1080,1881,155,19,431.01,0,8189.19,pending,2022-03-03
1081,127,47,3,645.14,0,1935.42,cancelled,2024-02-24
1082,1871,50,2,724.2,0,1448.4,shipped,2024-12-02
1083,1003,170,5,944.19,0,4720.95,shipped,2022-06-20
1084,588,27,16,141.19,0.8,2259.04,cancelled,2023-01-06
1085,567,176,12,850.78,0,10209.36,pending,2023-01-27
1086,387,146,4,629.33,19.31,2517.32,shipped,2024-12-27
1087,1559,185,1,326.55,4.22,326.55,cancelled,2024-12-07
1088,707,75,10,95.54,0,955.4,returned,2022-08-07
1089,689,70,4,100.2,0,400.8,cancelled,2025-06-12
1090,315,163,14,241.1,0,3375.4,pending,2025-06-01
1091,1047,63,12,560.31,22.32,6723.72,pending,2022-04-17
1092,88,183,10,656.46,0,6564.6,cancelled,2022-01-22
1093,1386,25,4,219.32,0,877.28,returned,2024-05-01
1094,1865,51,7,328.87,0,2302.09,delivered,2024-04-19
1095,354,188,1,176.18,0,176.18,delivered,2022-07-21
1096,785,24,13,58.24,0,757.12,cancelled,2025-06-07
1097,1778,4,3,943.2,0,2829.6,returned,2022-11-03
1098,281,85,19,378.98,0,7200.62,cancelled,2023-04-10
1099,1498,49,13,875.58,0,11382.54,cancelled,2024-06-08
1100,1976,116,18,208.96,28.78,3761.28,pending,2022-07-10
1101,883,155,4,431.01,24.36,1724.04,cancelled,2025-03-04
1102,1815,175,14,211.16,0,2956.24,pending,2023-09-24
1103,1991,80,9,59.51,0,535.59,returned,2025-09-26
1104,1336,157,1,83.71,0.88,83.71,cancelled,2024-06-05
1105,1097,189,13,492.26,0,6399.38,delivered,2023-09-24
1106,254,91,12,916.22,0,10994.64,pending,2025-11-18
1107,1535,56,6,561.69,0,3370.14,delivered,2022-10-20
1108,701,197,12,822.64,0,9871.68,pending,2024-06-18
1109,719,163,12,241.1,0,2893.2,pending,2025-05-23
1110,1188,187,10,626.35,23.87,6263.5,delivered,2022-05-14
1111,1105,183,10,656.46,0,6564.6,delivered,2024-04-04
1112,1913,26,19,362.01,0,6878.19,shipped,2022-09-04
1113,893,150,8,533.49,0,4267.92,shipped,2022-11-14
1114,40,130,19,420.65,6.46,7992.35,delivered,2022-02-27
1115,1370,63,7,560.31,3.08,3922.17,pending,2022-07-23
1116,274,101,7,100.03,0,700.21,returned,2023-11-24
1117,675,192,3,576.21,0,1728.63,shipped,2022-09-25
1118,141,59,4,631.88,0,2527.52,pending,2022-04-12
1119,490,137,7,358.4,4.62,2508.8,cancelled,2023-07-01
1120,30,115,5,763.04,11.18,3815.2,pending,2023-05-08
1121,501,145,11,593.41,0,6527.51,cancelled,2023-10-24
1122,177,40,13,892.78,0,11606.14,delivered,2023-08-16
1123,1009,80,5,59.51,13.7,297.55,delivered,2024-10-28
1124,1561,86,9,789.99,0,7109.91,shipped,2025-04-27
1125,559,84,9,903.84,29.39,8134.56,shipped,2025-01-26
1126,415,6,17,183.59,0,3121.03,shipped,2025-01-25
1127,35,141,2,621.99,22.66,1243.98,shipped,2024-08-24
1128,1302,68,5,447.71,26.2,2238.55,shipped,2022-02-14
1129,1657,38,2,458.13,0,916.26,cancelled,2022-11-19
1130,1885,138,13,557.12,29.06,7242.56,delivered,2024-08-18
1131,760,63,11,560.31,13.28,6163.41,shipped,2022-07-11
1132,959,112,16,393.73,0,6299.68,returned,2025-11-25
1133,807,32,9,244.09,0,2196.81,shipped,2024-11-22
1134,148,124,17,809.49,0,13761.33,shipped,2023-03-23
1135,1127,145,16,593.41,0,9494.56,cancelled,2024-08-17
1136,651,148,10,72.74,0,727.4,cancelled,2025-09-11
1137,1503,33,14,253.97,0,3555.58,returned,2024-08-02
1138,1131,174,4,231.71,21.54,926.84,cancelled,2023-11-21
1139,262,136,1,28.67,0,28.67,shipped,2023-02-17
1140,60,87,11,600.01,10.65,6600.11,delivered,2025-04-21
1141,275,165,17,583.18,0,9914.06,delivered,2023-10-17
1142,369,100,8,779.66,0,6237.28,cancelled,2025-08-02
1143,1093,7,3,669.43,2.83,2008.29,returned,2023-04-05
1144,1701,146,2,629.33,16.17,1258.66,shipped,2025-07-26
1145,411,33,6,253.97,0,1523.82,pending,2023-01-04
1146,1117,65,9,202.76,0,1824.84,delivered,2022-11-19
1147,1364,73,18,238.38,0,4290.84,returned,2023-03-26
1148,902,96,14,697.43,0,9764.02,delivered,2023-01-09
1149,584,59,12,631.88,0,7582.56,returned,2022-08-04
1150,762,63,18,560.31,0,10085.58,shipped,2024-01-03
1151,191,11,8,67.82,0,542.56,shipped,2024-02-11
1152,664,20,5,481.5,0,2407.5,pending,2022-02-14
1153,1806,70,8,100.2,0,801.6,pending,2023-02-18
1154,1236,49,9,875.58,0,7880.22,pending,2025-03-18
1155,1712,51,15,328.87,0,4933.05,pending,2022-12-03
1156,1467,64,5,663.35,0,3316.75,pending,2022-06-06
1157,695,144,13,247.92,24.93,3222.96,cancelled,2025-03-19
1158,933,19,9,437.6,0,3938.4,returned,2022-09-16
1159,665,94,4,8.03,0,32.12,pending,2023-06-02
1160,818,33,17,253.97,0,4317.49,cancelled,2024-01-14
1161,797,170,1,944.19,0,944.19,cancelled,2024-12-21
1162,1354,113,12,129.9,0,1558.8,shipped,2022-01-06
1163,1808,110,14,77.9,10.58,1090.6,pending,2024-01-07
1164,844,181,8,824.33,0,6594.64,pending,2025-03-26
1165,752,49,8,875.58,0,7004.64,cancelled,2025-06-23
1166,1341,106,12,596.1,0,7153.2,pending,2025-08-27
1167,299,128,12,216.83,0,2601.96,delivered,2024-08-14
1168,389,12,18,654.54,29.06,11781.72,cancelled,2022-10-01
1169,207,59,12,631.88,0,7582.56,delivered,2024-08-24
1170,1610,184,4,385.1,25.46,1540.4,returned,2024-03-02
1171,1394,15,13,825.2,0,10727.6,pending,2023-09-10
1172,1865,181,2,824.33,0,1648.66,delivered,2022-10-11
1173,446,102,15,573.77,0,8606.55,cancelled,2024-06-23
1174,1491,48,7,184.21,0,1289.47,pending,2022-06-24
1175,154,55,6,112.9,0,677.4,delivered,2022-07-08
1176,383,13,8,30.37,0,242.96,returned,2022-04-15
1177,86,47,11,645.14,11.82,7096.54,delivered,2024-10-26
1178,899,114,19,139.28,0,2646.32,cancelled,2022-11-07
1179,1446,75,4,95.54,0,382.16,delivered,2023-02-05
1180,407,66,10,397.63,0,3976.3,pending,2022-09-14
1181,350,31,8,158.16,0,1265.28,delivered,2025-01-20
1182,229,63,7,560.31,0,3922.17,delivered,2022-04-23
1183,1189,180,14,774.95,0,10849.3,shipped,2023-07-24
1184,733,153,7,22.28,0,155.96,pending,2022-07-12
1185,1586,27,8,141.19,0,1129.52,cancelled,2022-01-23
1186,1287,160,16,574.94,0,9199.04,pending,2022-12-14
1187,534,129,3,730.46,0,2191.38,returned,2025-08-11
1188,1639,192,8,576.21,0,4609.68,delivered,2022-01-12
1189,959,26,9,362.01,0,3258.09,returned,2025-09-05
1190,270,138,6,557.12,0,3342.72,returned,2023-04-22
1191,1687,30,5,125.04,16.86,625.2,shipped,2022-02-11
1192,1672,47,4,645.14,0,2580.56,returned,2025-10-11
1193,72,8,13,581.03,0,7553.39,shipped,2022-05-08
1194,541,143,7,59.58,2.59,417.06,shipped,2023-05-17
1195,471,98,8,66.06,0,528.48,delivered,2023-10-27
1196,834,132,17,173.13,0,2943.21,returned,2023-10-17
1197,1516,125,17,142.11,15.85,2415.87,pending,2024-08-25
1198,815,156,2,200.01,29.05,400.02,cancelled,2022-08-23
1199,884,28,11,829.59,0,9125.49,delivered,2023-06-24
1200,230,181,18,824.33,0,14837.94,returned,2022-12-18
1201,238,83,12,806.73,0,9680.76,cancelled,2024-03-27
1202,1915,44,16,690.47,22.77,11047.52,returned,2024-05-13
1203,843,55,8,112.9,0,903.2,shipped,2023-04-09
1204,1240,13,13,30.37,0,394.81,pending,2023-10-03
1205,1107,34,4,827.62,0,3310.48,shipped,2022-10-10
1206,591,183,19,656.46,0,12472.74,pending,2024-06-02
1207,1525,188,1,176.18,0,176.18,delivered,2025-09-14
1208,67,93,11,750.35,24.56,8253.85,pending,2024-07-13
1209,1575,56,14,561.69,0,7863.66,cancelled,2025-03-15
1210,156,92,11,52.57,0,578.27,cancelled,2024-02-15
1211,264,8,3,581.03,0,1743.09,cancelled,2023-04-28
1212,1932,6,19,183.59,0,3488.21,shipped,2022-12-18
1213,537,20,16,481.5,23.46,7704,delivered,2023-07-24
1214,413,185,8,326.55,0,2612.4,pending,2025-06-21
1215,1925,184,15,385.1,0,5776.5,shipped,2025-04-24
1216,923,161,12,81.95,7.82,983.4,delivered,2022-03-04
1217,1255,157,9,83.71,10.5,753.39,delivered,2025-03-03
1218,501,79,5,60.77,0,303.85,delivered,2022-06-03
1219,1909,188,7,176.18,0,1233.26,delivered,2025-11-27
1220,1074,27,3,141.19,0,423.57,shipped,2024-07-12
1221,650,98,15,66.06,0,990.9,pending,2023-03-16
1222,449,183,7,656.46,0,4595.22,shipped,2022-09-01
1223,35,19,10,437.6,11.76,4376,delivered,2023-11-12
1224,734,36,15,406.43,0,6096.45,cancelled,2023-04-21
1225,1045,15,14,825.2,0,11552.8,pending,2025-03-17
1226,519,152,11,911.9,0,10030.9,returned,2022-05-14
1227,1224,33,3,253.97,22.85,761.91,cancelled,2024-03-20
1228,340,31,9,158.16,0,1423.44,delivered,2025-03-17
1229,1156,48,9,184.21,0,1657.89,pending,2022-01-02
1230,596,140,18,966.17,17.24,17391.06,delivered,2023-09-27
1231,1397,172,13,95.98,0,1247.74,pending,2023-01-25
1232,1005,178,10,354.22,0,3542.2,shipped,2024-12-23
1233,637,117,4,660.46,0,2641.84,returned,2023-02-12
1234,1230,84,11,903.84,0,9942.24,cancelled,2022-05-08
1235,1519,13,16,30.37,6.17,485.92,returned,2024-08-09
1236,2000,178,12,354.22,0,4250.64,returned,2022-06-16
1237,27,72,15,633.89,8.73,9508.35,shipped,2023-11-17
1238,1769,170,19,944.19,0,17939.61,shipped,2025-08-22
1239,183,179,9,450.55,0,4054.95,shipped,2023-02-17
1240,416,117,18,660.46,0,11888.28,shipped,2022-03-24
1241,1934,41,16,693.85,0,11101.6,cancelled,2022-06-10
1242,352,182,18,718.6,0,12934.8,cancelled,2022-09-18
1243,972,158,13,150.99,0,1962.87,delivered,2025-05-10
1244,1595,83,7,806.73,0,5647.11,returned,2024-07-19
1245,445,90,3,592.32,0,1776.96,delivered,2025-06-05
1246,1548,13,15,30.37,13.05,455.55,returned,2025-10-02
1247,466,88,7,646.25,0,4523.75,returned,2024-05-11
1248,1889,43,1,64.03,19.64,64.03,delivered,2025-05-23
1249,768,139,8,43.53,0,348.24,delivered,2022-11-11
1250,201,65,10,202.76,0,2027.6,returned,2025-09-13
1251,1252,92,18,52.57,0,946.26,delivered,2023-01-18
1252,837,129,9,730.46,16.46,6574.14,pending,2022-06-22
1253,402,53,14,655.86,0,9182.04,delivered,2022-10-13
1254,931,110,6,77.9,0,467.4,shipped,2025-08-23
1255,82,48,15,184.21,0,2763.15,returned,2024-08-07
1256,1913,115,4,763.04,0,3052.16,cancelled,2024-07-13
1257,537,133,7,298.55,0,2089.85,delivered,2023-05-15
1258,908,149,17,515.34,29.56,8760.78,cancelled,2024-05-27
1259,1269,131,1,652.89,16.21,652.89,pending,2023-08-06
1260,1471,24,16,58.24,0,931.84,returned,2023-12-27
1261,1328,76,9,948.25,0,8534.25,returned,2025-08-23
1262,1127,199,11,565.45,0,6219.95,shipped,2024-09-28
1263,293,123,9,58.49,0,526.41,pending,2024-11-28
1264,1047,5,18,604.81,25.64,10886.58,returned,2023-01-01
1265,102,176,4,850.78,0,3403.12,delivered,2025-12-07
1266,1047,65,19,202.76,0,3852.44,pending,2022-09-24
1267,1900,112,12,393.73,0,4724.76,delivered,2025-08-20
1268,81,87,11,600.01,0,6600.11,cancelled,2022-04-17
1269,271,150,4,533.49,0,2133.96,cancelled,2024-03-03
1270,1365,138,5,557.12,0,2785.6,shipped,2024-01-13
1271,1893,157,5,83.71,19.96,418.55,shipped,2023-06-24
1272,981,148,13,72.74,0,945.62,cancelled,2022-10-21
1273,1056,6,8,183.59,0,1468.72,cancelled,2025-04-03
1274,1486,80,11,59.51,23.7,654.61,returned,2024-06-01
1275,1484,22,4,119.41,0,477.64,delivered,2025-07-14
1276,345,194,16,510.14,9.96,8162.24,cancelled,2023-06-05
1277,1354,150,8,533.49,28.79,4267.92,shipped,2025-09-15
1278,1444,67,9,692.69,0,6234.21,shipped,2025-07-19
1279,1182,34,15,827.62,0,12414.3,cancelled,2025-04-13
1280,697,151,6,770.69,8.65,4624.14,cancelled,2025-04-05
1281,344,179,16,450.55,7.44,7208.8,shipped,2022-05-14
1282,104,15,12,825.2,0,9902.4,cancelled,2025-04-28
1283,4,60,13,774.36,14.65,10066.68,cancelled,2022-05-25
1284,1707,69,19,409.64,28.73,7783.16,shipped,2024-09-24
1285,989,42,5,874.09,25.78,4370.45,cancelled,2023-05-18
1286,45,133,6,298.55,0,1791.3,cancelled,2022-10-06
1287,227,75,7,95.54,0,668.78,shipped,2023-10-16
1288,1435,197,6,822.64,17.36,4935.84,returned,2022-08-09
1289,919,58,14,583.34,0,8166.76,returned,2024-10-27
1290,560,10,17,859.56,18.61,14612.52,returned,2023-09-07
1291,1130,183,10,656.46,1.7,6564.6,cancelled,2025-08-12
1292,583,39,17,211.25,29.3,3591.25,shipped,2025-10-12
1293,93,63,4,560.31,0,2241.24,shipped,2022-09-26
1294,1366,160,14,574.94,0,8049.16,cancelled,2025-03-26
1295,656,113,4,129.9,9.39,519.6,returned,2025-10-20
1296,419,178,5,354.22,0,1771.1,shipped,2024-12-17
1297,613,93,10,750.35,0,7503.5,pending,2023-02-02
1298,1999,164,16,527.51,0,8440.16,shipped,2024-08-12
1299,865,81,6,637.31,0,3823.86,pending,2024-11-06
1300,1027,196,14,542.59,27.11,7596.26,pending,2023-11-23
1301,1810,144,1,247.92,0,247.92,delivered,2022-02-02
1302,269,102,1,573.77,23.47,573.77,returned,2023-01-20
1303,1472,16,6,846.4,0,5078.4,pending,2023-03-15
1304,1939,97,8,305.05,0,2440.4,pending,2023-12-17
1305,62,3,19,536.43,17.91,10192.17,delivered,2023-03-14
1306,639,15,15,825.2,0,12378,delivered,2023-02-06
1307,83,152,1,911.9,0,911.9,returned,2024-06-03
1308,1850,154,19,890.6,0,16921.4,shipped,2023-10-08
1309,9,121,4,963.7,6.08,3854.8,pending,2025-09-16
1310,1740,94,18,8.03,0,144.54,shipped,2023-09-01
1311,747,172,5,95.98,0,479.9,cancelled,2025-02-08
1312,1557,114,11,139.28,0,1532.08,delivered,2024-01-16
1313,824,100,18,779.66,29.28,14033.88,cancelled,2025-08-03
1314,215,124,10,809.49,0,8094.9,delivered,2022-03-04
1315,1235,13,17,30.37,17.48,516.29,pending,2024-01-12
1316,1278,13,10,30.37,22.52,303.7,returned,2024-12-17
1317,1624,22,11,119.41,24.61,1313.51,delivered,2025-05-06
1318,889,165,8,583.18,1.32,4665.44,delivered,2024-02-06
1319,1999,6,18,183.59,0,3304.62,delivered,2025-05-05
1320,109,10,10,859.56,0,8595.6,cancelled,2022-09-13
1321,1306,86,7,789.99,0,5529.93,pending,2022-05-22
1322,697,74,17,221.84,0,3771.28,cancelled,2025-09-02
1323,1671,128,9,216.83,0,1951.47,shipped,2023-09-18
1324,1884,68,17,447.71,0,7611.07,delivered,2025-10-06
1325,1888,146,19,629.33,0,11957.27,returned,2024-02-25
1326,1389,96,12,697.43,0,8369.16,delivered,2023-02-24
1327,1110,74,12,221.84,7.88,2662.08,cancelled,2023-12-26
1328,270,85,2,378.98,10.38,757.96,shipped,2025-06-03
1329,698,91,19,916.22,0,17408.18,delivered,2025-07-17
1330,1274,102,4,573.77,0,2295.08,cancelled,2025-05-15
1331,901,114,15,139.28,0,2089.2,cancelled,2023-07-15
1332,749,48,6,184.21,0,1105.26,cancelled,2022-12-08
1333,1486,95,9,988.58,0,8897.22,delivered,2024-12-20
1334,366,76,18,948.25,25.45,17068.5,shipped,2024-01-21
1335,943,4,6,943.2,15.87,5659.2,shipped,2024-06-26
1336,478,183,10,656.46,6.64,6564.6,delivered,2023-09-02
1337,236,114,3,139.28,0,417.84,pending,2022-11-25
1338,1194,200,7,990.22,0,6931.54,cancelled,2024-04-15
1339,1597,65,7,202.76,0,1419.32,cancelled,2022-03-22
1340,257,29,14,717.02,0,10038.28,delivered,2025-04-16
1341,747,69,10,409.64,0,4096.4,returned,2025-08-06
1342,1134,168,5,701.25,0,3506.25,delivered,2024-08-07
1343,1799,106,13,596.1,0,7749.3,returned,2025-02-22
1344,1519,164,4,527.51,0,2110.04,delivered,2023-05-11
1345,119,82,19,286.13,0,5436.47,returned,2025-03-26
1346,1681,195,8,515.75,0,4126,pending,2023-03-13
1347,1980,109,1,21.24,0,21.24,returned,2025-09-20
1348,708,124,13,809.49,0,10523.37,shipped,2024-10-05
1349,79,27,17,141.19,0.94,2400.23,delivered,2022-10-01
1350,1531,130,8,420.65,16.33,3365.2,delivered,2022-12-01
1351,48,142,17,446.08,3.31,7583.36,pending,2025-11-10
1352,773,168,16,701.25,0,11220,pending,2024-11-03
1353,1662,54,19,976.53,13.78,18554.07,shipped,2023-02-20
1354,1927,145,19,593.41,17.75,11274.79,returned,2022-02-14
1355,943,89,18,968.98,20.69,17441.64,shipped,2024-01-04
1356,717,141,4,621.99,29.57,2487.96,pending,2025-12-14
1357,1223,182,5,718.6,0,3593,delivered,2025-01-05
1358,935,145,18,593.41,16.65,10681.38,returned,2022-12-07
1359,281,120,12,239.25,0,2871,delivered,2025-05-01
1360,245,3,1,536.43,0,536.43,returned,2023-11-01
1361,147,144,19,247.92,0,4710.48,shipped,2025-10-21
1362,75,193,5,271.72,0,1358.6,shipped,2022-11-05
1363,1638,99,6,47.38,0,284.28,returned,2024-04-11
1364,323,113,2,129.9,0,259.8,pending,2025-10-06
1365,137,171,3,845.83,0,2537.49,delivered,2023-05-10
1366,856,79,10,60.77,0,607.7,shipped,2025-04-24
1367,1794,92,5,52.57,0,262.85,delivered,2025-04-28
1368,1568,82,5,286.13,0,1430.65,pending,2025-12-16
1369,1197,82,10,286.13,0,2861.3,shipped,2023-09-12
1370,1737,165,12,583.18,0,6998.16,delivered,2024-12-24
1371,1951,13,9,30.37,0,273.33,shipped,2023-10-10
1372,207,172,19,95.98,0,1823.62,delivered,2022-01-15
1373,49,56,17,561.69,0,9548.73,pending,2022-12-07
1374,756,46,16,253.15,9.24,4050.4,delivered,2024-03-17
1375,35,112,1,393.73,0,393.73,cancelled,2025-07-27
1376,1586,189,10,492.26,0,4922.6,pending,2022-09-10
1377,719,41,2,693.85,0,1387.7,pending,2023-04-28
1378,988,85,18,378.98,0,6821.64,cancelled,2024-07-18
1379,305,11,8,67.82,0,542.56,delivered,2022-12-12
1380,417,150,13,533.49,23.05,6935.37,pending,2025-01-25
1381,86,144,4,247.92,0,991.68,pending,2025-04-05
1382,1804,158,9,150.99,0,1358.91,pending,2023-07-21
1383,382,66,5,397.63,18.56,1988.15,shipped,2025-10-12
1384,617,65,15,202.76,0,3041.4,returned,2023-11-16
1385,425,32,8,244.09,0,1952.72,cancelled,2022-10-01
1386,874,162,1,600.01,14.44,600.01,shipped,2023-01-21
1387,1668,101,2,100.03,0,200.06,shipped,2024-02-23
1388,52,123,19,58.49,0,1111.31,cancelled,2024-05-21
1389,804,178,14,354.22,4.6,4959.08,delivered,2022-04-12
1390,564,25,12,219.32,0,2631.84,returned,2023-08-17
1391,290,142,3,446.08,0,1338.24,delivered,2024-01-08
1392,717,37,1,235.47,0,235.47,returned,2025-06-12
1393,1974,140,18,966.17,0,17391.06,returned,2023-11-26
1394,272,28,18,829.59,9.1,14932.62,shipped,2022-03-17
1395,773,102,7,573.77,24.91,4016.39,returned,2023-03-13
1396,92,60,1,774.36,18.12,774.36,pending,2022-07-20
1397,1821,195,7,515.75,0,3610.25,returned,2024-02-10
1398,547,74,19,221.84,0,4214.96,cancelled,2025-12-08
1399,1407,190,10,524.31,9.51,5243.1,pending,2022-03-16
1400,1517,52,7,370.49,6,2593.43,returned,2023-03-22
1401,1483,42,17,874.09,0,14859.53,delivered,2024-11-24
1402,762,37,2,235.47,0,470.94,delivered,2025-04-19
1403,891,22,5,119.41,0,597.05,delivered,2022-06-25
1404,1220,48,6,184.21,15.05,1105.26,shipped,2024-10-10
1405,1279,175,4,211.16,28.34,844.64,pending,2023-10-07
1406,1765,104,3,386.74,0,1160.22,returned,2022-09-25
1407,1075,132,18,173.13,6.29,3116.34,pending,2024-10-04
1408,577,70,15,100.2,25.76,1503,shipped,2023-05-05
1409,876,83,8,806.73,0,6453.84,delivered,2022-05-01
1410,1287,36,10,406.43,0,4064.3,cancelled,2023-03-13
1411,844,145,9,593.41,0,5340.69,delivered,2023-08-07
1412,1203,157,10,83.71,0,837.1,returned,2025-10-13
1413,1860,45,1,639.61,0.57,639.61,delivered,2024-10-21
1414,772,50,17,724.2,0,12311.4,cancelled,2023-09-01
1415,1004,25,4,219.32,0,877.28,returned,2022-01-16
1416,1737,88,15,646.25,0,9693.75,shipped,2024-01-21
1417,1941,121,6,963.7,29.82,5782.2,cancelled,2022-05-06
1418,1932,51,17,328.87,0.48,5590.79,shipped,2024-12-04
1419,1813,48,10,184.21,0,1842.1,returned,2022-09-05
1420,1850,36,17,406.43,0,6909.31,delivered,2022-02-01
1421,1969,109,9,21.24,0,191.16,shipped,2023-10-22
1422,1575,7,12,669.43,0,8033.16,pending,2025-10-04
1423,67,49,14,875.58,0,12258.12,returned,2025-06-26
1424,1770,37,12,235.47,0,2825.64,shipped,2024-11-12
1425,344,108,18,541.06,0,9739.08,pending,2024-08-21
1426,514,97,19,305.05,0,5795.95,cancelled,2022-03-16
1427,598,194,16,510.14,0,8162.24,cancelled,2023-05-23
1428,1800,194,4,510.14,0,2040.56,cancelled,2022-03-22
1429,378,134,1,53.33,28.82,53.33,pending,2023-02-16
1430,977,77,4,97.67,0,390.68,shipped,2024-09-17
1431,362,39,16,211.25,0,3380,shipped,2024-06-11
1432,337,67,12,692.69,0,8312.28,shipped,2025-12-22
1433,1887,116,3,208.96,0,626.88,delivered,2025-10-03
1434,1491,104,19,386.74,0,7348.06,shipped,2022-08-17
1435,1855,12,17,654.54,0,11127.18,cancelled,2024-12-09
1436,728,179,7,450.55,0.48,3153.85,returned,2025-02-25
1437,1412,73,4,238.38,0,953.52,delivered,2023-07-21
1438,1604,121,18,963.7,0,17346.6,returned,2023-09-15
1439,216,161,19,81.95,0,1557.05,delivered,2024-11-03
1440,1458,157,13,83.71,0,1088.23,delivered,2024-03-20
1441,1616,114,1,139.28,0.41,139.28,returned,2025-01-19
1442,770,15,13,825.2,0,10727.6,shipped,2025-01-09
1443,442,117,16,660.46,10.83,10567.36,delivered,2025-07-28
1444,1277,14,6,550.62,27.44,3303.72,pending,2022-10-15
1445,40,178,12,354.22,0,4250.64,shipped,2025-04-09
1446,803,54,2,976.53,0,1953.06,cancelled,2024-08-24
1447,591,127,4,623.12,0,2492.48,cancelled,2024-09-13
1448,45,79,5,60.77,0,303.85,shipped,2022-05-07
1449,1590,150,12,533.49,0,6401.88,returned,2024-02-06
1450,1900,133,18,298.55,7.52,5373.9,pending,2023-04-17
1451,1849,96,17,697.43,17.1,11856.31,returned,2024-09-15
1452,749,31,10,158.16,20.2,1581.6,returned,2023-08-23
1453,41,144,8,247.92,0,1983.36,cancelled,2023-02-18
1454,1241,113,17,129.9,0,2208.3,shipped,2023-10-22
1455,121,88,4,646.25,17.54,2585,cancelled,2022-12-17
1456,936,57,17,141.75,15.27,2409.75,returned,2023-11-04
1457,552,55,13,112.9,28.98,1467.7,pending,2025-01-03
1458,212,174,1,231.71,0,231.71,pending,2022-06-25
1459,50,73,8,238.38,0,1907.04,shipped,2025-10-10
1460,1367,27,10,141.19,0,1411.9,returned,2022-01-01
1461,1467,154,16,890.6,0.18,14249.6,returned,2024-09-20
1462,1740,87,10,600.01,0,6000.1,shipped,2023-05-18
1463,1752,20,12,481.5,0,5778,pending,2022-09-01
1464,307,100,16,779.66,24.55,12474.56,returned,2022-03-27
1465,66,157,16,83.71,26.45,1339.36,pending,2022-03-15
1466,934,190,1,524.31,13.83,524.31,pending,2022-01-20
1467,245,58,10,583.34,0,5833.4,returned,2022-06-22
1468,384,176,9,850.78,0,7657.02,delivered,2024-09-04
1469,141,26,5,362.01,0,1810.05,pending,2023-09-26
1470,1105,68,11,447.71,0,4924.81,delivered,2023-03-28
1471,1304,18,2,83.56,0,167.12,cancelled,2022-05-01
1472,1132,47,10,645.14,0,6451.4,shipped,2022-06-28
1473,1717,101,4,100.03,29.33,400.12,returned,2023-04-16
1474,1938,3,17,536.43,14.46,9119.31,shipped,2025-10-27
1475,94,43,16,64.03,0,1024.48,delivered,2022-11-16
1476,305,189,15,492.26,0,7383.9,cancelled,2025-05-26
1477,529,28,13,829.59,18.85,10784.67,returned,2024-10-16
1478,893,167,14,277.82,0,3889.48,pending,2023-06-25
1479,1555,123,6,58.49,0,350.94,pending,2023-06-24
1480,1587,136,9,28.67,0,258.03,shipped,2025-11-20
1481,1133,12,19,654.54,0,12436.26,shipped,2022-07-25
1482,424,126,1,118.97,0,118.97,shipped,2024-09-10
1483,1378,68,7,447.71,0,3133.97,shipped,2022-07-27
1484,248,141,4,621.99,0,2487.96,cancelled,2024-11-18
1485,1022,30,16,125.04,0,2000.64,pending,2024-02-01
1486,1806,24,10,58.24,0,582.4,cancelled,2024-08-23
1487,1434,64,12,663.35,11.3,7960.2,delivered,2025-09-22
1488,1936,121,14,963.7,0,13491.8,delivered,2022-12-11
1489,1839,80,10,59.51,6.59,595.1,delivered,2025-04-06
1490,471,68,6,447.71,0,2686.26,shipped,2024-08-10
1491,159,162,12,600.01,2.38,7200.12,delivered,2023-04-25
1492,846,174,17,231.71,0,3939.07,delivered,2025-11-14
1493,30,79,4,60.77,0,243.08,cancelled,2023-01-12
1494,1969,110,6,77.9,27.95,467.4,pending,2022-11-28
1495,381,5,18,604.81,0,10886.58,delivered,2025-12-16
1496,1656,123,13,58.49,0,760.37,shipped,2022-05-04
1497,145,69,10,409.64,4.3,4096.4,delivered,2022-01-19
1498,256,182,13,718.6,0,9341.8,delivered,2024-07-17
1499,1335,4,17,943.2,0,16034.4,shipped,2023-03-04
1500,43,67,8,692.69,0,5541.52,cancelled,2025-07-14
1501,1939,176,6,850.78,0,5104.68,shipped,2024-06-19
1502,919,46,8,253.15,0,2025.2,pending,2023-12-01
1503,1926,166,11,616.72,0,6783.92,shipped,2025-03-08
1504,574,89,17,968.98,0,16472.66,pending,2025-11-13
1505,739,24,8,58.24,0,465.92,cancelled,2025-06-22
1506,1878,118,10,380.05,18.43,3800.5,cancelled,2023-04-07
1507,1200,100,9,779.66,0,7016.94,delivered,2025-08-25
1508,1792,196,17,542.59,6.8,9224.03,shipped,2024-04-02
1509,339,138,15,557.12,0,8356.8,returned,2025-05-02
1510,1888,75,18,95.54,0,1719.72,shipped,2023-05-14
1511,1426,59,17,631.88,0,10741.96,cancelled,2023-07-08
1512,2000,172,16,95.98,0,1535.68,pending,2023-12-01
1513,1334,131,11,652.89,0,7181.79,cancelled,2023-01-05
1514,1251,121,3,963.7,18.98,2891.1,delivered,2024-05-03
1515,1736,29,17,717.02,0,12189.34,shipped,2022-04-27
1516,911,196,12,542.59,0,6511.08,pending,2025-08-09
1517,295,120,11,239.25,0,2631.75,pending,2024-02-09
1518,1015,13,17,30.37,0,516.29,cancelled,2023-08-07
1519,449,5,17,604.81,0,10281.77,delivered,2024-01-21
1520,224,110,15,77.9,0,1168.5,pending,2025-11-13
1521,735,20,16,481.5,0,7704,returned,2024-09-03
1522,1718,4,7,943.2,5.75,6602.4,pending,2023-06-20
1523,1704,23,2,713.25,0,1426.5,returned,2023-02-05
1524,1871,85,5,378.98,0,1894.9,cancelled,2023-10-21
1525,1199,61,2,968.17,0,1936.34,shipped,2025-10-25
1526,935,110,16,77.9,0,1246.4,pending,2024-10-24
1527,1221,187,3,626.35,0,1879.05,returned,2025-05-09
1528,7,132,5,173.13,23.05,865.65,delivered,2023-08-06
1529,912,41,14,693.85,0,9713.9,delivered,2022-11-05
1530,1610,13,19,30.37,0,577.03,returned,2022-07-14
1531,1576,81,11,637.31,0,7010.41,cancelled,2023-04-15
1532,1535,90,12,592.32,0,7107.84,delivered,2024-10-21
1533,1378,163,8,241.1,0,1928.8,pending,2025-02-07
1534,1198,40,2,892.78,0,1785.56,returned,2025-04-05
1535,348,50,4,724.2,0,2896.8,cancelled,2025-09-17
1536,709,134,3,53.33,0,159.99,delivered,2025-09-09
1537,1965,101,16,100.03,0,1600.48,cancelled,2025-06-16
1538,1399,199,7,565.45,0,3958.15,pending,2022-11-17
1539,244,198,17,380.95,0,6476.15,returned,2022-03-16
1540,739,190,14,524.31,0,7340.34,delivered,2022-08-13
1541,938,185,2,326.55,0,653.1,returned,2022-06-06
1542,454,194,14,510.14,0,7141.96,delivered,2023-04-25
1543,1436,91,11,916.22,18.04,10078.42,shipped,2023-06-15
1544,300,132,5,173.13,12.76,865.65,returned,2024-08-22
1545,1740,58,3,583.34,12.58,1750.02,returned,2022-04-26
1546,1620,154,12,890.6,0,10687.2,cancelled,2023-09-18
1547,385,69,8,409.64,0,3277.12,pending,2024-10-22
1548,373,191,8,778.27,0,6226.16,cancelled,2024-05-27
1549,1721,26,6,362.01,0,2172.06,pending,2025-06-14
1550,1324,142,17,446.08,0,7583.36,pending,2023-12-24
1551,913,92,4,52.57,16.28,210.28,returned,2023-07-21
1552,1162,100,1,779.66,0,779.66,cancelled,2023-03-17
1553,177,78,4,335.71,0,1342.84,cancelled,2022-04-26
1554,1477,30,19,125.04,0,2375.76,pending,2022-08-11
1555,1366,53,4,655.86,0,2623.44,delivered,2022-09-07
1556,1354,52,8,370.49,0,2963.92,shipped,2022-04-12
1557,999,169,7,786,0,5502,returned,2023-07-03
1558,1478,64,14,663.35,0,9286.9,shipped,2025-04-25
1559,970,20,19,481.5,0,9148.5,returned,2025-04-26
1560,272,61,3,968.17,0,2904.51,delivered,2022-10-12
1561,1375,77,10,97.67,0,976.7,cancelled,2025-08-22
1562,746,128,10,216.83,0,2168.3,delivered,2022-07-06
1563,568,32,9,244.09,0,2196.81,shipped,2022-07-02
1564,335,196,8,542.59,19.54,4340.72,delivered,2025-10-03
1565,794,166,5,616.72,0,3083.6,shipped,2024-07-25
1566,892,136,1,28.67,0,28.67,pending,2024-10-01
1567,290,72,17,633.89,0,10776.13,delivered,2022-07-11
1568,450,133,16,298.55,0,4776.8,pending,2022-10-05
1569,810,98,11,66.06,22.18,726.66,returned,2022-06-07
1570,1801,108,10,541.06,0,5410.6,returned,2023-02-06
1571,20,81,14,637.31,0,8922.34,shipped,2024-06-25
1572,1644,23,8,713.25,17.69,5706,cancelled,2023-04-03
1573,412,50,6,724.2,19.79,4345.2,shipped,2024-05-12
1574,35,172,1,95.98,0,95.98,delivered,2025-04-12
1575,1607,83,7,806.73,0.09,5647.11,returned,2022-07-05
1576,1791,53,14,655.86,0,9182.04,cancelled,2022-07-21
1577,1462,171,7,845.83,0,5920.81,cancelled,2022-03-12
1578,794,12,14,654.54,0,9163.56,pending,2024-09-27
1579,799,9,7,332.46,0,2327.22,delivered,2023-01-05
1580,1296,102,3,573.77,0,1721.31,cancelled,2022-08-22
1581,1359,112,5,393.73,0,1968.65,returned,2023-03-28
1582,1217,70,12,100.2,22.64,1202.4,cancelled,2024-08-24
1583,252,50,19,724.2,0,13759.8,delivered,2023-06-03
1584,1315,47,8,645.14,0,5161.12,shipped,2022-01-28
1585,596,122,8,816.6,0,6532.8,delivered,2024-03-26
1586,1578,101,15,100.03,0,1500.45,returned,2022-10-21
1587,1901,79,13,60.77,0,790.01,shipped,2024-06-27
1588,553,125,17,142.11,0,2415.87,pending,2022-01-07
1589,1766,73,19,238.38,0,4529.22,shipped,2022-01-26
1590,91,62,16,166.62,0,2665.92,delivered,2022-02-08
1591,869,162,18,600.01,0,10800.18,returned,2025-03-10
1592,11,6,2,183.59,0,367.18,delivered,2022-06-07
1593,363,166,18,616.72,0,11100.96,returned,2024-11-19
1594,1269,88,13,646.25,0,8401.25,returned,2022-12-18
1595,1120,173,8,580.62,0,4644.96,pending,2024-09-15
1596,920,67,2,692.69,0,1385.38,shipped,2022-02-09
1597,823,22,16,119.41,0,1910.56,cancelled,2024-08-16
1598,639,74,18,221.84,27.71,3993.12,pending,2025-09-14
1599,1688,151,16,770.69,0,12331.04,shipped,2023-01-11
1600,2,154,12,890.6,10.46,10687.2,delivered,2023-06-28
1601,524,119,12,371.17,0,4454.04,shipped,2024-04-01
1602,1225,78,17,335.71,0,5707.07,returned,2025-05-12
1603,1026,194,15,510.14,0,7652.1,shipped,2024-11-24
1604,469,193,18,271.72,0,4890.96,delivered,2024-06-01
1605,143,111,18,281.59,0,5068.62,cancelled,2025-03-10
1606,393,82,18,286.13,11.31,5150.34,pending,2024-07-27
1607,1165,69,4,409.64,0.21,1638.56,shipped,2023-11-06
1608,579,194,4,510.14,0,2040.56,cancelled,2022-12-09
1609,1485,4,4,943.2,0,3772.8,cancelled,2024-02-09
1610,1259,112,13,393.73,0,5118.49,pending,2025-01-23
1611,221,64,13,663.35,0,8623.55,cancelled,2024-12-04
1612,768,34,13,827.62,23.23,10759.06,cancelled,2025-04-01
1613,1470,134,10,53.33,0,533.3,delivered,2025-10-28
1614,1242,100,12,779.66,0,9355.92,delivered,2024-06-05
1615,550,76,19,948.25,26.91,18016.75,returned,2022-06-02
1616,1375,199,11,565.45,0,6219.95,pending,2024-01-10
1617,6,167,2,277.82,22.61,555.64,pending,2023-03-02
1618,846,93,6,750.35,0,4502.1,returned,2022-05-27
1619,827,36,19,406.43,0,7722.17,cancelled,2023-04-16
1620,788,79,9,60.77,24.82,546.93,shipped,2025-02-15
1621,671,175,9,211.16,0,1900.44,pending,2022-10-06
1622,461,135,10,674.59,0,6745.9,pending,2023-05-15
1623,485,48,18,184.21,0,3315.78,returned,2024-12-09
1624,1359,173,1,580.62,6.39,580.62,cancelled,2024-10-25
1625,1565,141,16,621.99,0,9951.84,returned,2022-07-28
1626,385,147,6,214.28,9.43,1285.68,shipped,2025-07-14
1627,230,65,10,202.76,0,2027.6,delivered,2023-08-02
1628,1046,152,17,911.9,25.61,15502.3,shipped,2024-04-06
1629,1030,31,8,158.16,0,1265.28,cancelled,2023-07-24
1630,1263,114,11,139.28,0,1532.08,pending,2023-08-22
1631,1542,149,6,515.34,0,3092.04,cancelled,2022-10-07
1632,1444,166,18,616.72,23.26,11100.96,returned,2023-12-03
1633,474,132,15,173.13,5.45,2596.95,delivered,2023-03-27
1634,1253,155,3,431.01,0.58,1293.03,cancelled,2025-08-07
1635,839,58,18,583.34,25.56,10500.12,delivered,2024-12-20
1636,932,135,4,674.59,0,2698.36,returned,2023-03-13
1637,187,52,1,370.49,0,370.49,shipped,2024-08-16
1638,155,138,2,557.12,14.04,1114.24,returned,2024-05-25
1639,861,28,2,829.59,18.77,1659.18,shipped,2024-03-23
1640,1389,186,3,627.64,7.43,1882.92,delivered,2023-02-10
1641,281,46,6,253.15,0,1518.9,shipped,2022-11-15
1642,1072,83,13,806.73,0,10487.49,returned,2025-01-20
1643,102,108,8,541.06,0,4328.48,returned,2022-01-19
1644,575,23,1,713.25,0,713.25,returned,2023-10-24
1645,1595,140,3,966.17,0,2898.51,delivered,2024-06-10
1646,1104,9,7,332.46,0,2327.22,delivered,2024-10-07
1647,486,191,6,778.27,14.95,4669.62,shipped,2022-02-04
1648,1236,70,4,100.2,0,400.8,delivered,2022-03-09
1649,1880,2,12,667,29.27,8004,pending,2023-03-03
1650,591,33,16,253.97,0,4063.52,cancelled,2022-03-25
1651,1257,134,13,53.33,0,693.29,delivered,2024-07-01
1652,1152,71,18,903.42,0,16261.56,cancelled,2025-10-14
1653,1140,162,16,600.01,0,9600.16,returned,2023-04-27
1654,1552,48,18,184.21,9.84,3315.78,delivered,2025-05-17
1655,1091,32,1,244.09,0,244.09,shipped,2023-02-14
1656,1962,8,13,581.03,7.84,7553.39,delivered,2022-12-10
1657,1475,143,5,59.58,0,297.9,shipped,2025-09-06
1658,789,3,7,536.43,0,3755.01,pending,2024-07-01
1659,440,193,8,271.72,29.28,2173.76,cancelled,2025-11-05
1660,1549,52,8,370.49,3.2,2963.92,delivered,2022-06-12
1661,1662,200,19,990.22,0.02,18814.18,shipped,2023-07-01
1662,703,137,17,358.4,3.3,6092.8,shipped,2025-03-21
1663,243,58,11,583.34,0,6416.74,pending,2025-07-14
1664,1620,124,3,809.49,0,2428.47,shipped,2025-06-17
1665,1809,29,19,717.02,0,13623.38,delivered,2023-12-06
1666,1920,114,15,139.28,0,2089.2,pending,2023-11-22
1667,187,31,19,158.16,0,3005.04,pending,2024-11-05
1668,1318,117,6,660.46,14.83,3962.76,shipped,2025-11-07
1669,695,114,19,139.28,28.74,2646.32,delivered,2023-07-06
1670,389,43,7,64.03,0,448.21,pending,2023-02-12
1671,1891,10,18,859.56,0,15472.08,returned,2022-07-03
1672,1944,85,8,378.98,2.27,3031.84,delivered,2022-11-07
1673,521,194,17,510.14,0,8672.38,delivered,2023-12-24
1674,468,118,10,380.05,20.03,3800.5,returned,2024-02-25
1675,869,124,4,809.49,14.99,3237.96,returned,2022-08-07
1676,538,129,10,730.46,0,7304.6,delivered,2024-06-14
1677,1974,90,3,592.32,28.73,1776.96,shipped,2024-09-03
1678,436,51,18,328.87,0,5919.66,cancelled,2023-12-09
1679,1744,187,1,626.35,0,626.35,cancelled,2024-10-19
1680,452,41,11,693.85,26.76,7632.35,shipped,2025-12-06
1681,7,82,10,286.13,0,2861.3,shipped,2025-09-13
1682,685,85,11,378.98,3.67,4168.78,shipped,2024-01-24
1683,976,105,11,317.66,0,3494.26,pending,2024-10-24
1684,6,161,1,81.95,0,81.95,returned,2024-10-19
1685,386,162,11,600.01,0,6600.11,returned,2023-11-11
1686,1236,35,6,645.79,0,3874.74,delivered,2023-09-06
1687,151,80,15,59.51,0,892.65,cancelled,2025-10-23
1688,12,25,18,219.32,5.88,3947.76,delivered,2024-06-03
1689,1933,161,8,81.95,0,655.6,pending,2022-12-27
1690,541,148,18,72.74,0,1309.32,cancelled,2022-09-24
1691,638,65,11,202.76,0,2230.36,cancelled,2024-04-22
1692,1613,118,5,380.05,0,1900.25,cancelled,2022-08-24
1693,651,14,11,550.62,0,6056.82,cancelled,2022-05-07
1694,1527,75,3,95.54,8.55,286.62,pending,2023-06-13
1695,796,67,19,692.69,0,13161.11,delivered,2024-08-16
1696,233,138,9,557.12,0,5014.08,shipped,2025-02-19
1697,462,82,10,286.13,0,2861.3,delivered,2024-03-27
1698,1445,175,13,211.16,0,2745.08,pending,2023-02-28
1699,1149,40,8,892.78,0,7142.24,returned,2025-08-23
1700,1739,94,13,8.03,19.85,104.39,delivered,2022-11-06
1701,868,70,7,100.2,0,701.4,delivered,2025-03-20
1702,1310,36,3,406.43,0,1219.29,shipped,2023-01-12
1703,534,64,11,663.35,0,7296.85,pending,2024-05-22
1704,1899,148,16,72.74,0,1163.84,pending,2025-01-16
1705,1700,187,13,626.35,0,8142.55,shipped,2025-08-06
1706,826,76,5,948.25,18.98,4741.25,pending,2024-12-16
1707,1266,5,9,604.81,0,5443.29,delivered,2022-05-20
1708,249,174,13,231.71,0,3012.23,delivered,2024-07-09
1709,591,10,16,859.56,0,13752.96,delivered,2025-09-18
1710,416,85,4,378.98,0,1515.92,returned,2022-08-06
1711,1111,73,11,238.38,0,2622.18,shipped,2023-06-15
1712,247,3,2,536.43,0,1072.86,delivered,2025-12-06
1713,932,121,4,963.7,12.22,3854.8,returned,2023-08-19
1714,1821,188,15,176.18,0,2642.7,pending,2025-01-10
1715,414,68,14,447.71,0,6267.94,shipped,2022-01-18
1716,1387,102,10,573.77,0.69,5737.7,shipped,2023-08-25
1717,1723,50,12,724.2,0,8690.4,pending,2025-11-15
1718,1574,30,15,125.04,23.22,1875.6,pending,2024-08-24
1719,1749,59,14,631.88,3.64,8846.32,delivered,2023-08-14
1720,1714,152,4,911.9,23.91,3647.6,pending,2022-08-09
1721,509,106,13,596.1,0,7749.3,shipped,2022-01-21
1722,46,10,15,859.56,15.83,12893.4,returned,2024-09-07
1723,1919,98,4,66.06,0,264.24,cancelled,2025-03-13
1724,1673,175,18,211.16,0,3800.88,delivered,2023-03-01
1725,620,200,3,990.22,0,2970.66,shipped,2025-07-11
1726,750,114,7,139.28,0,974.96,cancelled,2025-02-03
1727,525,153,9,22.28,0,200.52,pending,2025-05-12
1728,1615,40,6,892.78,5.58,5356.68,shipped,2024-09-25
1729,509,192,12,576.21,0,6914.52,pending,2024-05-06
1730,465,154,8,890.6,0,7124.8,shipped,2023-08-05
1731,342,125,17,142.11,4.06,2415.87,delivered,2022-05-08
1732,815,58,1,583.34,28.02,583.34,returned,2023-02-08
1733,605,134,8,53.33,23.28,426.64,pending,2023-07-11
1734,1752,167,14,277.82,0,3889.48,shipped,2023-07-26
1735,1765,3,6,536.43,3.56,3218.58,shipped,2022-02-19
1736,685,136,2,28.67,0,57.34,returned,2024-11-12
1737,1707,83,4,806.73,21.73,3226.92,returned,2024-03-06
1738,1680,65,1,202.76,26.21,202.76,delivered,2023-09-21
1739,359,168,10,701.25,4.7,7012.5,cancelled,2025-05-22
1740,1259,170,5,944.19,0,4720.95,returned,2023-11-13
1741,252,54,13,976.53,0,12694.89,shipped,2024-09-12
1742,509,168,1,701.25,0,701.25,delivered,2024-04-01
1743,148,97,1,305.05,0,305.05,delivered,2022-11-15
1744,1354,196,10,542.59,0,5425.9,returned,2023-11-18
1745,1832,193,2,271.72,1.74,543.44,pending,2025-09-03
1746,1357,139,4,43.53,4.99,174.12,returned,2022-05-08
1747,817,116,6,208.96,18.91,1253.76,delivered,2022-04-11
1748,1467,60,8,774.36,27.05,6194.88,returned,2022-05-20
1749,104,140,16,966.17,0,15458.72,pending,2022-03-10
1750,1236,2,4,667,0,2668,returned,2023-09-06
1751,680,75,16,95.54,0,1528.64,pending,2025-02-01
1752,1416,49,14,875.58,0,12258.12,cancelled,2023-09-16
1753,176,114,16,139.28,19.16,2228.48,shipped,2022-02-14
1754,690,165,12,583.18,0,6998.16,cancelled,2025-08-27
1755,1393,5,17,604.81,23.58,10281.77,shipped,2024-01-25
1756,1012,52,2,370.49,0,740.98,delivered,2022-01-22
1757,1795,72,16,633.89,0,10142.24,returned,2024-10-25
1758,977,196,2,542.59,0,1085.18,pending,2024-11-17
1759,1446,200,14,990.22,0,13863.08,cancelled,2024-04-19
1760,1787,31,8,158.16,0,1265.28,cancelled,2022-03-19
1761,1215,188,1,176.18,0,176.18,cancelled,2024-02-21
1762,1331,19,14,437.6,15.01,6126.4,pending,2025-08-02
1763,623,147,9,214.28,0,1928.52,shipped,2022-07-23
1764,783,188,14,176.18,0,2466.52,pending,2022-11-17
1765,1960,69,10,409.64,0,4096.4,pending,2025-10-24
1766,945,14,5,550.62,0,2753.1,delivered,2022-09-05
1767,1052,76,4,948.25,19.44,3793,shipped,2023-05-18
1768,435,33,12,253.97,19.14,3047.64,returned,2022-08-21
1769,713,128,16,216.83,0,3469.28,shipped,2025-06-08
1770,120,11,13,67.82,0,881.66,pending,2025-11-27
1771,64,39,17,211.25,0,3591.25,returned,2024-08-01
1772,59,50,8,724.2,0,5793.6,returned,2022-09-24
1773,1434,127,12,623.12,0,7477.44,delivered,2025-04-20
1774,1540,12,8,654.54,0,5236.32,shipped,2023-11-05
1775,1170,102,16,573.77,0,9180.32,pending,2022-04-13
1776,1207,90,16,592.32,16.01,9477.12,returned,2024-02-20
1777,1694,110,4,77.9,0,311.6,delivered,2023-11-10
1778,778,159,19,174.14,0,3308.66,cancelled,2025-10-20
1779,1734,61,5,968.17,0,4840.85,cancelled,2022-07-15
1780,870,43,12,64.03,0,768.36,delivered,2023-12-16
1781,1099,195,14,515.75,0,7220.5,returned,2025-12-13
1782,1253,46,4,253.15,0,1012.6,pending,2022-02-28
1783,649,191,9,778.27,0,7004.43,pending,2024-09-10
1784,967,65,10,202.76,0,2027.6,pending,2024-06-16
1785,1941,184,8,385.1,27.32,3080.8,shipped,2023-09-15
1786,1529,99,15,47.38,25.52,710.7,shipped,2023-05-09
1787,881,116,18,208.96,0,3761.28,cancelled,2024-02-03
1788,278,71,2,903.42,0,1806.84,cancelled,2023-04-14
1789,1726,157,17,83.71,6.9,1423.07,returned,2024-06-16
1790,1148,170,8,944.19,0,7553.52,cancelled,2022-07-05
1791,1327,177,5,350.23,0,1751.15,delivered,2022-03-15
1792,1392,53,6,655.86,0,3935.16,delivered,2023-02-28
1793,876,44,16,690.47,0,11047.52,delivered,2025-06-08
1794,268,174,6,231.71,0,1390.26,returned,2022-08-08
1795,628,56,8,561.69,0,4493.52,shipped,2025-04-12
1796,1956,14,1,550.62,0,550.62,cancelled,2024-08-02
1797,1200,121,10,963.7,7.28,9637,shipped,2023-03-02
1798,932,191,10,778.27,0,7782.7,returned,2024-10-04
1799,494,104,13,386.74,4.24,5027.62,shipped,2024-08-25
1800,309,123,5,58.49,0,292.45,returned,2023-08-03
1801,702,78,17,335.71,0,5707.07,returned,2024-08-08
1802,1162,10,1,859.56,13.3,859.56,shipped,2022-06-15
1803,974,35,17,645.79,0,10978.43,shipped,2025-01-28
1804,227,103,4,661.57,8.38,2646.28,cancelled,2023-02-12
1805,1127,180,2,774.95,0,1549.9,cancelled,2024-08-08
1806,1793,122,14,816.6,0,11432.4,shipped,2023-05-20
1807,345,165,9,583.18,0,5248.62,cancelled,2024-07-19
1808,540,155,9,431.01,0,3879.09,cancelled,2025-04-18
1809,1745,182,9,718.6,0,6467.4,shipped,2025-12-09
1810,588,152,12,911.9,0,10942.8,returned,2023-04-16
1811,1899,90,8,592.32,0,4738.56,delivered,2023-08-11
1812,1005,73,12,238.38,0,2860.56,delivered,2025-02-05
1813,1509,69,10,409.64,0,4096.4,cancelled,2022-07-20
1814,1536,199,1,565.45,0,565.45,pending,2024-04-14
1815,1290,158,18,150.99,0,2717.82,delivered,2024-12-01
1816,1334,130,14,420.65,0,5889.1,delivered,2022-08-06
1817,1144,109,17,21.24,4.12,361.08,shipped,2025-02-25
1818,504,92,2,52.57,0,105.14,delivered,2025-01-16
1819,614,12,13,654.54,0,8509.02,cancelled,2025-12-06
1820,78,25,10,219.32,0,2193.2,pending,2022-01-04
1821,1405,29,8,717.02,0.83,5736.16,cancelled,2022-07-06
1822,763,143,2,59.58,0,119.16,cancelled,2025-11-15
1823,34,16,17,846.4,23.81,14388.8,delivered,2023-12-23
1824,983,6,1,183.59,0,183.59,shipped,2023-02-27
1825,374,33,7,253.97,0,1777.79,delivered,2022-01-17
1826,1299,101,2,100.03,0,200.06,returned,2023-09-04
1827,1789,185,11,326.55,0,3592.05,delivered,2025-10-21
1828,1967,9,2,332.46,0,664.92,returned,2024-01-02
1829,1447,188,5,176.18,0,880.9,pending,2024-03-23
1830,413,175,18,211.16,8.56,3800.88,cancelled,2025-06-14
1831,698,114,7,139.28,0,974.96,shipped,2024-01-14
1832,11,195,5,515.75,0,2578.75,pending,2025-02-28
1833,700,186,5,627.64,0,3138.2,returned,2025-01-05
1834,729,120,8,239.25,12.68,1914,pending,2023-05-14
1835,1119,103,12,661.57,0,7938.84,returned,2025-10-23
1836,1702,159,13,174.14,6.69,2263.82,pending,2025-07-02
1837,1977,177,19,350.23,0,6654.37,pending,2022-07-16
1838,1832,75,12,95.54,0,1146.48,shipped,2024-11-17
1839,1921,188,1,176.18,0,176.18,pending,2022-06-26
1840,1581,135,6,674.59,0,4047.54,pending,2023-03-09
1841,102,148,9,72.74,2.77,654.66,delivered,2024-08-28
1842,1926,139,10,43.53,0,435.3,pending,2023-06-13
1843,1175,142,6,446.08,18.13,2676.48,delivered,2022-01-04
1844,412,29,7,717.02,0.56,5019.14,delivered,2025-08-27
1845,881,77,19,97.67,28.55,1855.73,returned,2023-02-16
1846,1854,46,1,253.15,0,253.15,shipped,2022-02-28
1847,247,12,5,654.54,15.63,3272.7,returned,2025-09-22
1848,937,124,12,809.49,18.72,9713.88,shipped,2024-07-08
1849,245,199,15,565.45,0,8481.75,cancelled,2024-06-02
1850,1440,51,2,328.87,15.12,657.74,delivered,2025-05-24
1851,195,153,16,22.28,0,356.48,delivered,2024-01-03
1852,1632,155,8,431.01,5.96,3448.08,delivered,2024-05-10
1853,1610,135,10,674.59,0,6745.9,delivered,2022-05-06
1854,1628,123,11,58.49,0,643.39,returned,2025-09-12
1855,116,62,3,166.62,0,499.86,shipped,2023-04-19
1856,763,146,2,629.33,0,1258.66,returned,2024-11-07
1857,1506,199,2,565.45,0,1130.9,shipped,2023-11-08
1858,734,59,18,631.88,0,11373.84,returned,2024-06-03
1859,1983,175,14,211.16,20.4,2956.24,returned,2025-10-13
1860,889,49,11,875.58,0,9631.38,cancelled,2022-06-08
1861,1163,94,3,8.03,0,24.09,cancelled,2023-06-08
1862,1309,75,15,95.54,0,1433.1,pending,2023-03-14
1863,434,23,14,713.25,0,9985.5,cancelled,2024-07-12
1864,549,59,7,631.88,0,4423.16,shipped,2022-03-05
1865,1765,137,2,358.4,0,716.8,delivered,2023-10-24
1866,1327,66,11,397.63,0,4373.93,delivered,2022-04-10
1867,523,57,12,141.75,0,1701,shipped,2024-10-04
1868,681,179,10,450.55,27.55,4505.5,returned,2022-04-23
1869,109,193,8,271.72,12.89,2173.76,cancelled,2022-01-28
1870,1596,112,17,393.73,22.18,6693.41,pending,2023-02-06
1871,1459,28,4,829.59,19.38,3318.36,cancelled,2023-06-06
1872,790,77,8,97.67,4.27,781.36,delivered,2023-11-24
1873,1400,182,15,718.6,0,10779,pending,2023-10-28
1874,1026,21,19,554.6,0,10537.4,returned,2022-12-21
1875,1449,79,3,60.77,17.03,182.31,cancelled,2022-12-18
1876,1671,10,9,859.56,0,7736.04,returned,2024-06-20
1877,118,195,3,515.75,0,1547.25,pending,2023-03-23
1878,1811,184,16,385.1,12.16,6161.6,cancelled,2023-05-24
1879,1993,114,9,139.28,0,1253.52,pending,2024-11-04
1880,1449,131,13,652.89,0,8487.57,delivered,2023-01-12
1881,63,77,11,97.67,17.04,1074.37,pending,2025-07-07
1882,452,185,3,326.55,0.72,979.65,cancelled,2025-07-11
1883,793,137,1,358.4,24.55,358.4,shipped,2025-06-26
1884,122,175,16,211.16,9.89,3378.56,delivered,2024-09-01
1885,34,9,13,332.46,0,4321.98,cancelled,2024-09-10
1886,663,5,1,604.81,18.36,604.81,returned,2022-01-23
1887,1893,173,1,580.62,0,580.62,cancelled,2023-11-26
1888,1282,108,6,541.06,13.67,3246.36,delivered,2024-09-20
1889,332,157,14,83.71,12.24,1171.94,shipped,2024-09-25
1890,552,63,8,560.31,0,4482.48,returned,2023-06-01
1891,422,159,1,174.14,24.8,174.14,returned,2025-04-09
1892,306,162,6,600.01,9.06,3600.06,shipped,2024-01-17
1893,646,195,10,515.75,0,5157.5,delivered,2025-10-17
1894,1105,192,18,576.21,0,10371.78,returned,2024-05-17
1895,1411,135,1,674.59,27.01,674.59,pending,2022-06-13
1896,806,58,8,583.34,23.64,4666.72,delivered,2022-11-17
1897,797,88,3,646.25,20.24,1938.75,shipped,2022-06-17
1898,885,160,14,574.94,13.13,8049.16,cancelled,2025-02-14
1899,20,112,16,393.73,0,6299.68,cancelled,2023-07-21
1900,1773,102,7,573.77,0,4016.39,returned,2025-07-22
1901,1118,127,9,623.12,0,5608.08,shipped,2024-01-24
1902,771,41,19,693.85,0,13183.15,pending,2024-06-15
1903,1194,112,11,393.73,25.55,4331.03,returned,2022-06-02
1904,1813,164,10,527.51,0,5275.1,shipped,2022-06-19
1905,1775,176,14,850.78,0,11910.92,pending,2024-09-01
1906,329,119,1,371.17,0,371.17,cancelled,2025-07-18
1907,1256,20,1,481.5,8.95,481.5,cancelled,2024-06-08
1908,450,9,3,332.46,0,997.38,shipped,2022-11-03
1909,252,38,15,458.13,16.82,6871.95,cancelled,2024-11-11
1910,824,144,16,247.92,0,3966.72,returned,2025-06-08
1911,1753,157,2,83.71,0,167.42,returned,2022-01-17
1912,944,162,7,600.01,0,4200.07,delivered,2025-04-14
1913,1306,41,16,693.85,0,11101.6,cancelled,2022-10-10
1914,661,184,6,385.1,0,2310.6,returned,2025-01-28
1915,1435,29,19,717.02,0,13623.38,delivered,2024-01-24
1916,1496,183,12,656.46,0,7877.52,delivered,2025-01-23
1917,1181,160,16,574.94,0,9199.04,cancelled,2023-11-04
1918,1520,49,13,875.58,0,11382.54,shipped,2024-11-12
1919,478,106,14,596.1,0,8345.4,delivered,2024-08-19
1920,807,151,10,770.69,0,7706.9,shipped,2025-12-01
1921,1215,3,1,536.43,21.88,536.43,pending,2022-04-15
1922,604,168,9,701.25,0,6311.25,returned,2025-03-21
1923,884,162,8,600.01,0,4800.08,delivered,2022-10-19
1924,646,6,1,183.59,0,183.59,returned,2022-10-25
1925,1594,167,17,277.82,2.08,4722.94,cancelled,2024-02-17
1926,788,56,18,561.69,0,10110.42,shipped,2023-12-03
1927,1665,101,16,100.03,28.8,1600.48,cancelled,2025-11-27
1928,50,80,18,59.51,0,1071.18,returned,2022-05-16
1929,778,133,17,298.55,0,5075.35,cancelled,2024-06-28
1930,935,97,1,305.05,0,305.05,cancelled,2023-03-07
1931,500,178,10,354.22,0,3542.2,returned,2025-04-05
1932,327,152,4,911.9,15.31,3647.6,shipped,2024-03-12
1933,676,2,11,667,0,7337,pending,2022-11-01
1934,1074,43,18,64.03,0,1152.54,cancelled,2025-10-03
1935,468,172,2,95.98,0,191.96,delivered,2023-03-21
1936,1374,120,16,239.25,18.76,3828,cancelled,2024-03-20
1937,2000,35,13,645.79,0,8395.27,cancelled,2022-12-23
1938,130,69,1,409.64,14.07,409.64,pending,2025-02-26
1939,134,32,3,244.09,0,732.27,delivered,2025-11-11
1940,1819,197,17,822.64,8.05,13984.88,shipped,2022-08-25
1941,880,108,16,541.06,0,8656.96,pending,2025-01-06
1942,344,142,14,446.08,0,6245.12,delivered,2023-02-26
1943,307,21,8,554.6,27.29,4436.8,delivered,2025-06-17
1944,1567,75,7,95.54,27.38,668.78,shipped,2025-08-04
1945,148,36,11,406.43,9.44,4470.73,delivered,2022-12-21
1946,468,89,8,968.98,0,7751.84,returned,2024-11-13
1947,259,84,1,903.84,0,903.84,pending,2024-08-23
1948,517,140,8,966.17,0,7729.36,returned,2025-06-16
1949,42,199,4,565.45,0,2261.8,delivered,2025-04-26
1950,503,88,11,646.25,0,7108.75,shipped,2024-06-19
1951,891,185,6,326.55,8.31,1959.3,delivered,2022-10-01
1952,1495,91,12,916.22,22.8,10994.64,cancelled,2024-06-14
1953,1093,164,8,527.51,2.29,4220.08,delivered,2022-08-19
1954,1706,164,19,527.51,0,10022.69,delivered,2023-04-08
1955,899,79,9,60.77,0,546.93,pending,2024-01-14
1956,865,69,18,409.64,0,7373.52,delivered,2025-11-14
1957,730,112,18,393.73,0,7087.14,shipped,2023-08-08
1958,114,2,4,667,0,2668,pending,2022-03-08
1959,276,186,5,627.64,0,3138.2,returned,2022-03-19
1960,913,117,6,660.46,0,3962.76,shipped,2025-09-14
1961,653,117,12,660.46,0,7925.52,cancelled,2025-01-26
1962,1564,112,1,393.73,24.49,393.73,pending,2023-11-07
1963,1174,199,8,565.45,0,4523.6,delivered,2023-12-02
1964,1061,34,16,827.62,12.21,13241.92,returned,2022-08-13
1965,608,157,16,83.71,0,1339.36,cancelled,2025-09-14
1966,1768,48,15,184.21,0,2763.15,pending,2022-01-15
1967,552,198,14,380.95,0,5333.3,pending,2024-07-24
1968,1854,64,2,663.35,0,1326.7,returned,2024-05-19
1969,1507,199,15,565.45,0,8481.75,delivered,2024-09-10
1970,1704,148,16,72.74,25.58,1163.84,pending,2024-01-13
1971,66,55,13,112.9,0,1467.7,delivered,2022-06-10
1972,722,146,18,629.33,0,11327.94,pending,2025-06-03
1973,1643,99,12,47.38,0,568.56,returned,2024-08-03
1974,487,162,1,600.01,1.66,600.01,returned,2025-12-18
1975,45,100,2,779.66,0,1559.32,pending,2022-04-09
1976,376,43,15,64.03,9.52,960.45,cancelled,2025-09-07
1977,209,91,17,916.22,0,15575.74,pending,2024-06-26
1978,1878,25,5,219.32,3.47,1096.6,returned,2024-07-23
1979,1161,128,16,216.83,19.24,3469.28,returned,2023-11-23
1980,261,17,15,122.61,0,1839.15,shipped,2022-06-23
1981,1145,199,7,565.45,0,3958.15,returned,2022-03-12
1982,513,42,17,874.09,0,14859.53,returned,2022-05-08
1983,1338,91,19,916.22,0,17408.18,shipped,2025-06-09
1984,277,66,2,397.63,0,795.26,shipped,2023-09-12
1985,58,7,5,669.43,17.78,3347.15,cancelled,2025-10-20
1986,1677,32,3,244.09,1.21,732.27,cancelled,2024-11-15
1987,282,127,16,623.12,27.33,9969.92,pending,2025-07-28
1988,392,145,7,593.41,17.47,4153.87,delivered,2023-05-03
1989,119,181,14,824.33,0,11540.62,delivered,2025-08-01
1990,953,106,14,596.1,0,8345.4,cancelled,2025-03-16
1991,1720,117,3,660.46,0,1981.38,pending,2024-04-15
1992,1671,30,19,125.04,0,2375.76,cancelled,2022-11-12
1993,1912,162,9,600.01,0,5400.09,shipped,2022-10-01
1994,1859,191,13,778.27,8.8,10117.51,shipped,2023-07-04
1995,1886,17,1,122.61,0,122.61,shipped,2025-12-21
1996,738,93,18,750.35,0,13506.3,shipped,2023-07-10
1997,1569,18,14,83.56,7.11,1169.84,delivered,2025-07-14
1998,1020,35,13,645.79,0,8395.27,cancelled,2025-05-06
1999,383,192,9,576.21,20.99,5185.89,pending,2023-03-21
2000,493,15,9,825.2,0,7426.8,pending,2023-06-21
2001,828,41,3,693.85,19.12,2081.55,cancelled,2022-03-18
2002,1512,177,4,350.23,25.28,1400.92,returned,2022-05-08
2003,1600,73,19,238.38,0.78,4529.22,returned,2024-04-17
2004,1299,47,3,645.14,0,1935.42,delivered,2023-09-07
2005,1259,159,3,174.14,0,522.42,delivered,2022-08-01
2006,154,149,6,515.34,26.99,3092.04,pending,2025-06-06
2007,623,67,14,692.69,22.74,9697.66,delivered,2022-05-01
2008,546,123,3,58.49,0,175.47,delivered,2022-05-21
2009,1331,16,4,846.4,0,3385.6,cancelled,2025-10-01
2010,1599,92,2,52.57,0,105.14,cancelled,2023-09-09
2011,1612,119,9,371.17,0,3340.53,returned,2024-05-28
2012,259,184,16,385.1,0,6161.6,cancelled,2023-01-24
2013,1363,3,5,536.43,28.34,2682.15,pending,2022-11-28
2014,213,78,10,335.71,0,3357.1,returned,2025-01-17
2015,790,6,16,183.59,0,2937.44,delivered,2022-07-18
2016,1106,95,15,988.58,4.31,14828.7,shipped,2022-01-06
2017,675,119,10,371.17,0,3711.7,pending,2024-01-24
2018,1164,159,6,174.14,0,1044.84,pending,2023-06-07
2019,1402,66,2,397.63,27.09,795.26,pending,2023-11-12
2020,1752,62,3,166.62,0,499.86,cancelled,2025-03-25
2021,156,77,18,97.67,12.04,1758.06,returned,2025-01-16
2022,246,25,13,219.32,0,2851.16,pending,2022-05-11
2023,164,184,1,385.1,3.2,385.1,shipped,2024-05-13
2024,796,20,8,481.5,3.08,3852,shipped,2024-02-04
2025,1473,124,9,809.49,0,7285.41,delivered,2023-04-09
2026,414,80,19,59.51,26.83,1130.69,shipped,2024-07-11
2027,1471,44,17,690.47,18.83,11737.99,cancelled,2024-10-25
2028,1643,162,9,600.01,0,5400.09,shipped,2024-03-07
2029,1601,43,8,64.03,0,512.24,pending,2023-04-15
2030,323,20,16,481.5,28.15,7704,cancelled,2024-11-03
2031,679,15,11,825.2,0,9077.2,shipped,2024-07-09
2032,444,189,5,492.26,0,2461.3,cancelled,2025-10-09
2033,1043,29,4,717.02,0,2868.08,pending,2025-11-14
2034,1804,155,7,431.01,2.3,3017.07,delivered,2023-01-10
2035,4,149,14,515.34,22.88,7214.76,pending,2025-05-25
2036,70,120,2,239.25,14.99,478.5,delivered,2025-10-26
2037,1987,23,17,713.25,0,12125.25,pending,2022-01-10
2038,161,69,17,409.64,8.24,6963.88,pending,2023-08-01
2039,306,64,10,663.35,2.3,6633.5,cancelled,2025-09-26
2040,642,172,19,95.98,8.8,1823.62,cancelled,2024-09-25
2041,1966,65,18,202.76,22.51,3649.68,cancelled,2023-06-17
2042,735,70,18,100.2,0,1803.6,pending,2023-06-09
2043,1777,53,13,655.86,26.42,8526.18,pending,2024-06-27
2044,405,4,12,943.2,0,11318.4,cancelled,2025-04-19
2045,634,200,1,990.22,0,990.22,cancelled,2025-10-26
2046,375,198,16,380.95,8.47,6095.2,cancelled,2024-03-25
2047,1418,10,13,859.56,13.34,11174.28,cancelled,2022-01-10
2048,376,92,1,52.57,20.74,52.57,delivered,2022-10-12
2049,1576,178,14,354.22,0,4959.08,delivered,2025-10-04
2050,843,85,19,378.98,0,7200.62,shipped,2024-11-04
2051,1924,145,9,593.41,0,5340.69,cancelled,2025-10-23
2052,558,87,18,600.01,0,10800.18,cancelled,2023-02-15
2053,302,137,12,358.4,0,4300.8,cancelled,2025-08-10
2054,381,43,12,64.03,15.21,768.36,delivered,2023-09-13
2055,328,44,17,690.47,0,11737.99,cancelled,2024-02-13
2056,1925,55,14,112.9,0,1580.6,returned,2023-06-19
2057,1555,180,1,774.95,0,774.95,delivered,2025-02-24
2058,404,124,13,809.49,0,10523.37,pending,2022-02-22
2059,192,123,17,58.49,0,994.33,returned,2023-04-04
2060,1348,102,2,573.77,0,1147.54,shipped,2023-08-07
2061,1114,100,15,779.66,0,11694.9,cancelled,2025-04-01
2062,876,1,15,932.66,0,13989.9,pending,2022-08-23
2063,62,25,2,219.32,0,438.64,cancelled,2025-05-17
2064,24,31,4,158.16,0,632.64,shipped,2024-11-16
2065,1495,99,17,47.38,0,805.46,shipped,2025-01-24
2066,1877,33,18,253.97,25.04,4571.46,pending,2023-12-19
2067,555,88,10,646.25,11.15,6462.5,pending,2025-01-14
2068,1052,47,1,645.14,26.4,645.14,shipped,2023-06-15
2069,721,70,14,100.2,0,1402.8,cancelled,2023-04-08
2070,1052,23,13,713.25,0,9272.25,cancelled,2023-02-18
2071,1892,96,1,697.43,27.57,697.43,pending,2024-10-25
2072,205,63,9,560.31,0,5042.79,delivered,2025-05-12
2073,1870,91,16,916.22,13.03,14659.52,pending,2023-03-09
2074,733,33,14,253.97,13.29,3555.58,delivered,2022-04-07
2075,520,43,1,64.03,0,64.03,delivered,2024-11-16
2076,904,98,9,66.06,0,594.54,returned,2025-10-17
2077,689,46,19,253.15,7.33,4809.85,returned,2022-12-15
2078,354,33,7,253.97,0,1777.79,delivered,2023-08-01
2079,780,99,8,47.38,0,379.04,pending,2023-03-05
2080,1903,112,14,393.73,20.32,5512.22,cancelled,2023-10-15
2081,1041,160,8,574.94,20.61,4599.52,pending,2023-12-04
2082,840,130,2,420.65,0,841.3,pending,2023-03-15
2083,1196,11,2,67.82,0,135.64,cancelled,2023-01-25
2084,1360,41,12,693.85,0,8326.2,pending,2022-03-03
2085,1158,41,16,693.85,0,11101.6,delivered,2023-01-04
2086,1669,48,3,184.21,0,552.63,shipped,2023-12-17
2087,55,71,6,903.42,0,5420.52,delivered,2023-08-19
2088,204,15,19,825.2,0,15678.8,returned,2025-05-13
2089,317,133,1,298.55,0,298.55,delivered,2025-06-26
2090,1132,165,4,583.18,19.34,2332.72,pending,2023-10-01
2091,164,197,15,822.64,0,12339.6,returned,2022-09-07
2092,1641,179,9,450.55,21.25,4054.95,returned,2022-11-25
2093,1602,194,16,510.14,0,8162.24,returned,2025-07-18
2094,1873,23,1,713.25,0,713.25,returned,2025-08-28
2095,364,106,9,596.1,0,5364.9,returned,2022-07-21
2096,1850,93,9,750.35,0,6753.15,pending,2023-10-03
2097,1941,158,5,150.99,0,754.95,pending,2022-12-08
2098,588,152,17,911.9,0,15502.3,delivered,2022-09-02
2099,889,173,16,580.62,0,9289.92,pending,2025-06-18
2100,1819,59,12,631.88,0,7582.56,returned,2024-03-14
2101,1195,51,9,328.87,0,2959.83,cancelled,2024-09-19
2102,567,81,1,637.31,0,637.31,delivered,2023-06-09
2103,693,152,4,911.9,24.33,3647.6,delivered,2024-06-19
2104,1063,188,9,176.18,0,1585.62,delivered,2023-09-28
2105,1410,46,5,253.15,0,1265.75,pending,2025-02-13
2106,977,105,14,317.66,2.35,4447.24,cancelled,2023-12-13
2107,200,22,18,119.41,14.12,2149.38,shipped,2025-11-18
2108,395,17,3,122.61,0,367.83,returned,2025-04-04
2109,746,60,19,774.36,0,14712.84,delivered,2023-03-24
2110,858,86,18,789.99,0,14219.82,delivered,2022-06-20
2111,1230,133,12,298.55,0,3582.6,pending,2022-02-24
2112,672,73,18,238.38,0,4290.84,shipped,2022-12-08
2113,104,143,9,59.58,0,536.22,shipped,2023-11-13
2114,1584,112,7,393.73,0,2756.11,delivered,2024-02-10
2115,1273,44,10,690.47,0,6904.7,cancelled,2023-02-24
2116,338,92,4,52.57,0,210.28,delivered,2025-09-02
2117,128,106,9,596.1,24.76,5364.9,shipped,2025-01-28
2118,242,41,11,693.85,0,7632.35,delivered,2024-11-15
2119,1065,104,7,386.74,0,2707.18,pending,2023-06-24
2120,936,20,7,481.5,0,3370.5,cancelled,2023-12-11
2121,936,185,3,326.55,0,979.65,delivered,2025-10-09
2122,916,161,10,81.95,0,819.5,shipped,2024-09-13
2123,1675,25,7,219.32,21.8,1535.24,pending,2022-12-23
2124,811,138,16,557.12,0,8913.92,delivered,2023-03-27
2125,934,54,4,976.53,0,3906.12,shipped,2024-08-16
2126,1311,132,6,173.13,0,1038.78,returned,2023-08-02
2127,931,23,11,713.25,0,7845.75,delivered,2022-05-17
2128,109,11,3,67.82,0,203.46,shipped,2022-10-10
2129,1929,8,15,581.03,0,8715.45,shipped,2023-06-17
2130,1521,112,7,393.73,0,2756.11,pending,2024-08-18
2131,1058,107,15,829.1,0,12436.5,delivered,2023-04-04
2132,1021,55,5,112.9,0,564.5,returned,2024-03-01
2133,1886,117,3,660.46,0,1981.38,delivered,2025-05-17
2134,1723,148,19,72.74,0,1382.06,shipped,2023-06-21
2135,1993,187,18,626.35,0,11274.3,shipped,2022-11-07
2136,457,88,8,646.25,0,5170,delivered,2022-06-01
2137,1633,148,10,72.74,0,727.4,returned,2022-05-22
2138,960,90,18,592.32,0,10661.76,cancelled,2022-10-27
2139,1477,37,12,235.47,10.11,2825.64,delivered,2024-04-06
2140,499,132,14,173.13,8.21,2423.82,pending,2025-01-02
2141,1171,162,13,600.01,25.94,7800.13,returned,2024-08-19
2142,504,70,18,100.2,17.51,1803.6,delivered,2024-02-09
2143,1818,193,5,271.72,0,1358.6,cancelled,2025-05-19
2144,1245,131,4,652.89,0,2611.56,pending,2025-03-25
2145,1066,126,6,118.97,20.81,713.82,shipped,2022-09-11
2146,302,193,15,271.72,0,4075.8,delivered,2023-12-01
2147,507,187,2,626.35,6.46,1252.7,pending,2022-09-05
2148,1135,165,18,583.18,6.63,10497.24,cancelled,2025-09-03
2149,1041,17,7,122.61,7.49,858.27,pending,2024-04-20
2150,761,65,3,202.76,19.54,608.28,returned,2022-03-19
2151,366,73,19,238.38,0,4529.22,delivered,2024-08-13
2152,886,197,1,822.64,0,822.64,returned,2022-07-15
2153,1287,86,3,789.99,0,2369.97,pending,2025-02-02
2154,1453,148,7,72.74,0,509.18,returned,2025-04-04
2155,1337,79,9,60.77,0,546.93,delivered,2023-09-06
2156,1170,75,18,95.54,0,1719.72,cancelled,2025-02-21
2157,1073,165,13,583.18,9.34,7581.34,shipped,2025-04-24
2158,893,164,17,527.51,0,8967.67,shipped,2023-08-11
2159,1380,146,8,629.33,0,5034.64,returned,2025-05-22
2160,196,72,2,633.89,0,1267.78,delivered,2023-12-23
2161,1349,108,18,541.06,0,9739.08,returned,2023-08-19
2162,1407,40,19,892.78,0,16962.82,pending,2025-09-25
2163,163,100,11,779.66,0,8576.26,delivered,2025-04-07
2164,1616,186,9,627.64,0,5648.76,cancelled,2025-09-14
2165,447,119,8,371.17,0,2969.36,cancelled,2023-05-10
2166,995,199,11,565.45,0,6219.95,returned,2022-03-03
2167,1046,81,15,637.31,0,9559.65,cancelled,2022-03-17
2168,394,88,8,646.25,0,5170,delivered,2023-02-02
2169,355,198,14,380.95,0,5333.3,cancelled,2023-04-21
2170,1687,188,7,176.18,0,1233.26,delivered,2022-11-02
2171,590,37,2,235.47,0,470.94,returned,2023-12-11
2172,852,15,14,825.2,3.97,11552.8,delivered,2024-08-08
2173,1981,68,13,447.71,0,5820.23,delivered,2025-06-23
2174,1135,122,18,816.6,0,14698.8,delivered,2025-10-18
2175,165,45,19,639.61,0.17,12152.59,returned,2025-03-02
2176,478,122,15,816.6,16.75,12249,pending,2025-09-01
2177,152,11,17,67.82,0,1152.94,pending,2022-11-16
2178,1976,83,10,806.73,0,8067.3,returned,2022-10-24
2179,1127,193,10,271.72,4.54,2717.2,returned,2023-06-15
2180,1472,60,9,774.36,0,6969.24,pending,2024-09-10
2181,1462,87,11,600.01,4.48,6600.11,pending,2024-03-16
2182,587,162,9,600.01,0,5400.09,pending,2024-04-09
2183,124,10,14,859.56,8.75,12033.84,returned,2022-01-17
2184,806,173,7,580.62,0,4064.34,shipped,2025-03-10
2185,298,67,10,692.69,0,6926.9,cancelled,2024-03-06
2186,404,151,9,770.69,0,6936.21,delivered,2024-04-15
2187,603,134,7,53.33,0,373.31,cancelled,2025-05-06
2188,1027,74,9,221.84,0,1996.56,pending,2023-11-18
2189,1894,183,4,656.46,0,2625.84,delivered,2024-02-23
2190,300,192,19,576.21,15.5,10947.99,pending,2022-06-15
2191,300,104,11,386.74,0,4254.14,shipped,2023-03-24
2192,508,17,18,122.61,13.28,2206.98,returned,2022-05-15
2193,1526,170,10,944.19,24.43,9441.9,shipped,2025-05-24
2194,728,179,16,450.55,0,7208.8,returned,2024-03-26
2195,1357,148,15,72.74,0,1091.1,cancelled,2025-05-01
2196,451,6,8,183.59,0,1468.72,returned,2023-07-21
2197,1347,28,12,829.59,0,9955.08,delivered,2022-02-12
2198,481,163,8,241.1,12.57,1928.8,cancelled,2025-08-18
2199,1591,4,15,943.2,22.15,14148,pending,2023-06-07
2200,55,121,17,963.7,0,16382.9,shipped,2023-11-02
2201,165,50,9,724.2,0,6517.8,pending,2024-09-18
2202,445,75,11,95.54,0,1050.94,shipped,2025-11-18
2203,1581,195,18,515.75,0,9283.5,shipped,2025-09-11
2204,1272,52,3,370.49,0,1111.47,cancelled,2022-05-20
2205,367,85,15,378.98,0,5684.7,delivered,2025-10-05
2206,1195,57,9,141.75,0,1275.75,pending,2024-12-14
2207,513,153,11,22.28,0,245.08,delivered,2025-08-11
2208,742,117,8,660.46,0,5283.68,pending,2024-06-19
2209,784,122,16,816.6,0,13065.6,cancelled,2023-08-27
2210,390,69,7,409.64,0,2867.48,delivered,2022-11-11
2211,597,33,7,253.97,0,1777.79,pending,2022-12-20
2212,463,190,16,524.31,0,8388.96,pending,2023-09-07
2213,251,68,7,447.71,0,3133.97,returned,2022-07-22
2214,289,111,5,281.59,0,1407.95,shipped,2023-04-09
2215,1508,179,3,450.55,0,1351.65,returned,2022-05-13
2216,725,9,2,332.46,0,664.92,delivered,2024-07-14
2217,1705,19,13,437.6,0,5688.8,delivered,2025-08-14
2218,1358,194,8,510.14,0,4081.12,pending,2025-02-13
2219,766,61,5,968.17,0,4840.85,cancelled,2025-12-04
2220,1949,123,4,58.49,0,233.96,returned,2025-04-20
2221,447,55,18,112.9,21.3,2032.2,delivered,2025-09-15
2222,1752,143,10,59.58,0,595.8,cancelled,2025-02-04
2223,1730,171,2,845.83,0,1691.66,delivered,2023-02-27
2224,805,106,1,596.1,10.19,596.1,pending,2022-09-15
2225,1276,196,15,542.59,0,8138.85,cancelled,2024-02-27
2226,1878,83,3,806.73,0,2420.19,returned,2025-12-18
2227,283,175,19,211.16,0,4012.04,pending,2022-09-16
2228,812,153,8,22.28,12.57,178.24,delivered,2025-08-19
2229,323,84,12,903.84,10.89,10846.08,shipped,2025-08-10
2230,1411,192,9,576.21,0,5185.89,shipped,2024-09-05
2231,1535,2,9,667,5.81,6003,cancelled,2025-05-13
2232,27,152,8,911.9,0,7295.2,pending,2023-02-13
2233,794,149,12,515.34,0,6184.08,pending,2024-12-26
2234,1049,142,8,446.08,0,3568.64,delivered,2023-10-24
2235,626,93,3,750.35,0,2251.05,cancelled,2023-10-20
2236,1614,28,13,829.59,0,10784.67,returned,2025-03-04
2237,120,113,4,129.9,0,519.6,pending,2022-02-11
2238,1723,59,8,631.88,0,5055.04,cancelled,2023-10-24
2239,1492,129,19,730.46,0,13878.74,shipped,2023-09-22
2240,303,195,8,515.75,0,4126,delivered,2022-11-14
2241,1654,38,19,458.13,20.12,8704.47,delivered,2023-04-27
2242,1818,81,18,637.31,4.2,11471.58,cancelled,2025-04-28
2243,1694,126,11,118.97,0,1308.67,cancelled,2025-11-22
2244,686,83,4,806.73,8.96,3226.92,delivered,2024-06-09
2245,305,129,6,730.46,0,4382.76,cancelled,2022-03-10
2246,1059,93,19,750.35,0,14256.65,pending,2025-04-13
2247,199,43,6,64.03,1.67,384.18,shipped,2024-12-11
2248,319,41,17,693.85,0,11795.45,shipped,2022-11-18
2249,70,38,8,458.13,0,3665.04,delivered,2022-02-04
2250,591,1,10,932.66,0,9326.6,pending,2025-08-26
2251,72,24,2,58.24,0,116.48,shipped,2023-07-15
2252,1349,68,16,447.71,0,7163.36,cancelled,2025-07-08
2253,890,38,5,458.13,0,2290.65,cancelled,2023-06-28
2254,305,167,5,277.82,0,1389.1,delivered,2022-05-28
2255,1584,117,5,660.46,0,3302.3,shipped,2023-12-19
2256,1862,113,3,129.9,0,389.7,pending,2024-11-23
2257,1434,134,14,53.33,0,746.62,cancelled,2022-08-09
2258,974,141,11,621.99,0,6841.89,shipped,2022-07-11
2259,1383,139,1,43.53,0,43.53,returned,2025-12-02
2260,1247,26,13,362.01,0,4706.13,cancelled,2025-05-21
2261,468,108,5,541.06,0,2705.3,shipped,2022-11-02
2262,1967,82,19,286.13,0,5436.47,delivered,2022-11-07
2263,1905,51,11,328.87,0,3617.57,returned,2022-01-03
2264,1127,142,7,446.08,23.05,3122.56,cancelled,2022-07-13
2265,1273,180,5,774.95,0,3874.75,delivered,2025-04-06
2266,247,52,13,370.49,0,4816.37,cancelled,2023-03-11
2267,422,181,1,824.33,0,824.33,delivered,2024-06-16
2268,1092,112,19,393.73,8.54,7480.87,returned,2022-09-12
2269,556,83,5,806.73,0,4033.65,delivered,2022-03-24
2270,1916,181,1,824.33,0,824.33,shipped,2024-01-18
2271,1254,109,9,21.24,0,191.16,returned,2023-02-21
2272,1172,35,10,645.79,0,6457.9,shipped,2024-02-04
2273,1070,53,2,655.86,0,1311.72,returned,2024-06-20
2274,1065,113,2,129.9,17.23,259.8,cancelled,2024-03-05
2275,575,174,15,231.71,0,3475.65,pending,2025-12-10
2276,1439,199,16,565.45,0,9047.2,shipped,2022-08-05
2277,1813,11,9,67.82,28.06,610.38,shipped,2023-02-16
2278,108,28,10,829.59,3.29,8295.9,delivered,2023-02-07
2279,1470,184,3,385.1,0,1155.3,cancelled,2025-11-14
2280,562,98,18,66.06,0,1189.08,delivered,2023-12-17
2281,1532,35,3,645.79,1.2,1937.37,pending,2025-03-22
2282,1269,131,7,652.89,0,4570.23,cancelled,2022-05-27
2283,1652,121,17,963.7,0,16382.9,returned,2023-04-04
2284,1860,1,8,932.66,0,7461.28,shipped,2022-07-11
2285,1419,20,6,481.5,0,2889,delivered,2025-01-17
2286,82,62,16,166.62,0,2665.92,delivered,2024-07-20
2287,1469,12,6,654.54,0,3927.24,returned,2025-09-02
2288,1937,24,19,58.24,0,1106.56,pending,2024-12-15
2289,1951,145,6,593.41,0,3560.46,cancelled,2022-04-04
2290,947,86,18,789.99,0,14219.82,pending,2022-12-07
2291,1997,139,13,43.53,0,565.89,pending,2024-07-13
2292,228,183,19,656.46,0,12472.74,pending,2022-10-12
2293,275,63,12,560.31,25.48,6723.72,pending,2025-12-04
2294,207,131,17,652.89,0,11099.13,returned,2025-08-06
2295,278,83,16,806.73,13.01,12907.68,delivered,2022-06-26
2296,896,67,19,692.69,6.27,13161.11,shipped,2025-01-09
2297,949,184,1,385.1,0,385.1,returned,2023-08-01
2298,24,43,8,64.03,0,512.24,shipped,2025-03-08
2299,435,87,8,600.01,0,4800.08,delivered,2023-02-04
2300,1696,79,2,60.77,8.11,121.54,shipped,2025-05-19
2301,53,41,2,693.85,20.81,1387.7,pending,2024-10-13
2302,946,194,6,510.14,0,3060.84,returned,2023-03-03
2303,210,139,18,43.53,0,783.54,returned,2022-02-15
2304,507,182,2,718.6,4.15,1437.2,delivered,2023-05-05
2305,1108,72,9,633.89,0,5705.01,shipped,2023-07-21
2306,655,192,1,576.21,19.63,576.21,pending,2022-12-19
2307,1809,5,6,604.81,5.06,3628.86,delivered,2025-10-08
2308,910,73,4,238.38,13.1,953.52,pending,2022-10-26
2309,166,32,14,244.09,0,3417.26,shipped,2025-12-13
2310,542,116,8,208.96,0,1671.68,cancelled,2023-11-15
2311,1833,94,15,8.03,16.21,120.45,pending,2024-10-17
2312,337,66,3,397.63,0,1192.89,pending,2025-07-13
2313,1401,88,11,646.25,0,7108.75,shipped,2022-09-14
2314,1301,160,15,574.94,0,8624.1,delivered,2022-04-23
2315,97,172,15,95.98,0,1439.7,returned,2024-08-18
2316,205,91,15,916.22,0,13743.3,delivered,2025-07-07
2317,798,30,18,125.04,20.1,2250.72,shipped,2025-03-06
2318,579,109,8,21.24,0,169.92,returned,2025-05-05
2319,945,115,2,763.04,21.05,1526.08,shipped,2024-12-22
2320,1568,33,19,253.97,0,4825.43,returned,2023-09-14
2321,415,45,6,639.61,0,3837.66,shipped,2022-02-05
2322,1346,173,17,580.62,0,9870.54,cancelled,2024-06-24
2323,92,8,6,581.03,28.28,3486.18,pending,2024-09-11
2324,690,57,3,141.75,0,425.25,cancelled,2024-02-10
2325,1825,5,13,604.81,0,7862.53,pending,2022-04-01
2326,1396,55,13,112.9,0,1467.7,shipped,2023-12-26
2327,499,183,14,656.46,0,9190.44,shipped,2024-09-19
2328,247,133,7,298.55,6.53,2089.85,cancelled,2022-07-23
2329,424,18,16,83.56,0,1336.96,shipped,2023-07-25
2330,74,19,6,437.6,0,2625.6,returned,2022-05-27
2331,1344,112,12,393.73,0,4724.76,pending,2024-08-19
2332,989,179,3,450.55,18.75,1351.65,pending,2023-05-27
2333,1865,74,16,221.84,9.13,3549.44,pending,2023-04-20
2334,1482,156,15,200.01,18.53,3000.15,pending,2022-10-03
2335,1426,128,19,216.83,4.96,4119.77,pending,2022-05-17
2336,143,70,12,100.2,0,1202.4,delivered,2024-05-23
2337,66,115,19,763.04,2.71,14497.76,returned,2023-10-25
2338,673,20,18,481.5,0,8667,returned,2025-02-14
2339,1760,62,18,166.62,0,2999.16,returned,2024-01-27
2340,401,187,6,626.35,0,3758.1,returned,2025-11-18
2341,17,165,18,583.18,0,10497.24,cancelled,2022-03-18
2342,1881,155,19,431.01,0,8189.19,pending,2022-03-03
2343,127,47,3,645.14,0,1935.42,cancelled,2024-02-24
2344,1871,50,2,724.2,0,1448.4,shipped,2024-12-02
2345,1003,170,5,944.19,0,4720.95,shipped,2022-06-20
2346,588,27,16,141.19,0.8,2259.04,cancelled,2023-01-06
2347,567,176,12,850.78,0,10209.36,pending,2023-01-27
2348,387,146,4,629.33,19.31,2517.32,shipped,2024-12-27
2349,1559,185,1,326.55,4.22,326.55,cancelled,2024-12-07
2350,707,75,10,95.54,0,955.4,returned,2022-08-07
2351,689,70,4,100.2,0,400.8,cancelled,2025-06-12
2352,315,163,14,241.1,0,3375.4,pending,2025-06-01
2353,1047,63,12,560.31,22.32,6723.72,pending,2022-04-17
2354,88,183,10,656.46,0,6564.6,cancelled,2022-01-22
2355,1386,25,4,219.32,0,877.28,returned,2024-05-01
2356,1865,51,7,328.87,0,2302.09,delivered,2024-04-19
2357,354,188,1,176.18,0,176.18,delivered,2022-07-21
2358,785,24,13,58.24,0,757.12,cancelled,2025-06-07
2359,1778,4,3,943.2,0,2829.6,returned,2022-11-03
2360,281,85,19,378.98,0,7200.62,cancelled,2023-04-10
2361,1498,49,13,875.58,0,11382.54,cancelled,2024-06-08
2362,1976,116,18,208.96,28.78,3761.28,pending,2022-07-10
2363,883,155,4,431.01,24.36,1724.04,cancelled,2025-03-04
2364,1815,175,14,211.16,0,2956.24,pending,2023-09-24
2365,1991,80,9,59.51,0,535.59,returned,2025-09-26
2366,1336,157,1,83.71,0.88,83.71,cancelled,2024-06-05
2367,1097,189,13,492.26,0,6399.38,delivered,2023-09-24
2368,254,91,12,916.22,0,10994.64,pending,2025-11-18
2369,1535,56,6,561.69,0,3370.14,delivered,2022-10-20
2370,701,197,12,822.64,0,9871.68,pending,2024-06-18
2371,719,163,12,241.1,0,2893.2,pending,2025-05-23
2372,1188,187,10,626.35,23.87,6263.5,delivered,2022-05-14
2373,1105,183,10,656.46,0,6564.6,delivered,2024-04-04
2374,1913,26,19,362.01,0,6878.19,shipped,2022-09-04
2375,893,150,8,533.49,0,4267.92,shipped,2022-11-14
2376,40,130,19,420.65,6.46,7992.35,delivered,2022-02-27
2377,1370,63,7,560.31,3.08,3922.17,pending,2022-07-23
2378,274,101,7,100.03,0,700.21,returned,2023-11-24
2379,675,192,3,576.21,0,1728.63,shipped,2022-09-25
2380,141,59,4,631.88,0,2527.52,pending,2022-04-12
2381,490,137,7,358.4,4.62,2508.8,cancelled,2023-07-01
2382,30,115,5,763.04,11.18,3815.2,pending,2023-05-08
2383,501,145,11,593.41,0,6527.51,cancelled,2023-10-24
2384,177,40,13,892.78,0,11606.14,delivered,2023-08-16
2385,1009,80,5,59.51,13.7,297.55,delivered,2024-10-28
2386,1561,86,9,789.99,0,7109.91,shipped,2025-04-27
2387,559,84,9,903.84,29.39,8134.56,shipped,2025-01-26
2388,415,6,17,183.59,0,3121.03,shipped,2025-01-25
2389,35,141,2,621.99,22.66,1243.98,shipped,2024-08-24
2390,1302,68,5,447.71,26.2,2238.55,shipped,2022-02-14
2391,1657,38,2,458.13,0,916.26,cancelled,2022-11-19
2392,1885,138,13,557.12,29.06,7242.56,delivered,2024-08-18
2393,760,63,11,560.31,13.28,6163.41,shipped,2022-07-11
2394,959,112,16,393.73,0,6299.68,returned,2025-11-25
2395,807,32,9,244.09,0,2196.81,shipped,2024-11-22
2396,148,124,17,809.49,0,13761.33,shipped,2023-03-23
2397,1127,145,16,593.41,0,9494.56,cancelled,2024-08-17
2398,651,148,10,72.74,0,727.4,cancelled,2025-09-11
2399,1503,33,14,253.97,0,3555.58,returned,2024-08-02
2400,1131,174,4,231.71,21.54,926.84,cancelled,2023-11-21
2401,262,136,1,28.67,0,28.67,shipped,2023-02-17
2402,60,87,11,600.01,10.65,6600.11,delivered,2025-04-21
2403,275,165,17,583.18,0,9914.06,delivered,2023-10-17
2404,369,100,8,779.66,0,6237.28,cancelled,2025-08-02
2405,1093,7,3,669.43,2.83,2008.29,returned,2023-04-05
2406,1701,146,2,629.33,16.17,1258.66,shipped,2025-07-26
2407,411,33,6,253.97,0,1523.82,pending,2023-01-04
2408,1117,65,9,202.76,0,1824.84,delivered,2022-11-19
2409,1364,73,18,238.38,0,4290.84,returned,2023-03-26
2410,902,96,14,697.43,0,9764.02,delivered,2023-01-09
2411,584,59,12,631.88,0,7582.56,returned,2022-08-04
2412,762,63,18,560.31,0,10085.58,shipped,2024-01-03
2413,191,11,8,67.82,0,542.56,shipped,2024-02-11
2414,664,20,5,481.5,0,2407.5,pending,2022-02-14
2415,1806,70,8,100.2,0,801.6,pending,2023-02-18
2416,1236,49,9,875.58,0,7880.22,pending,2025-03-18
2417,1712,51,15,328.87,0,4933.05,pending,2022-12-03
2418,1467,64,5,663.35,0,3316.75,pending,2022-06-06
2419,695,144,13,247.92,24.93,3222.96,cancelled,2025-03-19
2420,933,19,9,437.6,0,3938.4,returned,2022-09-16
2421,665,94,4,8.03,0,32.12,pending,2023-06-02
2422,818,33,17,253.97,0,4317.49,cancelled,2024-01-14
2423,797,170,1,944.19,0,944.19,cancelled,2024-12-21
2424,1354,113,12,129.9,0,1558.8,shipped,2022-01-06
2425,1808,110,14,77.9,10.58,1090.6,pending,2024-01-07
2426,844,181,8,824.33,0,6594.64,pending,2025-03-26
2427,752,49,8,875.58,0,7004.64,cancelled,2025-06-23
2428,1341,106,12,596.1,0,7153.2,pending,2025-08-27
2429,299,128,12,216.83,0,2601.96,delivered,2024-08-14
2430,389,12,18,654.54,29.06,11781.72,cancelled,2022-10-01
2431,207,59,12,631.88,0,7582.56,delivered,2024-08-24
2432,1610,184,4,385.1,25.46,1540.4,returned,2024-03-02
2433,1394,15,13,825.2,0,10727.6,pending,2023-09-10
2434,1865,181,2,824.33,0,1648.66,delivered,2022-10-11
2435,446,102,15,573.77,0,8606.55,cancelled,2024-06-23
2436,1491,48,7,184.21,0,1289.47,pending,2022-06-24
2437,154,55,6,112.9,0,677.4,delivered,2022-07-08
2438,383,13,8,30.37,0,242.96,returned,2022-04-15
2439,86,47,11,645.14,11.82,7096.54,delivered,2024-10-26
2440,899,114,19,139.28,0,2646.32,cancelled,2022-11-07
2441,1446,75,4,95.54,0,382.16,delivered,2023-02-05
2442,407,66,10,397.63,0,3976.3,pending,2022-09-14
2443,350,31,8,158.16,0,1265.28,delivered,2025-01-20
2444,229,63,7,560.31,0,3922.17,delivered,2022-04-23
2445,1189,180,14,774.95,0,10849.3,shipped,2023-07-24
2446,733,153,7,22.28,0,155.96,pending,2022-07-12
2447,1586,27,8,141.19,0,1129.52,cancelled,2022-01-23
2448,1287,160,16,574.94,0,9199.04,pending,2022-12-14
2449,534,129,3,730.46,0,2191.38,returned,2025-08-11
2450,1639,192,8,576.21,0,4609.68,delivered,2022-01-12
2451,959,26,9,362.01,0,3258.09,returned,2025-09-05
2452,270,138,6,557.12,0,3342.72,returned,2023-04-22
2453,1687,30,5,125.04,16.86,625.2,shipped,2022-02-11
2454,1672,47,4,645.14,0,2580.56,returned,2025-10-11
2455,72,8,13,581.03,0,7553.39,shipped,2022-05-08
2456,541,143,7,59.58,2.59,417.06,shipped,2023-05-17
2457,471,98,8,66.06,0,528.48,delivered,2023-10-27
2458,834,132,17,173.13,0,2943.21,returned,2023-10-17
2459,1516,125,17,142.11,15.85,2415.87,pending,2024-08-25
2460,815,156,2,200.01,29.05,400.02,cancelled,2022-08-23
2461,884,28,11,829.59,0,9125.49,delivered,2023-06-24
2462,230,181,18,824.33,0,14837.94,returned,2022-12-18
2463,238,83,12,806.73,0,9680.76,cancelled,2024-03-27
2464,1915,44,16,690.47,22.77,11047.52,returned,2024-05-13
2465,843,55,8,112.9,0,903.2,shipped,2023-04-09
2466,1240,13,13,30.37,0,394.81,pending,2023-10-03
2467,1107,34,4,827.62,0,3310.48,shipped,2022-10-10
2468,591,183,19,656.46,0,12472.74,pending,2024-06-02
2469,1525,188,1,176.18,0,176.18,delivered,2025-09-14
2470,67,93,11,750.35,24.56,8253.85,pending,2024-07-13
2471,1575,56,14,561.69,0,7863.66,cancelled,2025-03-15
2472,156,92,11,52.57,0,578.27,cancelled,2024-02-15
2473,264,8,3,581.03,0,1743.09,cancelled,2023-04-28
2474,1932,6,19,183.59,0,3488.21,shipped,2022-12-18
2475,537,20,16,481.5,23.46,7704,delivered,2023-07-24
2476,413,185,8,326.55,0,2612.4,pending,2025-06-21
2477,1925,184,15,385.1,0,5776.5,shipped,2025-04-24
2478,923,161,12,81.95,7.82,983.4,delivered,2022-03-04
2479,1255,157,9,83.71,10.5,753.39,delivered,2025-03-03
2480,501,79,5,60.77,0,303.85,delivered,2022-06-03
2481,1909,188,7,176.18,0,1233.26,delivered,2025-11-27
2482,1074,27,3,141.19,0,423.57,shipped,2024-07-12
2483,650,98,15,66.06,0,990.9,pending,2023-03-16
2484,449,183,7,656.46,0,4595.22,shipped,2022-09-01
2485,35,19,10,437.6,11.76,4376,delivered,2023-11-12
2486,734,36,15,406.43,0,6096.45,cancelled,2023-04-21
2487,1045,15,14,825.2,0,11552.8,pending,2025-03-17
2488,519,152,11,911.9,0,10030.9,returned,2022-05-14
2489,1224,33,3,253.97,22.85,761.91,cancelled,2024-03-20
2490,340,31,9,158.16,0,1423.44,delivered,2025-03-17
2491,1156,48,9,184.21,0,1657.89,pending,2022-01-02
2492,596,140,18,966.17,17.24,17391.06,delivered,2023-09-27
2493,1397,172,13,95.98,0,1247.74,pending,2023-01-25
2494,1005,178,10,354.22,0,3542.2,shipped,2024-12-23
2495,637,117,4,660.46,0,2641.84,returned,2023-02-12
2496,1230,84,11,903.84,0,9942.24,cancelled,2022-05-08
2497,1519,13,16,30.37,6.17,485.92,returned,2024-08-09
2498,2000,178,12,354.22,0,4250.64,returned,2022-06-16
2499,27,72,15,633.89,8.73,9508.35,shipped,2023-11-17
2500,1769,170,19,944.19,0,17939.61,shipped,2025-08-22
2501,183,179,9,450.55,0,4054.95,shipped,2023-02-17
2502,416,117,18,660.46,0,11888.28,shipped,2022-03-24
2503,1934,41,16,693.85,0,11101.6,cancelled,2022-06-10
2504,352,182,18,718.6,0,12934.8,cancelled,2022-09-18
2505,972,158,13,150.99,0,1962.87,delivered,2025-05-10
2506,1595,83,7,806.73,0,5647.11,returned,2024-07-19
2507,445,90,3,592.32,0,1776.96,delivered,2025-06-05
2508,1548,13,15,30.37,13.05,455.55,returned,2025-10-02
2509,466,88,7,646.25,0,4523.75,returned,2024-05-11
2510,1889,43,1,64.03,19.64,64.03,delivered,2025-05-23
2511,768,139,8,43.53,0,348.24,delivered,2022-11-11
2512,201,65,10,202.76,0,2027.6,returned,2025-09-13
2513,1252,92,18,52.57,0,946.26,delivered,2023-01-18
2514,837,129,9,730.46,16.46,6574.14,pending,2022-06-22
2515,402,53,14,655.86,0,9182.04,delivered,2022-10-13
2516,931,110,6,77.9,0,467.4,shipped,2025-08-23
2517,82,48,15,184.21,0,2763.15,returned,2024-08-07
2518,1913,115,4,763.04,0,3052.16,cancelled,2024-07-13
2519,537,133,7,298.55,0,2089.85,delivered,2023-05-15
2520,908,149,17,515.34,29.56,8760.78,cancelled,2024-05-27
2521,1269,131,1,652.89,16.21,652.89,pending,2023-08-06
2522,1471,24,16,58.24,0,931.84,returned,2023-12-27
2523,1328,76,9,948.25,0,8534.25,returned,2025-08-23
2524,1127,199,11,565.45,0,6219.95,shipped,2024-09-28
2525,293,123,9,58.49,0,526.41,pending,2024-11-28
2526,1047,5,18,604.81,25.64,10886.58,returned,2023-01-01
2527,102,176,4,850.78,0,3403.12,delivered,2025-12-07
2528,1047,65,19,202.76,0,3852.44,pending,2022-09-24
2529,1900,112,12,393.73,0,4724.76,delivered,2025-08-20
2530,81,87,11,600.01,0,6600.11,cancelled,2022-04-17
2531,271,150,4,533.49,0,2133.96,cancelled,2024-03-03
2532,1365,138,5,557.12,0,2785.6,shipped,2024-01-13
2533,1893,157,5,83.71,19.96,418.55,shipped,2023-06-24
2534,981,148,13,72.74,0,945.62,cancelled,2022-10-21
2535,1056,6,8,183.59,0,1468.72,cancelled,2025-04-03
2536,1486,80,11,59.51,23.7,654.61,returned,2024-06-01
2537,1484,22,4,119.41,0,477.64,delivered,2025-07-14
2538,345,194,16,510.14,9.96,8162.24,cancelled,2023-06-05
2539,1354,150,8,533.49,28.79,4267.92,shipped,2025-09-15
2540,1444,67,9,692.69,0,6234.21,shipped,2025-07-19
2541,1182,34,15,827.62,0,12414.3,cancelled,2025-04-13
2542,697,151,6,770.69,8.65,4624.14,cancelled,2025-04-05
2543,344,179,16,450.55,7.44,7208.8,shipped,2022-05-14
2544,104,15,12,825.2,0,9902.4,cancelled,2025-04-28
2545,4,60,13,774.36,14.65,10066.68,cancelled,2022-05-25
2546,1707,69,19,409.64,28.73,7783.16,shipped,2024-09-24
2547,989,42,5,874.09,25.78,4370.45,cancelled,2023-05-18
2548,45,133,6,298.55,0,1791.3,cancelled,2022-10-06
2549,227,75,7,95.54,0,668.78,shipped,2023-10-16
2550,1435,197,6,822.64,17.36,4935.84,returned,2022-08-09
2551,919,58,14,583.34,0,8166.76,returned,2024-10-27
2552,560,10,17,859.56,18.61,14612.52,returned,2023-09-07
2553,1130,183,10,656.46,1.7,6564.6,cancelled,2025-08-12
2554,583,39,17,211.25,29.3,3591.25,shipped,2025-10-12
2555,93,63,4,560.31,0,2241.24,shipped,2022-09-26
2556,1366,160,14,574.94,0,8049.16,cancelled,2025-03-26
2557,656,113,4,129.9,9.39,519.6,returned,2025-10-20
2558,419,178,5,354.22,0,1771.1,shipped,2024-12-17
2559,613,93,10,750.35,0,7503.5,pending,2023-02-02
2560,1999,164,16,527.51,0,8440.16,shipped,2024-08-12
2561,865,81,6,637.31,0,3823.86,pending,2024-11-06
2562,1027,196,14,542.59,27.11,7596.26,pending,2023-11-23
2563,1810,144,1,247.92,0,247.92,delivered,2022-02-02
2564,269,102,1,573.77,23.47,573.77,returned,2023-01-20
2565,1472,16,6,846.4,0,5078.4,pending,2023-03-15
2566,1939,97,8,305.05,0,2440.4,pending,2023-12-17
2567,62,3,19,536.43,17.91,10192.17,delivered,2023-03-14
2568,639,15,15,825.2,0,12378,delivered,2023-02-06
2569,83,152,1,911.9,0,911.9,returned,2024-06-03
2570,1850,154,19,890.6,0,16921.4,shipped,2023-10-08
2571,9,121,4,963.7,6.08,3854.8,pending,2025-09-16
2572,1740,94,18,8.03,0,144.54,shipped,2023-09-01
2573,747,172,5,95.98,0,479.9,cancelled,2025-02-08
2574,1557,114,11,139.28,0,1532.08,delivered,2024-01-16
2575,824,100,18,779.66,29.28,14033.88,cancelled,2025-08-03
2576,215,124,10,809.49,0,8094.9,delivered,2022-03-04
2577,1235,13,17,30.37,17.48,516.29,pending,2024-01-12
2578,1278,13,10,30.37,22.52,303.7,returned,2024-12-17
2579,1624,22,11,119.41,24.61,1313.51,delivered,2025-05-06
2580,889,165,8,583.18,1.32,4665.44,delivered,2024-02-06
2581,1999,6,18,183.59,0,3304.62,delivered,2025-05-05
2582,109,10,10,859.56,0,8595.6,cancelled,2022-09-13
2583,1306,86,7,789.99,0,5529.93,pending,2022-05-22
2584,697,74,17,221.84,0,3771.28,cancelled,2025-09-02
2585,1671,128,9,216.83,0,1951.47,shipped,2023-09-18
2586,1884,68,17,447.71,0,7611.07,delivered,2025-10-06
2587,1888,146,19,629.33,0,11957.27,returned,2024-02-25
2588,1389,96,12,697.43,0,8369.16,delivered,2023-02-24
2589,1110,74,12,221.84,7.88,2662.08,cancelled,2023-12-26
2590,270,85,2,378.98,10.38,757.96,shipped,2025-06-03
2591,698,91,19,916.22,0,17408.18,delivered,2025-07-17
2592,1274,102,4,573.77,0,2295.08,cancelled,2025-05-15
2593,901,114,15,139.28,0,2089.2,cancelled,2023-07-15
2594,749,48,6,184.21,0,1105.26,cancelled,2022-12-08
2595,1486,95,9,988.58,0,8897.22,delivered,2024-12-20
2596,366,76,18,948.25,25.45,17068.5,shipped,2024-01-21
2597,943,4,6,943.2,15.87,5659.2,shipped,2024-06-26
2598,478,183,10,656.46,6.64,6564.6,delivered,2023-09-02
2599,236,114,3,139.28,0,417.84,pending,2022-11-25
2600,1194,200,7,990.22,0,6931.54,cancelled,2024-04-15
2601,1597,65,7,202.76,0,1419.32,cancelled,2022-03-22
2602,257,29,14,717.02,0,10038.28,delivered,2025-04-16
2603,747,69,10,409.64,0,4096.4,returned,2025-08-06
2604,1134,168,5,701.25,0,3506.25,delivered,2024-08-07
2605,1799,106,13,596.1,0,7749.3,returned,2025-02-22
2606,1519,164,4,527.51,0,2110.04,delivered,2023-05-11
2607,119,82,19,286.13,0,5436.47,returned,2025-03-26
2608,1681,195,8,515.75,0,4126,pending,2023-03-13
2609,1980,109,1,21.24,0,21.24,returned,2025-09-20
2610,708,124,13,809.49,0,10523.37,shipped,2024-10-05
2611,79,27,17,141.19,0.94,2400.23,delivered,2022-10-01
2612,1531,130,8,420.65,16.33,3365.2,delivered,2022-12-01
2613,48,142,17,446.08,3.31,7583.36,pending,2025-11-10
2614,773,168,16,701.25,0,11220,pending,2024-11-03
2615,1662,54,19,976.53,13.78,18554.07,shipped,2023-02-20
2616,1927,145,19,593.41,17.75,11274.79,returned,2022-02-14
2617,943,89,18,968.98,20.69,17441.64,shipped,2024-01-04
2618,717,141,4,621.99,29.57,2487.96,pending,2025-12-14
2619,1223,182,5,718.6,0,3593,delivered,2025-01-05
2620,935,145,18,593.41,16.65,10681.38,returned,2022-12-07
2621,281,120,12,239.25,0,2871,delivered,2025-05-01
2622,245,3,1,536.43,0,536.43,returned,2023-11-01
2623,147,144,19,247.92,0,4710.48,shipped,2025-10-21
2624,75,193,5,271.72,0,1358.6,shipped,2022-11-05
2625,1638,99,6,47.38,0,284.28,returned,2024-04-11
2626,323,113,2,129.9,0,259.8,pending,2025-10-06
2627,137,171,3,845.83,0,2537.49,delivered,2023-05-10
2628,856,79,10,60.77,0,607.7,shipped,2025-04-24
2629,1794,92,5,52.57,0,262.85,delivered,2025-04-28
2630,1568,82,5,286.13,0,1430.65,pending,2025-12-16
2631,1197,82,10,286.13,0,2861.3,shipped,2023-09-12
2632,1737,165,12,583.18,0,6998.16,delivered,2024-12-24
2633,1951,13,9,30.37,0,273.33,shipped,2023-10-10
2634,207,172,19,95.98,0,1823.62,delivered,2022-01-15
2635,49,56,17,561.69,0,9548.73,pending,2022-12-07
2636,756,46,16,253.15,9.24,4050.4,delivered,2024-03-17
2637,35,112,1,393.73,0,393.73,cancelled,2025-07-27
2638,1586,189,10,492.26,0,4922.6,pending,2022-09-10
2639,719,41,2,693.85,0,1387.7,pending,2023-04-28
2640,988,85,18,378.98,0,6821.64,cancelled,2024-07-18
2641,305,11,8,67.82,0,542.56,delivered,2022-12-12
2642,417,150,13,533.49,23.05,6935.37,pending,2025-01-25
2643,86,144,4,247.92,0,991.68,pending,2025-04-05
2644,1804,158,9,150.99,0,1358.91,pending,2023-07-21
2645,382,66,5,397.63,18.56,1988.15,shipped,2025-10-12
2646,617,65,15,202.76,0,3041.4,returned,2023-11-16
2647,425,32,8,244.09,0,1952.72,cancelled,2022-10-01
2648,874,162,1,600.01,14.44,600.01,shipped,2023-01-21
2649,1668,101,2,100.03,0,200.06,shipped,2024-02-23
2650,52,123,19,58.49,0,1111.31,cancelled,2024-05-21
2651,804,178,14,354.22,4.6,4959.08,delivered,2022-04-12
2652,564,25,12,219.32,0,2631.84,returned,2023-08-17
2653,290,142,3,446.08,0,1338.24,delivered,2024-01-08
2654,717,37,1,235.47,0,235.47,returned,2025-06-12
2655,1974,140,18,966.17,0,17391.06,returned,2023-11-26
2656,272,28,18,829.59,9.1,14932.62,shipped,2022-03-17
2657,773,102,7,573.77,24.91,4016.39,returned,2023-03-13
2658,92,60,1,774.36,18.12,774.36,pending,2022-07-20
2659,1821,195,7,515.75,0,3610.25,returned,2024-02-10
2660,547,74,19,221.84,0,4214.96,cancelled,2025-12-08
2661,1407,190,10,524.31,9.51,5243.1,pending,2022-03-16
2662,1517,52,7,370.49,6,2593.43,returned,2023-03-22
2663,1483,42,17,874.09,0,14859.53,delivered,2024-11-24
2664,762,37,2,235.47,0,470.94,delivered,2025-04-19
2665,891,22,5,119.41,0,597.05,delivered,2022-06-25
2666,1220,48,6,184.21,15.05,1105.26,shipped,2024-10-10
2667,1279,175,4,211.16,28.34,844.64,pending,2023-10-07
2668,1765,104,3,386.74,0,1160.22,returned,2022-09-25
2669,1075,132,18,173.13,6.29,3116.34,pending,2024-10-04
2670,577,70,15,100.2,25.76,1503,shipped,2023-05-05
2671,876,83,8,806.73,0,6453.84,delivered,2022-05-01
2672,1287,36,10,406.43,0,4064.3,cancelled,2023-03-13
2673,844,145,9,593.41,0,5340.69,delivered,2023-08-07
2674,1203,157,10,83.71,0,837.1,returned,2025-10-13
2675,1860,45,1,639.61,0.57,639.61,delivered,2024-10-21
2676,772,50,17,724.2,0,12311.4,cancelled,2023-09-01
2677,1004,25,4,219.32,0,877.28,returned,2022-01-16
2678,1737,88,15,646.25,0,9693.75,shipped,2024-01-21
2679,1941,121,6,963.7,29.82,5782.2,cancelled,2022-05-06
2680,1932,51,17,328.87,0.48,5590.79,shipped,2024-12-04
2681,1813,48,10,184.21,0,1842.1,returned,2022-09-05
2682,1850,36,17,406.43,0,6909.31,delivered,2022-02-01
2683,1969,109,9,21.24,0,191.16,shipped,2023-10-22
2684,1575,7,12,669.43,0,8033.16,pending,2025-10-04
2685,67,49,14,875.58,0,12258.12,returned,2025-06-26
2686,1770,37,12,235.47,0,2825.64,shipped,2024-11-12
2687,344,108,18,541.06,0,9739.08,pending,2024-08-21
2688,514,97,19,305.05,0,5795.95,cancelled,2022-03-16
2689,598,194,16,510.14,0,8162.24,cancelled,2023-05-23
2690,1800,194,4,510.14,0,2040.56,cancelled,2022-03-22
2691,378,134,1,53.33,28.82,53.33,pending,2023-02-16
2692,977,77,4,97.67,0,390.68,shipped,2024-09-17
2693,362,39,16,211.25,0,3380,shipped,2024-06-11
2694,337,67,12,692.69,0,8312.28,shipped,2025-12-22
2695,1887,116,3,208.96,0,626.88,delivered,2025-10-03
2696,1491,104,19,386.74,0,7348.06,shipped,2022-08-17
2697,1855,12,17,654.54,0,11127.18,cancelled,2024-12-09
2698,728,179,7,450.55,0.48,3153.85,returned,2025-02-25
2699,1412,73,4,238.38,0,953.52,delivered,2023-07-21
2700,1604,121,18,963.7,0,17346.6,returned,2023-09-15
2701,216,161,19,81.95,0,1557.05,delivered,2024-11-03
2702,1458,157,13,83.71,0,1088.23,delivered,2024-03-20
2703,1616,114,1,139.28,0.41,139.28,returned,2025-01-19
2704,770,15,13,825.2,0,10727.6,shipped,2025-01-09
2705,442,117,16,660.46,10.83,10567.36,delivered,2025-07-28
2706,1277,14,6,550.62,27.44,3303.72,pending,2022-10-15
2707,40,178,12,354.22,0,4250.64,shipped,2025-04-09
2708,803,54,2,976.53,0,1953.06,cancelled,2024-08-24
2709,591,127,4,623.12,0,2492.48,cancelled,2024-09-13
2710,45,79,5,60.77,0,303.85,shipped,2022-05-07
2711,1590,150,12,533.49,0,6401.88,returned,2024-02-06
2712,1900,133,18,298.55,7.52,5373.9,pending,2023-04-17
2713,1849,96,17,697.43,17.1,11856.31,returned,2024-09-15
2714,749,31,10,158.16,20.2,1581.6,returned,2023-08-23
2715,41,144,8,247.92,0,1983.36,cancelled,2023-02-18
2716,1241,113,17,129.9,0,2208.3,shipped,2023-10-22
2717,121,88,4,646.25,17.54,2585,cancelled,2022-12-17
2718,936,57,17,141.75,15.27,2409.75,returned,2023-11-04
2719,552,55,13,112.9,28.98,1467.7,pending,2025-01-03
2720,212,174,1,231.71,0,231.71,pending,2022-06-25
2721,50,73,8,238.38,0,1907.04,shipped,2025-10-10
2722,1367,27,10,141.19,0,1411.9,returned,2022-01-01
2723,1467,154,16,890.6,0.18,14249.6,returned,2024-09-20
2724,1740,87,10,600.01,0,6000.1,shipped,2023-05-18
2725,1752,20,12,481.5,0,5778,pending,2022-09-01
2726,307,100,16,779.66,24.55,12474.56,returned,2022-03-27
2727,66,157,16,83.71,26.45,1339.36,pending,2022-03-15
2728,934,190,1,524.31,13.83,524.31,pending,2022-01-20
2729,245,58,10,583.34,0,5833.4,returned,2022-06-22
2730,384,176,9,850.78,0,7657.02,delivered,2024-09-04
2731,141,26,5,362.01,0,1810.05,pending,2023-09-26
2732,1105,68,11,447.71,0,4924.81,delivered,2023-03-28
2733,1304,18,2,83.56,0,167.12,cancelled,2022-05-01
2734,1132,47,10,645.14,0,6451.4,shipped,2022-06-28
2735,1717,101,4,100.03,29.33,400.12,returned,2023-04-16
2736,1938,3,17,536.43,14.46,9119.31,shipped,2025-10-27
2737,94,43,16,64.03,0,1024.48,delivered,2022-11-16
2738,305,189,15,492.26,0,7383.9,cancelled,2025-05-26
2739,529,28,13,829.59,18.85,10784.67,returned,2024-10-16
2740,893,167,14,277.82,0,3889.48,pending,2023-06-25
2741,1555,123,6,58.49,0,350.94,pending,2023-06-24
2742,1587,136,9,28.67,0,258.03,shipped,2025-11-20
2743,1133,12,19,654.54,0,12436.26,shipped,2022-07-25
2744,424,126,1,118.97,0,118.97,shipped,2024-09-10
2745,1378,68,7,447.71,0,3133.97,shipped,2022-07-27
2746,248,141,4,621.99,0,2487.96,cancelled,2024-11-18
2747,1022,30,16,125.04,0,2000.64,pending,2024-02-01
2748,1806,24,10,58.24,0,582.4,cancelled,2024-08-23
2749,1434,64,12,663.35,11.3,7960.2,delivered,2025-09-22
2750,1936,121,14,963.7,0,13491.8,delivered,2022-12-11
2751,1839,80,10,59.51,6.59,595.1,delivered,2025-04-06
2752,471,68,6,447.71,0,2686.26,shipped,2024-08-10
2753,159,162,12,600.01,2.38,7200.12,delivered,2023-04-25
2754,846,174,17,231.71,0,3939.07,delivered,2025-11-14
2755,30,79,4,60.77,0,243.08,cancelled,2023-01-12
2756,1969,110,6,77.9,27.95,467.4,pending,2022-11-28
2757,381,5,18,604.81,0,10886.58,delivered,2025-12-16
2758,1656,123,13,58.49,0,760.37,shipped,2022-05-04
2759,145,69,10,409.64,4.3,4096.4,delivered,2022-01-19
2760,256,182,13,718.6,0,9341.8,delivered,2024-07-17
2761,1335,4,17,943.2,0,16034.4,shipped,2023-03-04
2762,43,67,8,692.69,0,5541.52,cancelled,2025-07-14
2763,1939,176,6,850.78,0,5104.68,shipped,2024-06-19
2764,919,46,8,253.15,0,2025.2,pending,2023-12-01
2765,1926,166,11,616.72,0,6783.92,shipped,2025-03-08
2766,574,89,17,968.98,0,16472.66,pending,2025-11-13
2767,739,24,8,58.24,0,465.92,cancelled,2025-06-22
2768,1878,118,10,380.05,18.43,3800.5,cancelled,2023-04-07
2769,1200,100,9,779.66,0,7016.94,delivered,2025-08-25
2770,1792,196,17,542.59,6.8,9224.03,shipped,2024-04-02
2771,339,138,15,557.12,0,8356.8,returned,2025-05-02
2772,1888,75,18,95.54,0,1719.72,shipped,2023-05-14
2773,1426,59,17,631.88,0,10741.96,cancelled,2023-07-08
2774,2000,172,16,95.98,0,1535.68,pending,2023-12-01
2775,1334,131,11,652.89,0,7181.79,cancelled,2023-01-05
2776,1251,121,3,963.7,18.98,2891.1,delivered,2024-05-03
2777,1736,29,17,717.02,0,12189.34,shipped,2022-04-27
2778,911,196,12,542.59,0,6511.08,pending,2025-08-09
2779,295,120,11,239.25,0,2631.75,pending,2024-02-09
2780,1015,13,17,30.37,0,516.29,cancelled,2023-08-07
2781,449,5,17,604.81,0,10281.77,delivered,2024-01-21
2782,224,110,15,77.9,0,1168.5,pending,2025-11-13
2783,735,20,16,481.5,0,7704,returned,2024-09-03
2784,1718,4,7,943.2,5.75,6602.4,pending,2023-06-20
2785,1704,23,2,713.25,0,1426.5,returned,2023-02-05
2786,1871,85,5,378.98,0,1894.9,cancelled,2023-10-21
2787,1199,61,2,968.17,0,1936.34,shipped,2025-10-25
2788,935,110,16,77.9,0,1246.4,pending,2024-10-24
2789,1221,187,3,626.35,0,1879.05,returned,2025-05-09
2790,7,132,5,173.13,23.05,865.65,delivered,2023-08-06
2791,912,41,14,693.85,0,9713.9,delivered,2022-11-05
2792,1610,13,19,30.37,0,577.03,returned,2022-07-14
2793,1576,81,11,637.31,0,7010.41,cancelled,2023-04-15
2794,1535,90,12,592.32,0,7107.84,delivered,2024-10-21
2795,1378,163,8,241.1,0,1928.8,pending,2025-02-07
2796,1198,40,2,892.78,0,1785.56,returned,2025-04-05
2797,348,50,4,724.2,0,2896.8,cancelled,2025-09-17
2798,709,134,3,53.33,0,159.99,delivered,2025-09-09
2799,1965,101,16,100.03,0,1600.48,cancelled,2025-06-16
2800,1399,199,7,565.45,0,3958.15,pending,2022-11-17
2801,244,198,17,380.95,0,6476.15,returned,2022-03-16
2802,739,190,14,524.31,0,7340.34,delivered,2022-08-13
2803,938,185,2,326.55,0,653.1,returned,2022-06-06
2804,454,194,14,510.14,0,7141.96,delivered,2023-04-25
2805,1436,91,11,916.22,18.04,10078.42,shipped,2023-06-15
2806,300,132,5,173.13,12.76,865.65,returned,2024-08-22
2807,1740,58,3,583.34,12.58,1750.02,returned,2022-04-26
2808,1620,154,12,890.6,0,10687.2,cancelled,2023-09-18
2809,385,69,8,409.64,0,3277.12,pending,2024-10-22
2810,373,191,8,778.27,0,6226.16,cancelled,2024-05-27
2811,1721,26,6,362.01,0,2172.06,pending,2025-06-14
2812,1324,142,17,446.08,0,7583.36,pending,2023-12-24
2813,913,92,4,52.57,16.28,210.28,returned,2023-07-21
2814,1162,100,1,779.66,0,779.66,cancelled,2023-03-17
2815,177,78,4,335.71,0,1342.84,cancelled,2022-04-26
2816,1477,30,19,125.04,0,2375.76,pending,2022-08-11
2817,1366,53,4,655.86,0,2623.44,delivered,2022-09-07
2818,1354,52,8,370.49,0,2963.92,shipped,2022-04-12
2819,999,169,7,786,0,5502,returned,2023-07-03
2820,1478,64,14,663.35,0,9286.9,shipped,2025-04-25
2821,970,20,19,481.5,0,9148.5,returned,2025-04-26
2822,272,61,3,968.17,0,2904.51,delivered,2022-10-12
2823,1375,77,10,97.67,0,976.7,cancelled,2025-08-22
2824,746,128,10,216.83,0,2168.3,delivered,2022-07-06
2825,568,32,9,244.09,0,2196.81,shipped,2022-07-02
2826,335,196,8,542.59,19.54,4340.72,delivered,2025-10-03
2827,794,166,5,616.72,0,3083.6,shipped,2024-07-25
2828,892,136,1,28.67,0,28.67,pending,2024-10-01
2829,290,72,17,633.89,0,10776.13,delivered,2022-07-11
2830,450,133,16,298.55,0,4776.8,pending,2022-10-05
2831,810,98,11,66.06,22.18,726.66,returned,2022-06-07
2832,1801,108,10,541.06,0,5410.6,returned,2023-02-06
2833,20,81,14,637.31,0,8922.34,shipped,2024-06-25
2834,1644,23,8,713.25,17.69,5706,cancelled,2023-04-03
2835,412,50,6,724.2,19.79,4345.2,shipped,2024-05-12
2836,35,172,1,95.98,0,95.98,delivered,2025-04-12
2837,1607,83,7,806.73,0.09,5647.11,returned,2022-07-05
2838,1791,53,14,655.86,0,9182.04,cancelled,2022-07-21
2839,1462,171,7,845.83,0,5920.81,cancelled,2022-03-12
2840,794,12,14,654.54,0,9163.56,pending,2024-09-27
2841,799,9,7,332.46,0,2327.22,delivered,2023-01-05
2842,1296,102,3,573.77,0,1721.31,cancelled,2022-08-22
2843,1359,112,5,393.73,0,1968.65,returned,2023-03-28
2844,1217,70,12,100.2,22.64,1202.4,cancelled,2024-08-24
2845,252,50,19,724.2,0,13759.8,delivered,2023-06-03
2846,1315,47,8,645.14,0,5161.12,shipped,2022-01-28
2847,596,122,8,816.6,0,6532.8,delivered,2024-03-26
2848,1578,101,15,100.03,0,1500.45,returned,2022-10-21
2849,1901,79,13,60.77,0,790.01,shipped,2024-06-27
2850,553,125,17,142.11,0,2415.87,pending,2022-01-07
2851,1766,73,19,238.38,0,4529.22,shipped,2022-01-26
2852,91,62,16,166.62,0,2665.92,delivered,2022-02-08
2853,869,162,18,600.01,0,10800.18,returned,2025-03-10
2854,11,6,2,183.59,0,367.18,delivered,2022-06-07
2855,363,166,18,616.72,0,11100.96,returned,2024-11-19
2856,1269,88,13,646.25,0,8401.25,returned,2022-12-18
2857,1120,173,8,580.62,0,4644.96,pending,2024-09-15
2858,920,67,2,692.69,0,1385.38,shipped,2022-02-09
2859,823,22,16,119.41,0,1910.56,cancelled,2024-08-16
2860,639,74,18,221.84,27.71,3993.12,pending,2025-09-14
2861,1688,151,16,770.69,0,12331.04,shipped,2023-01-11
2862,2,154,12,890.6,10.46,10687.2,delivered,2023-06-28
2863,524,119,12,371.17,0,4454.04,shipped,2024-04-01
2864,1225,78,17,335.71,0,5707.07,returned,2025-05-12
2865,1026,194,15,510.14,0,7652.1,shipped,2024-11-24
2866,469,193,18,271.72,0,4890.96,delivered,2024-06-01
2867,143,111,18,281.59,0,5068.62,cancelled,2025-03-10
2868,393,82,18,286.13,11.31,5150.34,pending,2024-07-27
2869,1165,69,4,409.64,0.21,1638.56,shipped,2023-11-06
2870,579,194,4,510.14,0,2040.56,cancelled,2022-12-09
2871,1485,4,4,943.2,0,3772.8,cancelled,2024-02-09
2872,1259,112,13,393.73,0,5118.49,pending,2025-01-23
2873,221,64,13,663.35,0,8623.55,cancelled,2024-12-04
2874,768,34,13,827.62,23.23,10759.06,cancelled,2025-04-01
2875,1470,134,10,53.33,0,533.3,delivered,2025-10-28
2876,1242,100,12,779.66,0,9355.92,delivered,2024-06-05
2877,550,76,19,948.25,26.91,18016.75,returned,2022-06-02
2878,1375,199,11,565.45,0,6219.95,pending,2024-01-10
2879,6,167,2,277.82,22.61,555.64,pending,2023-03-02
2880,846,93,6,750.35,0,4502.1,returned,2022-05-27
2881,827,36,19,406.43,0,7722.17,cancelled,2023-04-16
2882,788,79,9,60.77,24.82,546.93,shipped,2025-02-15
2883,671,175,9,211.16,0,1900.44,pending,2022-10-06
2884,461,135,10,674.59,0,6745.9,pending,2023-05-15
2885,485,48,18,184.21,0,3315.78,returned,2024-12-09
2886,1359,173,1,580.62,6.39,580.62,cancelled,2024-10-25
2887,1565,141,16,621.99,0,9951.84,returned,2022-07-28
2888,385,147,6,214.28,9.43,1285.68,shipped,2025-07-14
2889,230,65,10,202.76,0,2027.6,delivered,2023-08-02
2890,1046,152,17,911.9,25.61,15502.3,shipped,2024-04-06
2891,1030,31,8,158.16,0,1265.28,cancelled,2023-07-24
2892,1263,114,11,139.28,0,1532.08,pending,2023-08-22
2893,1542,149,6,515.34,0,3092.04,cancelled,2022-10-07
2894,1444,166,18,616.72,23.26,11100.96,returned,2023-12-03
2895,474,132,15,173.13,5.45,2596.95,delivered,2023-03-27
2896,1253,155,3,431.01,0.58,1293.03,cancelled,2025-08-07
2897,839,58,18,583.34,25.56,10500.12,delivered,2024-12-20
2898,932,135,4,674.59,0,2698.36,returned,2023-03-13
2899,187,52,1,370.49,0,370.49,shipped,2024-08-16
2900,155,138,2,557.12,14.04,1114.24,returned,2024-05-25
2901,861,28,2,829.59,18.77,1659.18,shipped,2024-03-23
2902,1389,186,3,627.64,7.43,1882.92,delivered,2023-02-10
2903,281,46,6,253.15,0,1518.9,shipped,2022-11-15
2904,1072,83,13,806.73,0,10487.49,returned,2025-01-20
2905,102,108,8,541.06,0,4328.48,returned,2022-01-19
2906,575,23,1,713.25,0,713.25,returned,2023-10-24
2907,1595,140,3,966.17,0,2898.51,delivered,2024-06-10
2908,1104,9,7,332.46,0,2327.22,delivered,2024-10-07
2909,486,191,6,778.27,14.95,4669.62,shipped,2022-02-04
2910,1236,70,4,100.2,0,400.8,delivered,2022-03-09
2911,1880,2,12,667,29.27,8004,pending,2023-03-03
2912,591,33,16,253.97,0,4063.52,cancelled,2022-03-25
2913,1257,134,13,53.33,0,693.29,delivered,2024-07-01
2914,1152,71,18,903.42,0,16261.56,cancelled,2025-10-14
2915,1140,162,16,600.01,0,9600.16,returned,2023-04-27
2916,1552,48,18,184.21,9.84,3315.78,delivered,2025-05-17
2917,1091,32,1,244.09,0,244.09,shipped,2023-02-14
2918,1962,8,13,581.03,7.84,7553.39,delivered,2022-12-10
2919,1475,143,5,59.58,0,297.9,shipped,2025-09-06
2920,789,3,7,536.43,0,3755.01,pending,2024-07-01
2921,440,193,8,271.72,29.28,2173.76,cancelled,2025-11-05
2922,1549,52,8,370.49,3.2,2963.92,delivered,2022-06-12
2923,1662,200,19,990.22,0.02,18814.18,shipped,2023-07-01
2924,703,137,17,358.4,3.3,6092.8,shipped,2025-03-21
2925,243,58,11,583.34,0,6416.74,pending,2025-07-14
2926,1620,124,3,809.49,0,2428.47,shipped,2025-06-17
2927,1809,29,19,717.02,0,13623.38,delivered,2023-12-06
2928,1920,114,15,139.28,0,2089.2,pending,2023-11-22
2929,187,31,19,158.16,0,3005.04,pending,2024-11-05
2930,1318,117,6,660.46,14.83,3962.76,shipped,2025-11-07
2931,695,114,19,139.28,28.74,2646.32,delivered,2023-07-06
2932,389,43,7,64.03,0,448.21,pending,2023-02-12
2933,1891,10,18,859.56,0,15472.08,returned,2022-07-03
2934,1944,85,8,378.98,2.27,3031.84,delivered,2022-11-07
2935,521,194,17,510.14,0,8672.38,delivered,2023-12-24
2936,468,118,10,380.05,20.03,3800.5,returned,2024-02-25
2937,869,124,4,809.49,14.99,3237.96,returned,2022-08-07
2938,538,129,10,730.46,0,7304.6,delivered,2024-06-14
2939,1974,90,3,592.32,28.73,1776.96,shipped,2024-09-03
2940,436,51,18,328.87,0,5919.66,cancelled,2023-12-09
2941,1744,187,1,626.35,0,626.35,cancelled,2024-10-19
2942,452,41,11,693.85,26.76,7632.35,shipped,2025-12-06
2943,7,82,10,286.13,0,2861.3,shipped,2025-09-13
2944,685,85,11,378.98,3.67,4168.78,shipped,2024-01-24
2945,976,105,11,317.66,0,3494.26,pending,2024-10-24
2946,6,161,1,81.95,0,81.95,returned,2024-10-19
2947,386,162,11,600.01,0,6600.11,returned,2023-11-11
2948,1236,35,6,645.79,0,3874.74,delivered,2023-09-06
2949,151,80,15,59.51,0,892.65,cancelled,2025-10-23
2950,12,25,18,219.32,5.88,3947.76,delivered,2024-06-03
2951,1933,161,8,81.95,0,655.6,pending,2022-12-27
2952,541,148,18,72.74,0,1309.32,cancelled,2022-09-24
2953,638,65,11,202.76,0,2230.36,cancelled,2024-04-22
2954,1613,118,5,380.05,0,1900.25,cancelled,2022-08-24
2955,651,14,11,550.62,0,6056.82,cancelled,2022-05-07
2956,1527,75,3,95.54,8.55,286.62,pending,2023-06-13
2957,796,67,19,692.69,0,13161.11,delivered,2024-08-16
2958,233,138,9,557.12,0,5014.08,shipped,2025-02-19
2959,462,82,10,286.13,0,2861.3,delivered,2024-03-27
2960,1445,175,13,211.16,0,2745.08,pending,2023-02-28
2961,1149,40,8,892.78,0,7142.24,returned,2025-08-23
2962,1739,94,13,8.03,19.85,104.39,delivered,2022-11-06
2963,868,70,7,100.2,0,701.4,delivered,2025-03-20
2964,1310,36,3,406.43,0,1219.29,shipped,2023-01-12
2965,534,64,11,663.35,0,7296.85,pending,2024-05-22
2966,1899,148,16,72.74,0,1163.84,pending,2025-01-16
2967,1700,187,13,626.35,0,8142.55,shipped,2025-08-06
2968,826,76,5,948.25,18.98,4741.25,pending,2024-12-16
2969,1266,5,9,604.81,0,5443.29,delivered,2022-05-20
2970,249,174,13,231.71,0,3012.23,delivered,2024-07-09
2971,591,10,16,859.56,0,13752.96,delivered,2025-09-18
2972,416,85,4,378.98,0,1515.92,returned,2022-08-06
2973,1111,73,11,238.38,0,2622.18,shipped,2023-06-15
2974,247,3,2,536.43,0,1072.86,delivered,2025-12-06
2975,932,121,4,963.7,12.22,3854.8,returned,2023-08-19
2976,1821,188,15,176.18,0,2642.7,pending,2025-01-10
2977,414,68,14,447.71,0,6267.94,shipped,2022-01-18
2978,1387,102,10,573.77,0.69,5737.7,shipped,2023-08-25
2979,1723,50,12,724.2,0,8690.4,pending,2025-11-15
2980,1574,30,15,125.04,23.22,1875.6,pending,2024-08-24
2981,1749,59,14,631.88,3.64,8846.32,delivered,2023-08-14
2982,1714,152,4,911.9,23.91,3647.6,pending,2022-08-09
2983,509,106,13,596.1,0,7749.3,shipped,2022-01-21
2984,46,10,15,859.56,15.83,12893.4,returned,2024-09-07
2985,1919,98,4,66.06,0,264.24,cancelled,2025-03-13
2986,1673,175,18,211.16,0,3800.88,delivered,2023-03-01
2987,620,200,3,990.22,0,2970.66,shipped,2025-07-11
2988,750,114,7,139.28,0,974.96,cancelled,2025-02-03
2989,525,153,9,22.28,0,200.52,pending,2025-05-12
2990,1615,40,6,892.78,5.58,5356.68,shipped,2024-09-25
2991,509,192,12,576.21,0,6914.52,pending,2024-05-06
2992,465,154,8,890.6,0,7124.8,shipped,2023-08-05
2993,342,125,17,142.11,4.06,2415.87,delivered,2022-05-08
2994,815,58,1,583.34,28.02,583.34,returned,2023-02-08
2995,605,134,8,53.33,23.28,426.64,pending,2023-07-11
2996,1752,167,14,277.82,0,3889.48,shipped,2023-07-26
2997,1765,3,6,536.43,3.56,3218.58,shipped,2022-02-19
2998,685,136,2,28.67,0,57.34,returned,2024-11-12
2999,1707,83,4,806.73,21.73,3226.92,returned,2024-03-06
3000,1680,65,1,202.76,26.21,202.76,delivered,2023-09-21
3001,359,168,10,701.25,4.7,7012.5,cancelled,2025-05-22
3002,1259,170,5,944.19,0,4720.95,returned,2023-11-13
3003,252,54,13,976.53,0,12694.89,shipped,2024-09-12
3004,509,168,1,701.25,0,701.25,delivered,2024-04-01
3005,148,97,1,305.05,0,305.05,delivered,2022-11-15
3006,1354,196,10,542.59,0,5425.9,returned,2023-11-18
3007,1832,193,2,271.72,1.74,543.44,pending,2025-09-03
3008,1357,139,4,43.53,4.99,174.12,returned,2022-05-08
3009,817,116,6,208.96,18.91,1253.76,delivered,2022-04-11
3010,1467,60,8,774.36,27.05,6194.88,returned,2022-05-20
3011,104,140,16,966.17,0,15458.72,pending,2022-03-10
3012,1236,2,4,667,0,2668,returned,2023-09-06
3013,680,75,16,95.54,0,1528.64,pending,2025-02-01
3014,1416,49,14,875.58,0,12258.12,cancelled,2023-09-16
3015,176,114,16,139.28,19.16,2228.48,shipped,2022-02-14
3016,690,165,12,583.18,0,6998.16,cancelled,2025-08-27
3017,1393,5,17,604.81,23.58,10281.77,shipped,2024-01-25
3018,1012,52,2,370.49,0,740.98,delivered,2022-01-22
3019,1795,72,16,633.89,0,10142.24,returned,2024-10-25
3020,977,196,2,542.59,0,1085.18,pending,2024-11-17
3021,1446,200,14,990.22,0,13863.08,cancelled,2024-04-19
3022,1787,31,8,158.16,0,1265.28,cancelled,2022-03-19
3023,1215,188,1,176.18,0,176.18,cancelled,2024-02-21
3024,1331,19,14,437.6,15.01,6126.4,pending,2025-08-02
3025,623,147,9,214.28,0,1928.52,shipped,2022-07-23
3026,783,188,14,176.18,0,2466.52,pending,2022-11-17
3027,1960,69,10,409.64,0,4096.4,pending,2025-10-24
3028,945,14,5,550.62,0,2753.1,delivered,2022-09-05
3029,1052,76,4,948.25,19.44,3793,shipped,2023-05-18
3030,435,33,12,253.97,19.14,3047.64,returned,2022-08-21
3031,713,128,16,216.83,0,3469.28,shipped,2025-06-08
3032,120,11,13,67.82,0,881.66,pending,2025-11-27
3033,64,39,17,211.25,0,3591.25,returned,2024-08-01
3034,59,50,8,724.2,0,5793.6,returned,2022-09-24
3035,1434,127,12,623.12,0,7477.44,delivered,2025-04-20
3036,1540,12,8,654.54,0,5236.32,shipped,2023-11-05
3037,1170,102,16,573.77,0,9180.32,pending,2022-04-13
3038,1207,90,16,592.32,16.01,9477.12,returned,2024-02-20
3039,1694,110,4,77.9,0,311.6,delivered,2023-11-10
3040,778,159,19,174.14,0,3308.66,cancelled,2025-10-20
3041,1734,61,5,968.17,0,4840.85,cancelled,2022-07-15
3042,870,43,12,64.03,0,768.36,delivered,2023-12-16
3043,1099,195,14,515.75,0,7220.5,returned,2025-12-13
3044,1253,46,4,253.15,0,1012.6,pending,2022-02-28
3045,649,191,9,778.27,0,7004.43,pending,2024-09-10
3046,967,65,10,202.76,0,2027.6,pending,2024-06-16
3047,1941,184,8,385.1,27.32,3080.8,shipped,2023-09-15
3048,1529,99,15,47.38,25.52,710.7,shipped,2023-05-09
3049,881,116,18,208.96,0,3761.28,cancelled,2024-02-03
3050,278,71,2,903.42,0,1806.84,cancelled,2023-04-14
3051,1726,157,17,83.71,6.9,1423.07,returned,2024-06-16
3052,1148,170,8,944.19,0,7553.52,cancelled,2022-07-05
3053,1327,177,5,350.23,0,1751.15,delivered,2022-03-15
3054,1392,53,6,655.86,0,3935.16,delivered,2023-02-28
3055,876,44,16,690.47,0,11047.52,delivered,2025-06-08
3056,268,174,6,231.71,0,1390.26,returned,2022-08-08
3057,628,56,8,561.69,0,4493.52,shipped,2025-04-12
3058,1956,14,1,550.62,0,550.62,cancelled,2024-08-02
3059,1200,121,10,963.7,7.28,9637,shipped,2023-03-02
3060,932,191,10,778.27,0,7782.7,returned,2024-10-04
3061,494,104,13,386.74,4.24,5027.62,shipped,2024-08-25
3062,309,123,5,58.49,0,292.45,returned,2023-08-03
3063,702,78,17,335.71,0,5707.07,returned,2024-08-08
3064,1162,10,1,859.56,13.3,859.56,shipped,2022-06-15
3065,974,35,17,645.79,0,10978.43,shipped,2025-01-28
3066,227,103,4,661.57,8.38,2646.28,cancelled,2023-02-12
3067,1127,180,2,774.95,0,1549.9,cancelled,2024-08-08
3068,1793,122,14,816.6,0,11432.4,shipped,2023-05-20
3069,345,165,9,583.18,0,5248.62,cancelled,2024-07-19
3070,540,155,9,431.01,0,3879.09,cancelled,2025-04-18
3071,1745,182,9,718.6,0,6467.4,shipped,2025-12-09
3072,588,152,12,911.9,0,10942.8,returned,2023-04-16
3073,1899,90,8,592.32,0,4738.56,delivered,2023-08-11
3074,1005,73,12,238.38,0,2860.56,delivered,2025-02-05
3075,1509,69,10,409.64,0,4096.4,cancelled,2022-07-20
3076,1536,199,1,565.45,0,565.45,pending,2024-04-14
3077,1290,158,18,150.99,0,2717.82,delivered,2024-12-01
3078,1334,130,14,420.65,0,5889.1,delivered,2022-08-06
3079,1144,109,17,21.24,4.12,361.08,shipped,2025-02-25
3080,504,92,2,52.57,0,105.14,delivered,2025-01-16
3081,614,12,13,654.54,0,8509.02,cancelled,2025-12-06
3082,78,25,10,219.32,0,2193.2,pending,2022-01-04
3083,1405,29,8,717.02,0.83,5736.16,cancelled,2022-07-06
3084,763,143,2,59.58,0,119.16,cancelled,2025-11-15
3085,34,16,17,846.4,23.81,14388.8,delivered,2023-12-23
3086,983,6,1,183.59,0,183.59,shipped,2023-02-27
3087,374,33,7,253.97,0,1777.79,delivered,2022-01-17
3088,1299,101,2,100.03,0,200.06,returned,2023-09-04
3089,1789,185,11,326.55,0,3592.05,delivered,2025-10-21
3090,1967,9,2,332.46,0,664.92,returned,2024-01-02
3091,1447,188,5,176.18,0,880.9,pending,2024-03-23
3092,413,175,18,211.16,8.56,3800.88,cancelled,2025-06-14
3093,698,114,7,139.28,0,974.96,shipped,2024-01-14
3094,11,195,5,515.75,0,2578.75,pending,2025-02-28
3095,700,186,5,627.64,0,3138.2,returned,2025-01-05
3096,729,120,8,239.25,12.68,1914,pending,2023-05-14
3097,1119,103,12,661.57,0,7938.84,returned,2025-10-23
3098,1702,159,13,174.14,6.69,2263.82,pending,2025-07-02
3099,1977,177,19,350.23,0,6654.37,pending,2022-07-16
3100,1832,75,12,95.54,0,1146.48,shipped,2024-11-17
3101,1921,188,1,176.18,0,176.18,pending,2022-06-26
3102,1581,135,6,674.59,0,4047.54,pending,2023-03-09
3103,102,148,9,72.74,2.77,654.66,delivered,2024-08-28
3104,1926,139,10,43.53,0,435.3,pending,2023-06-13
3105,1175,142,6,446.08,18.13,2676.48,delivered,2022-01-04
3106,412,29,7,717.02,0.56,5019.14,delivered,2025-08-27
3107,881,77,19,97.67,28.55,1855.73,returned,2023-02-16
3108,1854,46,1,253.15,0,253.15,shipped,2022-02-28
3109,247,12,5,654.54,15.63,3272.7,returned,2025-09-22
3110,937,124,12,809.49,18.72,9713.88,shipped,2024-07-08
3111,245,199,15,565.45,0,8481.75,cancelled,2024-06-02
3112,1440,51,2,328.87,15.12,657.74,delivered,2025-05-24
3113,195,153,16,22.28,0,356.48,delivered,2024-01-03
3114,1632,155,8,431.01,5.96,3448.08,delivered,2024-05-10
3115,1610,135,10,674.59,0,6745.9,delivered,2022-05-06
3116,1628,123,11,58.49,0,643.39,returned,2025-09-12
3117,116,62,3,166.62,0,499.86,shipped,2023-04-19
3118,763,146,2,629.33,0,1258.66,returned,2024-11-07
3119,1506,199,2,565.45,0,1130.9,shipped,2023-11-08
3120,734,59,18,631.88,0,11373.84,returned,2024-06-03
3121,1983,175,14,211.16,20.4,2956.24,returned,2025-10-13
3122,889,49,11,875.58,0,9631.38,cancelled,2022-06-08
3123,1163,94,3,8.03,0,24.09,cancelled,2023-06-08
3124,1309,75,15,95.54,0,1433.1,pending,2023-03-14
3125,434,23,14,713.25,0,9985.5,cancelled,2024-07-12
3126,549,59,7,631.88,0,4423.16,shipped,2022-03-05
3127,1765,137,2,358.4,0,716.8,delivered,2023-10-24
3128,1327,66,11,397.63,0,4373.93,delivered,2022-04-10
3129,523,57,12,141.75,0,1701,shipped,2024-10-04
3130,681,179,10,450.55,27.55,4505.5,returned,2022-04-23
3131,109,193,8,271.72,12.89,2173.76,cancelled,2022-01-28
3132,1596,112,17,393.73,22.18,6693.41,pending,2023-02-06
3133,1459,28,4,829.59,19.38,3318.36,cancelled,2023-06-06
3134,790,77,8,97.67,4.27,781.36,delivered,2023-11-24
3135,1400,182,15,718.6,0,10779,pending,2023-10-28
3136,1026,21,19,554.6,0,10537.4,returned,2022-12-21
3137,1449,79,3,60.77,17.03,182.31,cancelled,2022-12-18
3138,1671,10,9,859.56,0,7736.04,returned,2024-06-20
3139,118,195,3,515.75,0,1547.25,pending,2023-03-23
3140,1811,184,16,385.1,12.16,6161.6,cancelled,2023-05-24
3141,1993,114,9,139.28,0,1253.52,pending,2024-11-04
3142,1449,131,13,652.89,0,8487.57,delivered,2023-01-12
3143,63,77,11,97.67,17.04,1074.37,pending,2025-07-07
3144,452,185,3,326.55,0.72,979.65,cancelled,2025-07-11
3145,793,137,1,358.4,24.55,358.4,shipped,2025-06-26
3146,122,175,16,211.16,9.89,3378.56,delivered,2024-09-01
3147,34,9,13,332.46,0,4321.98,cancelled,2024-09-10
3148,663,5,1,604.81,18.36,604.81,returned,2022-01-23
3149,1893,173,1,580.62,0,580.62,cancelled,2023-11-26
3150,1282,108,6,541.06,13.67,3246.36,delivered,2024-09-20
3151,332,157,14,83.71,12.24,1171.94,shipped,2024-09-25
3152,552,63,8,560.31,0,4482.48,returned,2023-06-01
3153,422,159,1,174.14,24.8,174.14,returned,2025-04-09
3154,306,162,6,600.01,9.06,3600.06,shipped,2024-01-17
3155,646,195,10,515.75,0,5157.5,delivered,2025-10-17
3156,1105,192,18,576.21,0,10371.78,returned,2024-05-17
3157,1411,135,1,674.59,27.01,674.59,pending,2022-06-13
3158,806,58,8,583.34,23.64,4666.72,delivered,2022-11-17
3159,797,88,3,646.25,20.24,1938.75,shipped,2022-06-17
3160,885,160,14,574.94,13.13,8049.16,cancelled,2025-02-14
3161,20,112,16,393.73,0,6299.68,cancelled,2023-07-21
3162,1773,102,7,573.77,0,4016.39,returned,2025-07-22
3163,1118,127,9,623.12,0,5608.08,shipped,2024-01-24
3164,771,41,19,693.85,0,13183.15,pending,2024-06-15
3165,1194,112,11,393.73,25.55,4331.03,returned,2022-06-02
3166,1813,164,10,527.51,0,5275.1,shipped,2022-06-19
3167,1775,176,14,850.78,0,11910.92,pending,2024-09-01
3168,329,119,1,371.17,0,371.17,cancelled,2025-07-18
3169,1256,20,1,481.5,8.95,481.5,cancelled,2024-06-08
3170,450,9,3,332.46,0,997.38,shipped,2022-11-03
3171,252,38,15,458.13,16.82,6871.95,cancelled,2024-11-11
3172,824,144,16,247.92,0,3966.72,returned,2025-06-08
3173,1753,157,2,83.71,0,167.42,returned,2022-01-17
3174,944,162,7,600.01,0,4200.07,delivered,2025-04-14
3175,1306,41,16,693.85,0,11101.6,cancelled,2022-10-10
3176,661,184,6,385.1,0,2310.6,returned,2025-01-28
3177,1435,29,19,717.02,0,13623.38,delivered,2024-01-24
3178,1496,183,12,656.46,0,7877.52,delivered,2025-01-23
3179,1181,160,16,574.94,0,9199.04,cancelled,2023-11-04
3180,1520,49,13,875.58,0,11382.54,shipped,2024-11-12
3181,478,106,14,596.1,0,8345.4,delivered,2024-08-19
3182,807,151,10,770.69,0,7706.9,shipped,2025-12-01
3183,1215,3,1,536.43,21.88,536.43,pending,2022-04-15
3184,604,168,9,701.25,0,6311.25,returned,2025-03-21
3185,884,162,8,600.01,0,4800.08,delivered,2022-10-19
3186,646,6,1,183.59,0,183.59,returned,2022-10-25
3187,1594,167,17,277.82,2.08,4722.94,cancelled,2024-02-17
3188,788,56,18,561.69,0,10110.42,shipped,2023-12-03
3189,1665,101,16,100.03,28.8,1600.48,cancelled,2025-11-27
3190,50,80,18,59.51,0,1071.18,returned,2022-05-16
3191,778,133,17,298.55,0,5075.35,cancelled,2024-06-28
3192,935,97,1,305.05,0,305.05,cancelled,2023-03-07
3193,500,178,10,354.22,0,3542.2,returned,2025-04-05
3194,327,152,4,911.9,15.31,3647.6,shipped,2024-03-12
3195,676,2,11,667,0,7337,pending,2022-11-01
3196,1074,43,18,64.03,0,1152.54,cancelled,2025-10-03
3197,468,172,2,95.98,0,191.96,delivered,2023-03-21
3198,1374,120,16,239.25,18.76,3828,cancelled,2024-03-20
3199,2000,35,13,645.79,0,8395.27,cancelled,2022-12-23
3200,130,69,1,409.64,14.07,409.64,pending,2025-02-26
3201,134,32,3,244.09,0,732.27,delivered,2025-11-11
3202,1819,197,17,822.64,8.05,13984.88,shipped,2022-08-25
3203,880,108,16,541.06,0,8656.96,pending,2025-01-06
3204,344,142,14,446.08,0,6245.12,delivered,2023-02-26
3205,307,21,8,554.6,27.29,4436.8,delivered,2025-06-17
3206,1567,75,7,95.54,27.38,668.78,shipped,2025-08-04
3207,148,36,11,406.43,9.44,4470.73,delivered,2022-12-21
3208,468,89,8,968.98,0,7751.84,returned,2024-11-13
3209,259,84,1,903.84,0,903.84,pending,2024-08-23
3210,517,140,8,966.17,0,7729.36,returned,2025-06-16
3211,42,199,4,565.45,0,2261.8,delivered,2025-04-26
3212,503,88,11,646.25,0,7108.75,shipped,2024-06-19
3213,891,185,6,326.55,8.31,1959.3,delivered,2022-10-01
3214,1495,91,12,916.22,22.8,10994.64,cancelled,2024-06-14
3215,1093,164,8,527.51,2.29,4220.08,delivered,2022-08-19
3216,1706,164,19,527.51,0,10022.69,delivered,2023-04-08
3217,899,79,9,60.77,0,546.93,pending,2024-01-14
3218,865,69,18,409.64,0,7373.52,delivered,2025-11-14
3219,730,112,18,393.73,0,7087.14,shipped,2023-08-08
3220,114,2,4,667,0,2668,pending,2022-03-08
3221,276,186,5,627.64,0,3138.2,returned,2022-03-19
3222,913,117,6,660.46,0,3962.76,shipped,2025-09-14
3223,653,117,12,660.46,0,7925.52,cancelled,2025-01-26
3224,1564,112,1,393.73,24.49,393.73,pending,2023-11-07
3225,1174,199,8,565.45,0,4523.6,delivered,2023-12-02
3226,1061,34,16,827.62,12.21,13241.92,returned,2022-08-13
3227,608,157,16,83.71,0,1339.36,cancelled,2025-09-14
3228,1768,48,15,184.21,0,2763.15,pending,2022-01-15
3229,552,198,14,380.95,0,5333.3,pending,2024-07-24
3230,1854,64,2,663.35,0,1326.7,returned,2024-05-19
3231,1507,199,15,565.45,0,8481.75,delivered,2024-09-10
3232,1704,148,16,72.74,25.58,1163.84,pending,2024-01-13
3233,66,55,13,112.9,0,1467.7,delivered,2022-06-10
3234,722,146,18,629.33,0,11327.94,pending,2025-06-03
3235,1643,99,12,47.38,0,568.56,returned,2024-08-03
3236,487,162,1,600.01,1.66,600.01,returned,2025-12-18
3237,45,100,2,779.66,0,1559.32,pending,2022-04-09
3238,376,43,15,64.03,9.52,960.45,cancelled,2025-09-07
3239,209,91,17,916.22,0,15575.74,pending,2024-06-26
3240,1878,25,5,219.32,3.47,1096.6,returned,2024-07-23
3241,1161,128,16,216.83,19.24,3469.28,returned,2023-11-23
3242,261,17,15,122.61,0,1839.15,shipped,2022-06-23
3243,1145,199,7,565.45,0,3958.15,returned,2022-03-12
3244,513,42,17,874.09,0,14859.53,returned,2022-05-08
3245,1338,91,19,916.22,0,17408.18,shipped,2025-06-09
3246,277,66,2,397.63,0,795.26,shipped,2023-09-12
3247,58,7,5,669.43,17.78,3347.15,cancelled,2025-10-20
3248,1677,32,3,244.09,1.21,732.27,cancelled,2024-11-15
3249,282,127,16,623.12,27.33,9969.92,pending,2025-07-28
3250,392,145,7,593.41,17.47,4153.87,delivered,2023-05-03
3251,119,181,14,824.33,0,11540.62,delivered,2025-08-01
3252,953,106,14,596.1,0,8345.4,cancelled,2025-03-16
3253,1720,117,3,660.46,0,1981.38,pending,2024-04-15
3254,1671,30,19,125.04,0,2375.76,cancelled,2022-11-12
3255,1912,162,9,600.01,0,5400.09,shipped,2022-10-01
3256,1859,191,13,778.27,8.8,10117.51,shipped,2023-07-04
3257,1886,17,1,122.61,0,122.61,shipped,2025-12-21
3258,738,93,18,750.35,0,13506.3,shipped,2023-07-10
3259,1569,18,14,83.56,7.11,1169.84,delivered,2025-07-14
3260,1020,35,13,645.79,0,8395.27,cancelled,2025-05-06
3261,383,192,9,576.21,20.99,5185.89,pending,2023-03-21
3262,493,15,9,825.2,0,7426.8,pending,2023-06-21
3263,828,41,3,693.85,19.12,2081.55,cancelled,2022-03-18
3264,1512,177,4,350.23,25.28,1400.92,returned,2022-05-08
3265,1600,73,19,238.38,0.78,4529.22,returned,2024-04-17
3266,1299,47,3,645.14,0,1935.42,delivered,2023-09-07
3267,1259,159,3,174.14,0,522.42,delivered,2022-08-01
3268,154,149,6,515.34,26.99,3092.04,pending,2025-06-06
3269,623,67,14,692.69,22.74,9697.66,delivered,2022-05-01
3270,546,123,3,58.49,0,175.47,delivered,2022-05-21
3271,1331,16,4,846.4,0,3385.6,cancelled,2025-10-01
3272,1599,92,2,52.57,0,105.14,cancelled,2023-09-09
3273,1612,119,9,371.17,0,3340.53,returned,2024-05-28
3274,259,184,16,385.1,0,6161.6,cancelled,2023-01-24
3275,1363,3,5,536.43,28.34,2682.15,pending,2022-11-28
3276,213,78,10,335.71,0,3357.1,returned,2025-01-17
3277,790,6,16,183.59,0,2937.44,delivered,2022-07-18
3278,1106,95,15,988.58,4.31,14828.7,shipped,2022-01-06
3279,675,119,10,371.17,0,3711.7,pending,2024-01-24
3280,1164,159,6,174.14,0,1044.84,pending,2023-06-07
3281,1402,66,2,397.63,27.09,795.26,pending,2023-11-12
3282,1752,62,3,166.62,0,499.86,cancelled,2025-03-25
3283,156,77,18,97.67,12.04,1758.06,returned,2025-01-16
3284,246,25,13,219.32,0,2851.16,pending,2022-05-11
3285,164,184,1,385.1,3.2,385.1,shipped,2024-05-13
3286,796,20,8,481.5,3.08,3852,shipped,2024-02-04
3287,1473,124,9,809.49,0,7285.41,delivered,2023-04-09
3288,414,80,19,59.51,26.83,1130.69,shipped,2024-07-11
3289,1471,44,17,690.47,18.83,11737.99,cancelled,2024-10-25
3290,1643,162,9,600.01,0,5400.09,shipped,2024-03-07
3291,1601,43,8,64.03,0,512.24,pending,2023-04-15
3292,323,20,16,481.5,28.15,7704,cancelled,2024-11-03
3293,679,15,11,825.2,0,9077.2,shipped,2024-07-09
3294,444,189,5,492.26,0,2461.3,cancelled,2025-10-09
3295,1043,29,4,717.02,0,2868.08,pending,2025-11-14
3296,1804,155,7,431.01,2.3,3017.07,delivered,2023-01-10
3297,4,149,14,515.34,22.88,7214.76,pending,2025-05-25
3298,70,120,2,239.25,14.99,478.5,delivered,2025-10-26
3299,1987,23,17,713.25,0,12125.25,pending,2022-01-10
3300,161,69,17,409.64,8.24,6963.88,pending,2023-08-01
3301,306,64,10,663.35,2.3,6633.5,cancelled,2025-09-26
3302,642,172,19,95.98,8.8,1823.62,cancelled,2024-09-25
3303,1966,65,18,202.76,22.51,3649.68,cancelled,2023-06-17
3304,735,70,18,100.2,0,1803.6,pending,2023-06-09
3305,1777,53,13,655.86,26.42,8526.18,pending,2024-06-27
3306,405,4,12,943.2,0,11318.4,cancelled,2025-04-19
3307,634,200,1,990.22,0,990.22,cancelled,2025-10-26
3308,375,198,16,380.95,8.47,6095.2,cancelled,2024-03-25
3309,1418,10,13,859.56,13.34,11174.28,cancelled,2022-01-10
3310,376,92,1,52.57,20.74,52.57,delivered,2022-10-12
3311,1576,178,14,354.22,0,4959.08,delivered,2025-10-04
3312,843,85,19,378.98,0,7200.62,shipped,2024-11-04
3313,1924,145,9,593.41,0,5340.69,cancelled,2025-10-23
3314,558,87,18,600.01,0,10800.18,cancelled,2023-02-15
3315,302,137,12,358.4,0,4300.8,cancelled,2025-08-10
3316,381,43,12,64.03,15.21,768.36,delivered,2023-09-13
3317,328,44,17,690.47,0,11737.99,cancelled,2024-02-13
3318,1925,55,14,112.9,0,1580.6,returned,2023-06-19
3319,1555,180,1,774.95,0,774.95,delivered,2025-02-24
3320,404,124,13,809.49,0,10523.37,pending,2022-02-22
3321,192,123,17,58.49,0,994.33,returned,2023-04-04
3322,1348,102,2,573.77,0,1147.54,shipped,2023-08-07
3323,1114,100,15,779.66,0,11694.9,cancelled,2025-04-01
3324,876,1,15,932.66,0,13989.9,pending,2022-08-23
3325,62,25,2,219.32,0,438.64,cancelled,2025-05-17
3326,24,31,4,158.16,0,632.64,shipped,2024-11-16
3327,1495,99,17,47.38,0,805.46,shipped,2025-01-24
3328,1877,33,18,253.97,25.04,4571.46,pending,2023-12-19
3329,555,88,10,646.25,11.15,6462.5,pending,2025-01-14
3330,1052,47,1,645.14,26.4,645.14,shipped,2023-06-15
3331,721,70,14,100.2,0,1402.8,cancelled,2023-04-08
3332,1052,23,13,713.25,0,9272.25,cancelled,2023-02-18
3333,1892,96,1,697.43,27.57,697.43,pending,2024-10-25
3334,205,63,9,560.31,0,5042.79,delivered,2025-05-12
3335,1870,91,16,916.22,13.03,14659.52,pending,2023-03-09
3336,733,33,14,253.97,13.29,3555.58,delivered,2022-04-07
3337,520,43,1,64.03,0,64.03,delivered,2024-11-16
3338,904,98,9,66.06,0,594.54,returned,2025-10-17
3339,689,46,19,253.15,7.33,4809.85,returned,2022-12-15
3340,354,33,7,253.97,0,1777.79,delivered,2023-08-01
3341,780,99,8,47.38,0,379.04,pending,2023-03-05
3342,1903,112,14,393.73,20.32,5512.22,cancelled,2023-10-15
3343,1041,160,8,574.94,20.61,4599.52,pending,2023-12-04
3344,840,130,2,420.65,0,841.3,pending,2023-03-15
3345,1196,11,2,67.82,0,135.64,cancelled,2023-01-25
3346,1360,41,12,693.85,0,8326.2,pending,2022-03-03
3347,1158,41,16,693.85,0,11101.6,delivered,2023-01-04
3348,1669,48,3,184.21,0,552.63,shipped,2023-12-17
3349,55,71,6,903.42,0,5420.52,delivered,2023-08-19
3350,204,15,19,825.2,0,15678.8,returned,2025-05-13
3351,317,133,1,298.55,0,298.55,delivered,2025-06-26
3352,1132,165,4,583.18,19.34,2332.72,pending,2023-10-01
3353,164,197,15,822.64,0,12339.6,returned,2022-09-07
3354,1641,179,9,450.55,21.25,4054.95,returned,2022-11-25
3355,1602,194,16,510.14,0,8162.24,returned,2025-07-18
3356,1873,23,1,713.25,0,713.25,returned,2025-08-28
3357,364,106,9,596.1,0,5364.9,returned,2022-07-21
3358,1850,93,9,750.35,0,6753.15,pending,2023-10-03
3359,1941,158,5,150.99,0,754.95,pending,2022-12-08
3360,588,152,17,911.9,0,15502.3,delivered,2022-09-02
3361,889,173,16,580.62,0,9289.92,pending,2025-06-18
3362,1819,59,12,631.88,0,7582.56,returned,2024-03-14
3363,1195,51,9,328.87,0,2959.83,cancelled,2024-09-19
3364,567,81,1,637.31,0,637.31,delivered,2023-06-09
3365,693,152,4,911.9,24.33,3647.6,delivered,2024-06-19
3366,1063,188,9,176.18,0,1585.62,delivered,2023-09-28
3367,1410,46,5,253.15,0,1265.75,pending,2025-02-13
3368,977,105,14,317.66,2.35,4447.24,cancelled,2023-12-13
3369,200,22,18,119.41,14.12,2149.38,shipped,2025-11-18
3370,395,17,3,122.61,0,367.83,returned,2025-04-04
3371,746,60,19,774.36,0,14712.84,delivered,2023-03-24
3372,858,86,18,789.99,0,14219.82,delivered,2022-06-20
3373,1230,133,12,298.55,0,3582.6,pending,2022-02-24
3374,672,73,18,238.38,0,4290.84,shipped,2022-12-08
3375,104,143,9,59.58,0,536.22,shipped,2023-11-13
3376,1584,112,7,393.73,0,2756.11,delivered,2024-02-10
3377,1273,44,10,690.47,0,6904.7,cancelled,2023-02-24
3378,338,92,4,52.57,0,210.28,delivered,2025-09-02
3379,128,106,9,596.1,24.76,5364.9,shipped,2025-01-28
3380,242,41,11,693.85,0,7632.35,delivered,2024-11-15
3381,1065,104,7,386.74,0,2707.18,pending,2023-06-24
3382,936,20,7,481.5,0,3370.5,cancelled,2023-12-11
3383,936,185,3,326.55,0,979.65,delivered,2025-10-09
3384,916,161,10,81.95,0,819.5,shipped,2024-09-13
3385,1675,25,7,219.32,21.8,1535.24,pending,2022-12-23
3386,811,138,16,557.12,0,8913.92,delivered,2023-03-27
3387,934,54,4,976.53,0,3906.12,shipped,2024-08-16
3388,1311,132,6,173.13,0,1038.78,returned,2023-08-02
3389,931,23,11,713.25,0,7845.75,delivered,2022-05-17
3390,109,11,3,67.82,0,203.46,shipped,2022-10-10
3391,1929,8,15,581.03,0,8715.45,shipped,2023-06-17
3392,1521,112,7,393.73,0,2756.11,pending,2024-08-18
3393,1058,107,15,829.1,0,12436.5,delivered,2023-04-04
3394,1021,55,5,112.9,0,564.5,returned,2024-03-01
3395,1886,117,3,660.46,0,1981.38,delivered,2025-05-17
3396,1723,148,19,72.74,0,1382.06,shipped,2023-06-21
3397,1993,187,18,626.35,0,11274.3,shipped,2022-11-07
3398,457,88,8,646.25,0,5170,delivered,2022-06-01
3399,1633,148,10,72.74,0,727.4,returned,2022-05-22
3400,960,90,18,592.32,0,10661.76,cancelled,2022-10-27
3401,1477,37,12,235.47,10.11,2825.64,delivered,2024-04-06
3402,499,132,14,173.13,8.21,2423.82,pending,2025-01-02
3403,1171,162,13,600.01,25.94,7800.13,returned,2024-08-19
3404,504,70,18,100.2,17.51,1803.6,delivered,2024-02-09
3405,1818,193,5,271.72,0,1358.6,cancelled,2025-05-19
3406,1245,131,4,652.89,0,2611.56,pending,2025-03-25
3407,1066,126,6,118.97,20.81,713.82,shipped,2022-09-11
3408,302,193,15,271.72,0,4075.8,delivered,2023-12-01
3409,507,187,2,626.35,6.46,1252.7,pending,2022-09-05
3410,1135,165,18,583.18,6.63,10497.24,cancelled,2025-09-03
3411,1041,17,7,122.61,7.49,858.27,pending,2024-04-20
3412,761,65,3,202.76,19.54,608.28,returned,2022-03-19
3413,366,73,19,238.38,0,4529.22,delivered,2024-08-13
3414,886,197,1,822.64,0,822.64,returned,2022-07-15
3415,1287,86,3,789.99,0,2369.97,pending,2025-02-02
3416,1453,148,7,72.74,0,509.18,returned,2025-04-04
3417,1337,79,9,60.77,0,546.93,delivered,2023-09-06
3418,1170,75,18,95.54,0,1719.72,cancelled,2025-02-21
3419,1073,165,13,583.18,9.34,7581.34,shipped,2025-04-24
3420,893,164,17,527.51,0,8967.67,shipped,2023-08-11
3421,1380,146,8,629.33,0,5034.64,returned,2025-05-22
3422,196,72,2,633.89,0,1267.78,delivered,2023-12-23
3423,1349,108,18,541.06,0,9739.08,returned,2023-08-19
3424,1407,40,19,892.78,0,16962.82,pending,2025-09-25
3425,163,100,11,779.66,0,8576.26,delivered,2025-04-07
3426,1616,186,9,627.64,0,5648.76,cancelled,2025-09-14
3427,447,119,8,371.17,0,2969.36,cancelled,2023-05-10
3428,995,199,11,565.45,0,6219.95,returned,2022-03-03
3429,1046,81,15,637.31,0,9559.65,cancelled,2022-03-17
3430,394,88,8,646.25,0,5170,delivered,2023-02-02
3431,355,198,14,380.95,0,5333.3,cancelled,2023-04-21
3432,1687,188,7,176.18,0,1233.26,delivered,2022-11-02
3433,590,37,2,235.47,0,470.94,returned,2023-12-11
3434,852,15,14,825.2,3.97,11552.8,delivered,2024-08-08
3435,1981,68,13,447.71,0,5820.23,delivered,2025-06-23
3436,1135,122,18,816.6,0,14698.8,delivered,2025-10-18
3437,165,45,19,639.61,0.17,12152.59,returned,2025-03-02
3438,478,122,15,816.6,16.75,12249,pending,2025-09-01
3439,152,11,17,67.82,0,1152.94,pending,2022-11-16
3440,1976,83,10,806.73,0,8067.3,returned,2022-10-24
3441,1127,193,10,271.72,4.54,2717.2,returned,2023-06-15
3442,1472,60,9,774.36,0,6969.24,pending,2024-09-10
3443,1462,87,11,600.01,4.48,6600.11,pending,2024-03-16
3444,587,162,9,600.01,0,5400.09,pending,2024-04-09
3445,124,10,14,859.56,8.75,12033.84,returned,2022-01-17
3446,806,173,7,580.62,0,4064.34,shipped,2025-03-10
3447,298,67,10,692.69,0,6926.9,cancelled,2024-03-06
3448,404,151,9,770.69,0,6936.21,delivered,2024-04-15
3449,603,134,7,53.33,0,373.31,cancelled,2025-05-06
3450,1027,74,9,221.84,0,1996.56,pending,2023-11-18
3451,1894,183,4,656.46,0,2625.84,delivered,2024-02-23
3452,300,192,19,576.21,15.5,10947.99,pending,2022-06-15
3453,300,104,11,386.74,0,4254.14,shipped,2023-03-24
3454,508,17,18,122.61,13.28,2206.98,returned,2022-05-15
3455,1526,170,10,944.19,24.43,9441.9,shipped,2025-05-24
3456,728,179,16,450.55,0,7208.8,returned,2024-03-26
3457,1357,148,15,72.74,0,1091.1,cancelled,2025-05-01
3458,451,6,8,183.59,0,1468.72,returned,2023-07-21
3459,1347,28,12,829.59,0,9955.08,delivered,2022-02-12
3460,481,163,8,241.1,12.57,1928.8,cancelled,2025-08-18
3461,1591,4,15,943.2,22.15,14148,pending,2023-06-07
3462,55,121,17,963.7,0,16382.9,shipped,2023-11-02
3463,165,50,9,724.2,0,6517.8,pending,2024-09-18
3464,445,75,11,95.54,0,1050.94,shipped,2025-11-18
3465,1581,195,18,515.75,0,9283.5,shipped,2025-09-11
3466,1272,52,3,370.49,0,1111.47,cancelled,2022-05-20
3467,367,85,15,378.98,0,5684.7,delivered,2025-10-05
3468,1195,57,9,141.75,0,1275.75,pending,2024-12-14
3469,513,153,11,22.28,0,245.08,delivered,2025-08-11
3470,742,117,8,660.46,0,5283.68,pending,2024-06-19
3471,784,122,16,816.6,0,13065.6,cancelled,2023-08-27
3472,390,69,7,409.64,0,2867.48,delivered,2022-11-11
3473,597,33,7,253.97,0,1777.79,pending,2022-12-20
3474,463,190,16,524.31,0,8388.96,pending,2023-09-07
3475,251,68,7,447.71,0,3133.97,returned,2022-07-22
3476,289,111,5,281.59,0,1407.95,shipped,2023-04-09
3477,1508,179,3,450.55,0,1351.65,returned,2022-05-13
3478,725,9,2,332.46,0,664.92,delivered,2024-07-14
3479,1705,19,13,437.6,0,5688.8,delivered,2025-08-14
3480,1358,194,8,510.14,0,4081.12,pending,2025-02-13
3481,766,61,5,968.17,0,4840.85,cancelled,2025-12-04
3482,1949,123,4,58.49,0,233.96,returned,2025-04-20
3483,447,55,18,112.9,21.3,2032.2,delivered,2025-09-15
3484,1752,143,10,59.58,0,595.8,cancelled,2025-02-04
3485,1730,171,2,845.83,0,1691.66,delivered,2023-02-27
3486,805,106,1,596.1,10.19,596.1,pending,2022-09-15
3487,1276,196,15,542.59,0,8138.85,cancelled,2024-02-27
3488,1878,83,3,806.73,0,2420.19,returned,2025-12-18
3489,283,175,19,211.16,0,4012.04,pending,2022-09-16
3490,812,153,8,22.28,12.57,178.24,delivered,2025-08-19
3491,323,84,12,903.84,10.89,10846.08,shipped,2025-08-10
3492,1411,192,9,576.21,0,5185.89,shipped,2024-09-05
3493,1535,2,9,667,5.81,6003,cancelled,2025-05-13
3494,27,152,8,911.9,0,7295.2,pending,2023-02-13
3495,794,149,12,515.34,0,6184.08,pending,2024-12-26
3496,1049,142,8,446.08,0,3568.64,delivered,2023-10-24
3497,626,93,3,750.35,0,2251.05,cancelled,2023-10-20
3498,1614,28,13,829.59,0,10784.67,returned,2025-03-04
3499,120,113,4,129.9,0,519.6,pending,2022-02-11
3500,1723,59,8,631.88,0,5055.04,cancelled,2023-10-24
3501,1492,129,19,730.46,0,13878.74,shipped,2023-09-22
3502,303,195,8,515.75,0,4126,delivered,2022-11-14
3503,1654,38,19,458.13,20.12,8704.47,delivered,2023-04-27
3504,1818,81,18,637.31,4.2,11471.58,cancelled,2025-04-28
3505,1694,126,11,118.97,0,1308.67,cancelled,2025-11-22
3506,686,83,4,806.73,8.96,3226.92,delivered,2024-06-09
3507,305,129,6,730.46,0,4382.76,cancelled,2022-03-10
3508,1059,93,19,750.35,0,14256.65,pending,2025-04-13
3509,199,43,6,64.03,1.67,384.18,shipped,2024-12-11
3510,319,41,17,693.85,0,11795.45,shipped,2022-11-18
3511,70,38,8,458.13,0,3665.04,delivered,2022-02-04
3512,591,1,10,932.66,0,9326.6,pending,2025-08-26
3513,72,24,2,58.24,0,116.48,shipped,2023-07-15
3514,1349,68,16,447.71,0,7163.36,cancelled,2025-07-08
3515,890,38,5,458.13,0,2290.65,cancelled,2023-06-28
3516,305,167,5,277.82,0,1389.1,delivered,2022-05-28
3517,1584,117,5,660.46,0,3302.3,shipped,2023-12-19
3518,1862,113,3,129.9,0,389.7,pending,2024-11-23
3519,1434,134,14,53.33,0,746.62,cancelled,2022-08-09
3520,974,141,11,621.99,0,6841.89,shipped,2022-07-11
3521,1383,139,1,43.53,0,43.53,returned,2025-12-02
3522,1247,26,13,362.01,0,4706.13,cancelled,2025-05-21
3523,468,108,5,541.06,0,2705.3,shipped,2022-11-02
3524,1967,82,19,286.13,0,5436.47,delivered,2022-11-07
3525,1905,51,11,328.87,0,3617.57,returned,2022-01-03
3526,1127,142,7,446.08,23.05,3122.56,cancelled,2022-07-13
3527,1273,180,5,774.95,0,3874.75,delivered,2025-04-06
3528,247,52,13,370.49,0,4816.37,cancelled,2023-03-11
3529,422,181,1,824.33,0,824.33,delivered,2024-06-16
3530,1092,112,19,393.73,8.54,7480.87,returned,2022-09-12
3531,556,83,5,806.73,0,4033.65,delivered,2022-03-24
3532,1916,181,1,824.33,0,824.33,shipped,2024-01-18
3533,1254,109,9,21.24,0,191.16,returned,2023-02-21
3534,1172,35,10,645.79,0,6457.9,shipped,2024-02-04
3535,1070,53,2,655.86,0,1311.72,returned,2024-06-20
3536,1065,113,2,129.9,17.23,259.8,cancelled,2024-03-05
3537,575,174,15,231.71,0,3475.65,pending,2025-12-10
3538,1439,199,16,565.45,0,9047.2,shipped,2022-08-05
3539,1813,11,9,67.82,28.06,610.38,shipped,2023-02-16
3540,108,28,10,829.59,3.29,8295.9,delivered,2023-02-07
3541,1470,184,3,385.1,0,1155.3,cancelled,2025-11-14
3542,562,98,18,66.06,0,1189.08,delivered,2023-12-17
3543,1532,35,3,645.79,1.2,1937.37,pending,2025-03-22
3544,1269,131,7,652.89,0,4570.23,cancelled,2022-05-27
3545,1652,121,17,963.7,0,16382.9,returned,2023-04-04
3546,1860,1,8,932.66,0,7461.28,shipped,2022-07-11
3547,1419,20,6,481.5,0,2889,delivered,2025-01-17
3548,82,62,16,166.62,0,2665.92,delivered,2024-07-20
3549,1469,12,6,654.54,0,3927.24,returned,2025-09-02
3550,1937,24,19,58.24,0,1106.56,pending,2024-12-15
3551,1951,145,6,593.41,0,3560.46,cancelled,2022-04-04
3552,947,86,18,789.99,0,14219.82,pending,2022-12-07
3553,1997,139,13,43.53,0,565.89,pending,2024-07-13
3554,228,183,19,656.46,0,12472.74,pending,2022-10-12
3555,275,63,12,560.31,25.48,6723.72,pending,2025-12-04
3556,207,131,17,652.89,0,11099.13,returned,2025-08-06
3557,278,83,16,806.73,13.01,12907.68,delivered,2022-06-26
3558,896,67,19,692.69,6.27,13161.11,shipped,2025-01-09
3559,949,184,1,385.1,0,385.1,returned,2023-08-01
3560,24,43,8,64.03,0,512.24,shipped,2025-03-08
3561,435,87,8,600.01,0,4800.08,delivered,2023-02-04
3562,1696,79,2,60.77,8.11,121.54,shipped,2025-05-19
3563,53,41,2,693.85,20.81,1387.7,pending,2024-10-13
3564,946,194,6,510.14,0,3060.84,returned,2023-03-03
3565,210,139,18,43.53,0,783.54,returned,2022-02-15
3566,507,182,2,718.6,4.15,1437.2,delivered,2023-05-05
3567,1108,72,9,633.89,0,5705.01,shipped,2023-07-21
3568,655,192,1,576.21,19.63,576.21,pending,2022-12-19
3569,1809,5,6,604.81,5.06,3628.86,delivered,2025-10-08
3570,910,73,4,238.38,13.1,953.52,pending,2022-10-26
3571,166,32,14,244.09,0,3417.26,shipped,2025-12-13
3572,542,116,8,208.96,0,1671.68,cancelled,2023-11-15
3573,1833,94,15,8.03,16.21,120.45,pending,2024-10-17
3574,337,66,3,397.63,0,1192.89,pending,2025-07-13
3575,1401,88,11,646.25,0,7108.75,shipped,2022-09-14
3576,1301,160,15,574.94,0,8624.1,delivered,2022-04-23
3577,97,172,15,95.98,0,1439.7,returned,2024-08-18
3578,205,91,15,916.22,0,13743.3,delivered,2025-07-07
3579,798,30,18,125.04,20.1,2250.72,shipped,2025-03-06
3580,579,109,8,21.24,0,169.92,returned,2025-05-05
3581,945,115,2,763.04,21.05,1526.08,shipped,2024-12-22
3582,1568,33,19,253.97,0,4825.43,returned,2023-09-14
3583,415,45,6,639.61,0,3837.66,shipped,2022-02-05
3584,1346,173,17,580.62,0,9870.54,cancelled,2024-06-24
3585,92,8,6,581.03,28.28,3486.18,pending,2024-09-11
3586,690,57,3,141.75,0,425.25,cancelled,2024-02-10
3587,1825,5,13,604.81,0,7862.53,pending,2022-04-01
3588,1396,55,13,112.9,0,1467.7,shipped,2023-12-26
3589,499,183,14,656.46,0,9190.44,shipped,2024-09-19
3590,247,133,7,298.55,6.53,2089.85,cancelled,2022-07-23
3591,424,18,16,83.56,0,1336.96,shipped,2023-07-25
3592,74,19,6,437.6,0,2625.6,returned,2022-05-27
3593,1344,112,12,393.73,0,4724.76,pending,2024-08-19
3594,989,179,3,450.55,18.75,1351.65,pending,2023-05-27
3595,1865,74,16,221.84,9.13,3549.44,pending,2023-04-20
3596,1482,156,15,200.01,18.53,3000.15,pending,2022-10-03
3597,1426,128,19,216.83,4.96,4119.77,pending,2022-05-17
3598,143,70,12,100.2,0,1202.4,delivered,2024-05-23
3599,66,115,19,763.04,2.71,14497.76,returned,2023-10-25
3600,673,20,18,481.5,0,8667,returned,2025-02-14
3601,1760,62,18,166.62,0,2999.16,returned,2024-01-27
3602,401,187,6,626.35,0,3758.1,returned,2025-11-18
3603,17,165,18,583.18,0,10497.24,cancelled,2022-03-18
3604,1881,155,19,431.01,0,8189.19,pending,2022-03-03
3605,127,47,3,645.14,0,1935.42,cancelled,2024-02-24
3606,1871,50,2,724.2,0,1448.4,shipped,2024-12-02
3607,1003,170,5,944.19,0,4720.95,shipped,2022-06-20
3608,588,27,16,141.19,0.8,2259.04,cancelled,2023-01-06
3609,567,176,12,850.78,0,10209.36,pending,2023-01-27
3610,387,146,4,629.33,19.31,2517.32,shipped,2024-12-27
3611,1559,185,1,326.55,4.22,326.55,cancelled,2024-12-07
3612,707,75,10,95.54,0,955.4,returned,2022-08-07
3613,689,70,4,100.2,0,400.8,cancelled,2025-06-12
3614,315,163,14,241.1,0,3375.4,pending,2025-06-01
3615,1047,63,12,560.31,22.32,6723.72,pending,2022-04-17
3616,88,183,10,656.46,0,6564.6,cancelled,2022-01-22
3617,1386,25,4,219.32,0,877.28,returned,2024-05-01
3618,1865,51,7,328.87,0,2302.09,delivered,2024-04-19
3619,354,188,1,176.18,0,176.18,delivered,2022-07-21
3620,785,24,13,58.24,0,757.12,cancelled,2025-06-07
3621,1778,4,3,943.2,0,2829.6,returned,2022-11-03
3622,281,85,19,378.98,0,7200.62,cancelled,2023-04-10
3623,1498,49,13,875.58,0,11382.54,cancelled,2024-06-08
3624,1976,116,18,208.96,28.78,3761.28,pending,2022-07-10
3625,883,155,4,431.01,24.36,1724.04,cancelled,2025-03-04
3626,1815,175,14,211.16,0,2956.24,pending,2023-09-24
3627,1991,80,9,59.51,0,535.59,returned,2025-09-26
3628,1336,157,1,83.71,0.88,83.71,cancelled,2024-06-05
3629,1097,189,13,492.26,0,6399.38,delivered,2023-09-24
3630,254,91,12,916.22,0,10994.64,pending,2025-11-18
3631,1535,56,6,561.69,0,3370.14,delivered,2022-10-20
3632,701,197,12,822.64,0,9871.68,pending,2024-06-18
3633,719,163,12,241.1,0,2893.2,pending,2025-05-23
3634,1188,187,10,626.35,23.87,6263.5,delivered,2022-05-14
3635,1105,183,10,656.46,0,6564.6,delivered,2024-04-04
3636,1913,26,19,362.01,0,6878.19,shipped,2022-09-04
3637,893,150,8,533.49,0,4267.92,shipped,2022-11-14
3638,40,130,19,420.65,6.46,7992.35,delivered,2022-02-27
3639,1370,63,7,560.31,3.08,3922.17,pending,2022-07-23
3640,274,101,7,100.03,0,700.21,returned,2023-11-24
3641,675,192,3,576.21,0,1728.63,shipped,2022-09-25
3642,141,59,4,631.88,0,2527.52,pending,2022-04-12
3643,490,137,7,358.4,4.62,2508.8,cancelled,2023-07-01
3644,30,115,5,763.04,11.18,3815.2,pending,2023-05-08
3645,501,145,11,593.41,0,6527.51,cancelled,2023-10-24
3646,177,40,13,892.78,0,11606.14,delivered,2023-08-16
3647,1009,80,5,59.51,13.7,297.55,delivered,2024-10-28
3648,1561,86,9,789.99,0,7109.91,shipped,2025-04-27
3649,559,84,9,903.84,29.39,8134.56,shipped,2025-01-26
3650,415,6,17,183.59,0,3121.03,shipped,2025-01-25
3651,35,141,2,621.99,22.66,1243.98,shipped,2024-08-24
3652,1302,68,5,447.71,26.2,2238.55,shipped,2022-02-14
3653,1657,38,2,458.13,0,916.26,cancelled,2022-11-19
3654,1885,138,13,557.12,29.06,7242.56,delivered,2024-08-18
3655,760,63,11,560.31,13.28,6163.41,shipped,2022-07-11
3656,959,112,16,393.73,0,6299.68,returned,2025-11-25
3657,807,32,9,244.09,0,2196.81,shipped,2024-11-22
3658,148,124,17,809.49,0,13761.33,shipped,2023-03-23
3659,1127,145,16,593.41,0,9494.56,cancelled,2024-08-17
3660,651,148,10,72.74,0,727.4,cancelled,2025-09-11
3661,1503,33,14,253.97,0,3555.58,returned,2024-08-02
3662,1131,174,4,231.71,21.54,926.84,cancelled,2023-11-21
3663,262,136,1,28.67,0,28.67,shipped,2023-02-17
3664,60,87,11,600.01,10.65,6600.11,delivered,2025-04-21
3665,275,165,17,583.18,0,9914.06,delivered,2023-10-17
3666,369,100,8,779.66,0,6237.28,cancelled,2025-08-02
3667,1093,7,3,669.43,2.83,2008.29,returned,2023-04-05
3668,1701,146,2,629.33,16.17,1258.66,shipped,2025-07-26
3669,411,33,6,253.97,0,1523.82,pending,2023-01-04
3670,1117,65,9,202.76,0,1824.84,delivered,2022-11-19
3671,1364,73,18,238.38,0,4290.84,returned,2023-03-26
3672,902,96,14,697.43,0,9764.02,delivered,2023-01-09
3673,584,59,12,631.88,0,7582.56,returned,2022-08-04
3674,762,63,18,560.31,0,10085.58,shipped,2024-01-03
3675,191,11,8,67.82,0,542.56,shipped,2024-02-11
3676,664,20,5,481.5,0,2407.5,pending,2022-02-14
3677,1806,70,8,100.2,0,801.6,pending,2023-02-18
3678,1236,49,9,875.58,0,7880.22,pending,2025-03-18
3679,1712,51,15,328.87,0,4933.05,pending,2022-12-03
3680,1467,64,5,663.35,0,3316.75,pending,2022-06-06
3681,695,144,13,247.92,24.93,3222.96,cancelled,2025-03-19
3682,933,19,9,437.6,0,3938.4,returned,2022-09-16
3683,665,94,4,8.03,0,32.12,pending,2023-06-02
3684,818,33,17,253.97,0,4317.49,cancelled,2024-01-14
3685,797,170,1,944.19,0,944.19,cancelled,2024-12-21
3686,1354,113,12,129.9,0,1558.8,shipped,2022-01-06
3687,1808,110,14,77.9,10.58,1090.6,pending,2024-01-07
3688,844,181,8,824.33,0,6594.64,pending,2025-03-26
3689,752,49,8,875.58,0,7004.64,cancelled,2025-06-23
3690,1341,106,12,596.1,0,7153.2,pending,2025-08-27
3691,299,128,12,216.83,0,2601.96,delivered,2024-08-14
3692,389,12,18,654.54,29.06,11781.72,cancelled,2022-10-01
3693,207,59,12,631.88,0,7582.56,delivered,2024-08-24
3694,1610,184,4,385.1,25.46,1540.4,returned,2024-03-02
3695,1394,15,13,825.2,0,10727.6,pending,2023-09-10
3696,1865,181,2,824.33,0,1648.66,delivered,2022-10-11
3697,446,102,15,573.77,0,8606.55,cancelled,2024-06-23
3698,1491,48,7,184.21,0,1289.47,pending,2022-06-24
3699,154,55,6,112.9,0,677.4,delivered,2022-07-08
3700,383,13,8,30.37,0,242.96,returned,2022-04-15
3701,86,47,11,645.14,11.82,7096.54,delivered,2024-10-26
3702,899,114,19,139.28,0,2646.32,cancelled,2022-11-07
3703,1446,75,4,95.54,0,382.16,delivered,2023-02-05
3704,407,66,10,397.63,0,3976.3,pending,2022-09-14
3705,350,31,8,158.16,0,1265.28,delivered,2025-01-20
3706,229,63,7,560.31,0,3922.17,delivered,2022-04-23
3707,1189,180,14,774.95,0,10849.3,shipped,2023-07-24
3708,733,153,7,22.28,0,155.96,pending,2022-07-12
3709,1586,27,8,141.19,0,1129.52,cancelled,2022-01-23
3710,1287,160,16,574.94,0,9199.04,pending,2022-12-14
3711,534,129,3,730.46,0,2191.38,returned,2025-08-11
3712,1639,192,8,576.21,0,4609.68,delivered,2022-01-12
3713,959,26,9,362.01,0,3258.09,returned,2025-09-05
3714,270,138,6,557.12,0,3342.72,returned,2023-04-22
3715,1687,30,5,125.04,16.86,625.2,shipped,2022-02-11
3716,1672,47,4,645.14,0,2580.56,returned,2025-10-11
3717,72,8,13,581.03,0,7553.39,shipped,2022-05-08
3718,541,143,7,59.58,2.59,417.06,shipped,2023-05-17
3719,471,98,8,66.06,0,528.48,delivered,2023-10-27
3720,834,132,17,173.13,0,2943.21,returned,2023-10-17
3721,1516,125,17,142.11,15.85,2415.87,pending,2024-08-25
3722,815,156,2,200.01,29.05,400.02,cancelled,2022-08-23
3723,884,28,11,829.59,0,9125.49,delivered,2023-06-24
3724,230,181,18,824.33,0,14837.94,returned,2022-12-18
3725,238,83,12,806.73,0,9680.76,cancelled,2024-03-27
3726,1915,44,16,690.47,22.77,11047.52,returned,2024-05-13
3727,843,55,8,112.9,0,903.2,shipped,2023-04-09
3728,1240,13,13,30.37,0,394.81,pending,2023-10-03
3729,1107,34,4,827.62,0,3310.48,shipped,2022-10-10
3730,591,183,19,656.46,0,12472.74,pending,2024-06-02
3731,1525,188,1,176.18,0,176.18,delivered,2025-09-14
3732,67,93,11,750.35,24.56,8253.85,pending,2024-07-13
3733,1575,56,14,561.69,0,7863.66,cancelled,2025-03-15
3734,156,92,11,52.57,0,578.27,cancelled,2024-02-15
3735,264,8,3,581.03,0,1743.09,cancelled,2023-04-28
3736,1932,6,19,183.59,0,3488.21,shipped,2022-12-18
3737,537,20,16,481.5,23.46,7704,delivered,2023-07-24
3738,413,185,8,326.55,0,2612.4,pending,2025-06-21
3739,1925,184,15,385.1,0,5776.5,shipped,2025-04-24
3740,923,161,12,81.95,7.82,983.4,delivered,2022-03-04
3741,1255,157,9,83.71,10.5,753.39,delivered,2025-03-03
3742,501,79,5,60.77,0,303.85,delivered,2022-06-03
3743,1909,188,7,176.18,0,1233.26,delivered,2025-11-27
3744,1074,27,3,141.19,0,423.57,shipped,2024-07-12
3745,650,98,15,66.06,0,990.9,pending,2023-03-16
3746,449,183,7,656.46,0,4595.22,shipped,2022-09-01
3747,35,19,10,437.6,11.76,4376,delivered,2023-11-12
3748,734,36,15,406.43,0,6096.45,cancelled,2023-04-21
3749,1045,15,14,825.2,0,11552.8,pending,2025-03-17
3750,519,152,11,911.9,0,10030.9,returned,2022-05-14
3751,1224,33,3,253.97,22.85,761.91,cancelled,2024-03-20
3752,340,31,9,158.16,0,1423.44,delivered,2025-03-17
3753,1156,48,9,184.21,0,1657.89,pending,2022-01-02
3754,596,140,18,966.17,17.24,17391.06,delivered,2023-09-27
3755,1397,172,13,95.98,0,1247.74,pending,2023-01-25
3756,1005,178,10,354.22,0,3542.2,shipped,2024-12-23
3757,637,117,4,660.46,0,2641.84,returned,2023-02-12
3758,1230,84,11,903.84,0,9942.24,cancelled,2022-05-08
3759,1519,13,16,30.37,6.17,485.92,returned,2024-08-09
3760,2000,178,12,354.22,0,4250.64,returned,2022-06-16
3761,27,72,15,633.89,8.73,9508.35,shipped,2023-11-17
3762,1769,170,19,944.19,0,17939.61,shipped,2025-08-22
3763,183,179,9,450.55,0,4054.95,shipped,2023-02-17
3764,416,117,18,660.46,0,11888.28,shipped,2022-03-24
3765,1934,41,16,693.85,0,11101.6,cancelled,2022-06-10
3766,352,182,18,718.6,0,12934.8,cancelled,2022-09-18
3767,972,158,13,150.99,0,1962.87,delivered,2025-05-10
3768,1595,83,7,806.73,0,5647.11,returned,2024-07-19
3769,445,90,3,592.32,0,1776.96,delivered,2025-06-05
3770,1548,13,15,30.37,13.05,455.55,returned,2025-10-02
3771,466,88,7,646.25,0,4523.75,returned,2024-05-11
3772,1889,43,1,64.03,19.64,64.03,delivered,2025-05-23
3773,768,139,8,43.53,0,348.24,delivered,2022-11-11
3774,201,65,10,202.76,0,2027.6,returned,2025-09-13
3775,1252,92,18,52.57,0,946.26,delivered,2023-01-18
3776,837,129,9,730.46,16.46,6574.14,pending,2022-06-22
3777,402,53,14,655.86,0,9182.04,delivered,2022-10-13
3778,931,110,6,77.9,0,467.4,shipped,2025-08-23
3779,82,48,15,184.21,0,2763.15,returned,2024-08-07
3780,1913,115,4,763.04,0,3052.16,cancelled,2024-07-13
3781,537,133,7,298.55,0,2089.85,delivered,2023-05-15
3782,908,149,17,515.34,29.56,8760.78,cancelled,2024-05-27
3783,1269,131,1,652.89,16.21,652.89,pending,2023-08-06
3784,1471,24,16,58.24,0,931.84,returned,2023-12-27
3785,1328,76,9,948.25,0,8534.25,returned,2025-08-23
3786,1127,199,11,565.45,0,6219.95,shipped,2024-09-28
3787,293,123,9,58.49,0,526.41,pending,2024-11-28
3788,1047,5,18,604.81,25.64,10886.58,returned,2023-01-01
3789,102,176,4,850.78,0,3403.12,delivered,2025-12-07
3790,1047,65,19,202.76,0,3852.44,pending,2022-09-24
3791,1900,112,12,393.73,0,4724.76,delivered,2025-08-20
3792,81,87,11,600.01,0,6600.11,cancelled,2022-04-17
3793,271,150,4,533.49,0,2133.96,cancelled,2024-03-03
3794,1365,138,5,557.12,0,2785.6,shipped,2024-01-13
3795,1893,157,5,83.71,19.96,418.55,shipped,2023-06-24
3796,981,148,13,72.74,0,945.62,cancelled,2022-10-21
3797,1056,6,8,183.59,0,1468.72,cancelled,2025-04-03
3798,1486,80,11,59.51,23.7,654.61,returned,2024-06-01
3799,1484,22,4,119.41,0,477.64,delivered,2025-07-14
3800,345,194,16,510.14,9.96,8162.24,cancelled,2023-06-05
3801,1354,150,8,533.49,28.79,4267.92,shipped,2025-09-15
3802,1444,67,9,692.69,0,6234.21,shipped,2025-07-19
3803,1182,34,15,827.62,0,12414.3,cancelled,2025-04-13
3804,697,151,6,770.69,8.65,4624.14,cancelled,2025-04-05
3805,344,179,16,450.55,7.44,7208.8,shipped,2022-05-14
3806,104,15,12,825.2,0,9902.4,cancelled,2025-04-28
3807,4,60,13,774.36,14.65,10066.68,cancelled,2022-05-25
3808,1707,69,19,409.64,28.73,7783.16,shipped,2024-09-24
3809,989,42,5,874.09,25.78,4370.45,cancelled,2023-05-18
3810,45,133,6,298.55,0,1791.3,cancelled,2022-10-06
3811,227,75,7,95.54,0,668.78,shipped,2023-10-16
3812,1435,197,6,822.64,17.36,4935.84,returned,2022-08-09
3813,919,58,14,583.34,0,8166.76,returned,2024-10-27
3814,560,10,17,859.56,18.61,14612.52,returned,2023-09-07
3815,1130,183,10,656.46,1.7,6564.6,cancelled,2025-08-12
3816,583,39,17,211.25,29.3,3591.25,shipped,2025-10-12
3817,93,63,4,560.31,0,2241.24,shipped,2022-09-26
3818,1366,160,14,574.94,0,8049.16,cancelled,2025-03-26
3819,656,113,4,129.9,9.39,519.6,returned,2025-10-20
3820,419,178,5,354.22,0,1771.1,shipped,2024-12-17
3821,613,93,10,750.35,0,7503.5,pending,2023-02-02
3822,1999,164,16,527.51,0,8440.16,shipped,2024-08-12
3823,865,81,6,637.31,0,3823.86,pending,2024-11-06
3824,1027,196,14,542.59,27.11,7596.26,pending,2023-11-23
3825,1810,144,1,247.92,0,247.92,delivered,2022-02-02
3826,269,102,1,573.77,23.47,573.77,returned,2023-01-20
3827,1472,16,6,846.4,0,5078.4,pending,2023-03-15
3828,1939,97,8,305.05,0,2440.4,pending,2023-12-17
3829,62,3,19,536.43,17.91,10192.17,delivered,2023-03-14
3830,639,15,15,825.2,0,12378,delivered,2023-02-06
3831,83,152,1,911.9,0,911.9,returned,2024-06-03
3832,1850,154,19,890.6,0,16921.4,shipped,2023-10-08
3833,9,121,4,963.7,6.08,3854.8,pending,2025-09-16
3834,1740,94,18,8.03,0,144.54,shipped,2023-09-01
3835,747,172,5,95.98,0,479.9,cancelled,2025-02-08
3836,1557,114,11,139.28,0,1532.08,delivered,2024-01-16
3837,824,100,18,779.66,29.28,14033.88,cancelled,2025-08-03
3838,215,124,10,809.49,0,8094.9,delivered,2022-03-04
3839,1235,13,17,30.37,17.48,516.29,pending,2024-01-12
3840,1278,13,10,30.37,22.52,303.7,returned,2024-12-17
3841,1624,22,11,119.41,24.61,1313.51,delivered,2025-05-06
3842,889,165,8,583.18,1.32,4665.44,delivered,2024-02-06
3843,1999,6,18,183.59,0,3304.62,delivered,2025-05-05
3844,109,10,10,859.56,0,8595.6,cancelled,2022-09-13
3845,1306,86,7,789.99,0,5529.93,pending,2022-05-22
3846,697,74,17,221.84,0,3771.28,cancelled,2025-09-02
3847,1671,128,9,216.83,0,1951.47,shipped,2023-09-18
3848,1884,68,17,447.71,0,7611.07,delivered,2025-10-06
3849,1888,146,19,629.33,0,11957.27,returned,2024-02-25
3850,1389,96,12,697.43,0,8369.16,delivered,2023-02-24
3851,1110,74,12,221.84,7.88,2662.08,cancelled,2023-12-26
3852,270,85,2,378.98,10.38,757.96,shipped,2025-06-03
3853,698,91,19,916.22,0,17408.18,delivered,2025-07-17
3854,1274,102,4,573.77,0,2295.08,cancelled,2025-05-15
3855,901,114,15,139.28,0,2089.2,cancelled,2023-07-15
3856,749,48,6,184.21,0,1105.26,cancelled,2022-12-08
3857,1486,95,9,988.58,0,8897.22,delivered,2024-12-20
3858,366,76,18,948.25,25.45,17068.5,shipped,2024-01-21
3859,943,4,6,943.2,15.87,5659.2,shipped,2024-06-26
3860,478,183,10,656.46,6.64,6564.6,delivered,2023-09-02
3861,236,114,3,139.28,0,417.84,pending,2022-11-25
3862,1194,200,7,990.22,0,6931.54,cancelled,2024-04-15
3863,1597,65,7,202.76,0,1419.32,cancelled,2022-03-22
3864,257,29,14,717.02,0,10038.28,delivered,2025-04-16
3865,747,69,10,409.64,0,4096.4,returned,2025-08-06
3866,1134,168,5,701.25,0,3506.25,delivered,2024-08-07
3867,1799,106,13,596.1,0,7749.3,returned,2025-02-22
3868,1519,164,4,527.51,0,2110.04,delivered,2023-05-11
3869,119,82,19,286.13,0,5436.47,returned,2025-03-26
3870,1681,195,8,515.75,0,4126,pending,2023-03-13
3871,1980,109,1,21.24,0,21.24,returned,2025-09-20
3872,708,124,13,809.49,0,10523.37,shipped,2024-10-05
3873,79,27,17,141.19,0.94,2400.23,delivered,2022-10-01
3874,1531,130,8,420.65,16.33,3365.2,delivered,2022-12-01
3875,48,142,17,446.08,3.31,7583.36,pending,2025-11-10
3876,773,168,16,701.25,0,11220,pending,2024-11-03
3877,1662,54,19,976.53,13.78,18554.07,shipped,2023-02-20
3878,1927,145,19,593.41,17.75,11274.79,returned,2022-02-14
3879,943,89,18,968.98,20.69,17441.64,shipped,2024-01-04
3880,717,141,4,621.99,29.57,2487.96,pending,2025-12-14
3881,1223,182,5,718.6,0,3593,delivered,2025-01-05
3882,935,145,18,593.41,16.65,10681.38,returned,2022-12-07
3883,281,120,12,239.25,0,2871,delivered,2025-05-01
3884,245,3,1,536.43,0,536.43,returned,2023-11-01
3885,147,144,19,247.92,0,4710.48,shipped,2025-10-21
3886,75,193,5,271.72,0,1358.6,shipped,2022-11-05
3887,1638,99,6,47.38,0,284.28,returned,2024-04-11
3888,323,113,2,129.9,0,259.8,pending,2025-10-06
3889,137,171,3,845.83,0,2537.49,delivered,2023-05-10
3890,856,79,10,60.77,0,607.7,shipped,2025-04-24
3891,1794,92,5,52.57,0,262.85,delivered,2025-04-28
3892,1568,82,5,286.13,0,1430.65,pending,2025-12-16
3893,1197,82,10,286.13,0,2861.3,shipped,2023-09-12
3894,1737,165,12,583.18,0,6998.16,delivered,2024-12-24
3895,1951,13,9,30.37,0,273.33,shipped,2023-10-10
3896,207,172,19,95.98,0,1823.62,delivered,2022-01-15
3897,49,56,17,561.69,0,9548.73,pending,2022-12-07
3898,756,46,16,253.15,9.24,4050.4,delivered,2024-03-17
3899,35,112,1,393.73,0,393.73,cancelled,2025-07-27
3900,1586,189,10,492.26,0,4922.6,pending,2022-09-10
3901,719,41,2,693.85,0,1387.7,pending,2023-04-28
3902,988,85,18,378.98,0,6821.64,cancelled,2024-07-18
3903,305,11,8,67.82,0,542.56,delivered,2022-12-12
3904,417,150,13,533.49,23.05,6935.37,pending,2025-01-25
3905,86,144,4,247.92,0,991.68,pending,2025-04-05
3906,1804,158,9,150.99,0,1358.91,pending,2023-07-21
3907,382,66,5,397.63,18.56,1988.15,shipped,2025-10-12
3908,617,65,15,202.76,0,3041.4,returned,2023-11-16
3909,425,32,8,244.09,0,1952.72,cancelled,2022-10-01
3910,874,162,1,600.01,14.44,600.01,shipped,2023-01-21
3911,1668,101,2,100.03,0,200.06,shipped,2024-02-23
3912,52,123,19,58.49,0,1111.31,cancelled,2024-05-21
3913,804,178,14,354.22,4.6,4959.08,delivered,2022-04-12
3914,564,25,12,219.32,0,2631.84,returned,2023-08-17
3915,290,142,3,446.08,0,1338.24,delivered,2024-01-08
3916,717,37,1,235.47,0,235.47,returned,2025-06-12
3917,1974,140,18,966.17,0,17391.06,returned,2023-11-26
3918,272,28,18,829.59,9.1,14932.62,shipped,2022-03-17
3919,773,102,7,573.77,24.91,4016.39,returned,2023-03-13
3920,92,60,1,774.36,18.12,774.36,pending,2022-07-20
3921,1821,195,7,515.75,0,3610.25,returned,2024-02-10
3922,547,74,19,221.84,0,4214.96,cancelled,2025-12-08
3923,1407,190,10,524.31,9.51,5243.1,pending,2022-03-16
3924,1517,52,7,370.49,6,2593.43,returned,2023-03-22
3925,1483,42,17,874.09,0,14859.53,delivered,2024-11-24
3926,762,37,2,235.47,0,470.94,delivered,2025-04-19
3927,891,22,5,119.41,0,597.05,delivered,2022-06-25
3928,1220,48,6,184.21,15.05,1105.26,shipped,2024-10-10
3929,1279,175,4,211.16,28.34,844.64,pending,2023-10-07
3930,1765,104,3,386.74,0,1160.22,returned,2022-09-25
3931,1075,132,18,173.13,6.29,3116.34,pending,2024-10-04
3932,577,70,15,100.2,25.76,1503,shipped,2023-05-05
3933,876,83,8,806.73,0,6453.84,delivered,2022-05-01
3934,1287,36,10,406.43,0,4064.3,cancelled,2023-03-13
3935,844,145,9,593.41,0,5340.69,delivered,2023-08-07
3936,1203,157,10,83.71,0,837.1,returned,2025-10-13
3937,1860,45,1,639.61,0.57,639.61,delivered,2024-10-21
3938,772,50,17,724.2,0,12311.4,cancelled,2023-09-01
3939,1004,25,4,219.32,0,877.28,returned,2022-01-16
3940,1737,88,15,646.25,0,9693.75,shipped,2024-01-21
3941,1941,121,6,963.7,29.82,5782.2,cancelled,2022-05-06
3942,1932,51,17,328.87,0.48,5590.79,shipped,2024-12-04
3943,1813,48,10,184.21,0,1842.1,returned,2022-09-05
3944,1850,36,17,406.43,0,6909.31,delivered,2022-02-01
3945,1969,109,9,21.24,0,191.16,shipped,2023-10-22
3946,1575,7,12,669.43,0,8033.16,pending,2025-10-04
3947,67,49,14,875.58,0,12258.12,returned,2025-06-26
3948,1770,37,12,235.47,0,2825.64,shipped,2024-11-12
3949,344,108,18,541.06,0,9739.08,pending,2024-08-21
3950,514,97,19,305.05,0,5795.95,cancelled,2022-03-16
3951,598,194,16,510.14,0,8162.24,cancelled,2023-05-23
3952,1800,194,4,510.14,0,2040.56,cancelled,2022-03-22
3953,378,134,1,53.33,28.82,53.33,pending,2023-02-16
3954,977,77,4,97.67,0,390.68,shipped,2024-09-17
3955,362,39,16,211.25,0,3380,shipped,2024-06-11
3956,337,67,12,692.69,0,8312.28,shipped,2025-12-22
3957,1887,116,3,208.96,0,626.88,delivered,2025-10-03
3958,1491,104,19,386.74,0,7348.06,shipped,2022-08-17
3959,1855,12,17,654.54,0,11127.18,cancelled,2024-12-09
3960,728,179,7,450.55,0.48,3153.85,returned,2025-02-25
3961,1412,73,4,238.38,0,953.52,delivered,2023-07-21
3962,1604,121,18,963.7,0,17346.6,returned,2023-09-15
3963,216,161,19,81.95,0,1557.05,delivered,2024-11-03
3964,1458,157,13,83.71,0,1088.23,delivered,2024-03-20
3965,1616,114,1,139.28,0.41,139.28,returned,2025-01-19
3966,770,15,13,825.2,0,10727.6,shipped,2025-01-09
3967,442,117,16,660.46,10.83,10567.36,delivered,2025-07-28
3968,1277,14,6,550.62,27.44,3303.72,pending,2022-10-15
3969,40,178,12,354.22,0,4250.64,shipped,2025-04-09
3970,803,54,2,976.53,0,1953.06,cancelled,2024-08-24
3971,591,127,4,623.12,0,2492.48,cancelled,2024-09-13
3972,45,79,5,60.77,0,303.85,shipped,2022-05-07
3973,1590,150,12,533.49,0,6401.88,returned,2024-02-06
3974,1900,133,18,298.55,7.52,5373.9,pending,2023-04-17
3975,1849,96,17,697.43,17.1,11856.31,returned,2024-09-15
3976,749,31,10,158.16,20.2,1581.6,returned,2023-08-23
3977,41,144,8,247.92,0,1983.36,cancelled,2023-02-18
3978,1241,113,17,129.9,0,2208.3,shipped,2023-10-22
3979,121,88,4,646.25,17.54,2585,cancelled,2022-12-17
3980,936,57,17,141.75,15.27,2409.75,returned,2023-11-04
3981,552,55,13,112.9,28.98,1467.7,pending,2025-01-03
3982,212,174,1,231.71,0,231.71,pending,2022-06-25
3983,50,73,8,238.38,0,1907.04,shipped,2025-10-10
3984,1367,27,10,141.19,0,1411.9,returned,2022-01-01
3985,1467,154,16,890.6,0.18,14249.6,returned,2024-09-20
3986,1740,87,10,600.01,0,6000.1,shipped,2023-05-18
3987,1752,20,12,481.5,0,5778,pending,2022-09-01
3988,307,100,16,779.66,24.55,12474.56,returned,2022-03-27
3989,66,157,16,83.71,26.45,1339.36,pending,2022-03-15
3990,934,190,1,524.31,13.83,524.31,pending,2022-01-20
3991,245,58,10,583.34,0,5833.4,returned,2022-06-22
3992,384,176,9,850.78,0,7657.02,delivered,2024-09-04
3993,141,26,5,362.01,0,1810.05,pending,2023-09-26
3994,1105,68,11,447.71,0,4924.81,delivered,2023-03-28
3995,1304,18,2,83.56,0,167.12,cancelled,2022-05-01
3996,1132,47,10,645.14,0,6451.4,shipped,2022-06-28
3997,1717,101,4,100.03,29.33,400.12,returned,2023-04-16
3998,1938,3,17,536.43,14.46,9119.31,shipped,2025-10-27
3999,94,43,16,64.03,0,1024.48,delivered,2022-11-16
4000,305,189,15,492.26,0,7383.9,cancelled,2025-05-26
4001,529,28,13,829.59,18.85,10784.67,returned,2024-10-16
4002,893,167,14,277.82,0,3889.48,pending,2023-06-25
4003,1555,123,6,58.49,0,350.94,pending,2023-06-24
4004,1587,136,9,28.67,0,258.03,shipped,2025-11-20
4005,1133,12,19,654.54,0,12436.26,shipped,2022-07-25
4006,424,126,1,118.97,0,118.97,shipped,2024-09-10
4007,1378,68,7,447.71,0,3133.97,shipped,2022-07-27
4008,248,141,4,621.99,0,2487.96,cancelled,2024-11-18
4009,1022,30,16,125.04,0,2000.64,pending,2024-02-01
4010,1806,24,10,58.24,0,582.4,cancelled,2024-08-23
4011,1434,64,12,663.35,11.3,7960.2,delivered,2025-09-22
4012,1936,121,14,963.7,0,13491.8,delivered,2022-12-11
4013,1839,80,10,59.51,6.59,595.1,delivered,2025-04-06
4014,471,68,6,447.71,0,2686.26,shipped,2024-08-10
4015,159,162,12,600.01,2.38,7200.12,delivered,2023-04-25
4016,846,174,17,231.71,0,3939.07,delivered,2025-11-14
4017,30,79,4,60.77,0,243.08,cancelled,2023-01-12
4018,1969,110,6,77.9,27.95,467.4,pending,2022-11-28
4019,381,5,18,604.81,0,10886.58,delivered,2025-12-16
4020,1656,123,13,58.49,0,760.37,shipped,2022-05-04
4021,145,69,10,409.64,4.3,4096.4,delivered,2022-01-19
4022,256,182,13,718.6,0,9341.8,delivered,2024-07-17
4023,1335,4,17,943.2,0,16034.4,shipped,2023-03-04
4024,43,67,8,692.69,0,5541.52,cancelled,2025-07-14
4025,1939,176,6,850.78,0,5104.68,shipped,2024-06-19
4026,919,46,8,253.15,0,2025.2,pending,2023-12-01
4027,1926,166,11,616.72,0,6783.92,shipped,2025-03-08
4028,574,89,17,968.98,0,16472.66,pending,2025-11-13
4029,739,24,8,58.24,0,465.92,cancelled,2025-06-22
4030,1878,118,10,380.05,18.43,3800.5,cancelled,2023-04-07
4031,1200,100,9,779.66,0,7016.94,delivered,2025-08-25
4032,1792,196,17,542.59,6.8,9224.03,shipped,2024-04-02
4033,339,138,15,557.12,0,8356.8,returned,2025-05-02
4034,1888,75,18,95.54,0,1719.72,shipped,2023-05-14
4035,1426,59,17,631.88,0,10741.96,cancelled,2023-07-08
4036,2000,172,16,95.98,0,1535.68,pending,2023-12-01
4037,1334,131,11,652.89,0,7181.79,cancelled,2023-01-05
4038,1251,121,3,963.7,18.98,2891.1,delivered,2024-05-03
4039,1736,29,17,717.02,0,12189.34,shipped,2022-04-27
4040,911,196,12,542.59,0,6511.08,pending,2025-08-09
4041,295,120,11,239.25,0,2631.75,pending,2024-02-09
4042,1015,13,17,30.37,0,516.29,cancelled,2023-08-07
4043,449,5,17,604.81,0,10281.77,delivered,2024-01-21
4044,224,110,15,77.9,0,1168.5,pending,2025-11-13
4045,735,20,16,481.5,0,7704,returned,2024-09-03
4046,1718,4,7,943.2,5.75,6602.4,pending,2023-06-20
4047,1704,23,2,713.25,0,1426.5,returned,2023-02-05
4048,1871,85,5,378.98,0,1894.9,cancelled,2023-10-21
4049,1199,61,2,968.17,0,1936.34,shipped,2025-10-25
4050,935,110,16,77.9,0,1246.4,pending,2024-10-24
4051,1221,187,3,626.35,0,1879.05,returned,2025-05-09
4052,7,132,5,173.13,23.05,865.65,delivered,2023-08-06
4053,912,41,14,693.85,0,9713.9,delivered,2022-11-05
4054,1610,13,19,30.37,0,577.03,returned,2022-07-14
4055,1576,81,11,637.31,0,7010.41,cancelled,2023-04-15
4056,1535,90,12,592.32,0,7107.84,delivered,2024-10-21
4057,1378,163,8,241.1,0,1928.8,pending,2025-02-07
4058,1198,40,2,892.78,0,1785.56,returned,2025-04-05
4059,348,50,4,724.2,0,2896.8,cancelled,2025-09-17
4060,709,134,3,53.33,0,159.99,delivered,2025-09-09
4061,1965,101,16,100.03,0,1600.48,cancelled,2025-06-16
4062,1399,199,7,565.45,0,3958.15,pending,2022-11-17
4063,244,198,17,380.95,0,6476.15,returned,2022-03-16
4064,739,190,14,524.31,0,7340.34,delivered,2022-08-13
4065,938,185,2,326.55,0,653.1,returned,2022-06-06
4066,454,194,14,510.14,0,7141.96,delivered,2023-04-25
4067,1436,91,11,916.22,18.04,10078.42,shipped,2023-06-15
4068,300,132,5,173.13,12.76,865.65,returned,2024-08-22
4069,1740,58,3,583.34,12.58,1750.02,returned,2022-04-26
4070,1620,154,12,890.6,0,10687.2,cancelled,2023-09-18
4071,385,69,8,409.64,0,3277.12,pending,2024-10-22
4072,373,191,8,778.27,0,6226.16,cancelled,2024-05-27
4073,1721,26,6,362.01,0,2172.06,pending,2025-06-14
4074,1324,142,17,446.08,0,7583.36,pending,2023-12-24
4075,913,92,4,52.57,16.28,210.28,returned,2023-07-21
4076,1162,100,1,779.66,0,779.66,cancelled,2023-03-17
4077,177,78,4,335.71,0,1342.84,cancelled,2022-04-26
4078,1477,30,19,125.04,0,2375.76,pending,2022-08-11
4079,1366,53,4,655.86,0,2623.44,delivered,2022-09-07
4080,1354,52,8,370.49,0,2963.92,shipped,2022-04-12
4081,999,169,7,786,0,5502,returned,2023-07-03
4082,1478,64,14,663.35,0,9286.9,shipped,2025-04-25
4083,970,20,19,481.5,0,9148.5,returned,2025-04-26
4084,272,61,3,968.17,0,2904.51,delivered,2022-10-12
4085,1375,77,10,97.67,0,976.7,cancelled,2025-08-22
4086,746,128,10,216.83,0,2168.3,delivered,2022-07-06
4087,568,32,9,244.09,0,2196.81,shipped,2022-07-02
4088,335,196,8,542.59,19.54,4340.72,delivered,2025-10-03
4089,794,166,5,616.72,0,3083.6,shipped,2024-07-25
4090,892,136,1,28.67,0,28.67,pending,2024-10-01
4091,290,72,17,633.89,0,10776.13,delivered,2022-07-11
4092,450,133,16,298.55,0,4776.8,pending,2022-10-05
4093,810,98,11,66.06,22.18,726.66,returned,2022-06-07
4094,1801,108,10,541.06,0,5410.6,returned,2023-02-06
4095,20,81,14,637.31,0,8922.34,shipped,2024-06-25
4096,1644,23,8,713.25,17.69,5706,cancelled,2023-04-03
4097,412,50,6,724.2,19.79,4345.2,shipped,2024-05-12
4098,35,172,1,95.98,0,95.98,delivered,2025-04-12
4099,1607,83,7,806.73,0.09,5647.11,returned,2022-07-05
4100,1791,53,14,655.86,0,9182.04,cancelled,2022-07-21
4101,1462,171,7,845.83,0,5920.81,cancelled,2022-03-12
4102,794,12,14,654.54,0,9163.56,pending,2024-09-27
4103,799,9,7,332.46,0,2327.22,delivered,2023-01-05
4104,1296,102,3,573.77,0,1721.31,cancelled,2022-08-22
4105,1359,112,5,393.73,0,1968.65,returned,2023-03-28
4106,1217,70,12,100.2,22.64,1202.4,cancelled,2024-08-24
4107,252,50,19,724.2,0,13759.8,delivered,2023-06-03
4108,1315,47,8,645.14,0,5161.12,shipped,2022-01-28
4109,596,122,8,816.6,0,6532.8,delivered,2024-03-26
4110,1578,101,15,100.03,0,1500.45,returned,2022-10-21
4111,1901,79,13,60.77,0,790.01,shipped,2024-06-27
4112,553,125,17,142.11,0,2415.87,pending,2022-01-07
4113,1766,73,19,238.38,0,4529.22,shipped,2022-01-26
4114,91,62,16,166.62,0,2665.92,delivered,2022-02-08
4115,869,162,18,600.01,0,10800.18,returned,2025-03-10
4116,11,6,2,183.59,0,367.18,delivered,2022-06-07
4117,363,166,18,616.72,0,11100.96,returned,2024-11-19
4118,1269,88,13,646.25,0,8401.25,returned,2022-12-18
4119,1120,173,8,580.62,0,4644.96,pending,2024-09-15
4120,920,67,2,692.69,0,1385.38,shipped,2022-02-09
4121,823,22,16,119.41,0,1910.56,cancelled,2024-08-16
4122,639,74,18,221.84,27.71,3993.12,pending,2025-09-14
4123,1688,151,16,770.69,0,12331.04,shipped,2023-01-11
4124,2,154,12,890.6,10.46,10687.2,delivered,2023-06-28
4125,524,119,12,371.17,0,4454.04,shipped,2024-04-01
4126,1225,78,17,335.71,0,5707.07,returned,2025-05-12
4127,1026,194,15,510.14,0,7652.1,shipped,2024-11-24
4128,469,193,18,271.72,0,4890.96,delivered,2024-06-01
4129,143,111,18,281.59,0,5068.62,cancelled,2025-03-10
4130,393,82,18,286.13,11.31,5150.34,pending,2024-07-27
4131,1165,69,4,409.64,0.21,1638.56,shipped,2023-11-06
4132,579,194,4,510.14,0,2040.56,cancelled,2022-12-09
4133,1485,4,4,943.2,0,3772.8,cancelled,2024-02-09
4134,1259,112,13,393.73,0,5118.49,pending,2025-01-23
4135,221,64,13,663.35,0,8623.55,cancelled,2024-12-04
4136,768,34,13,827.62,23.23,10759.06,cancelled,2025-04-01
4137,1470,134,10,53.33,0,533.3,delivered,2025-10-28
4138,1242,100,12,779.66,0,9355.92,delivered,2024-06-05
4139,550,76,19,948.25,26.91,18016.75,returned,2022-06-02
4140,1375,199,11,565.45,0,6219.95,pending,2024-01-10
4141,6,167,2,277.82,22.61,555.64,pending,2023-03-02
4142,846,93,6,750.35,0,4502.1,returned,2022-05-27
4143,827,36,19,406.43,0,7722.17,cancelled,2023-04-16
4144,788,79,9,60.77,24.82,546.93,shipped,2025-02-15
4145,671,175,9,211.16,0,1900.44,pending,2022-10-06
4146,461,135,10,674.59,0,6745.9,pending,2023-05-15
4147,485,48,18,184.21,0,3315.78,returned,2024-12-09
4148,1359,173,1,580.62,6.39,580.62,cancelled,2024-10-25
4149,1565,141,16,621.99,0,9951.84,returned,2022-07-28
4150,385,147,6,214.28,9.43,1285.68,shipped,2025-07-14
4151,230,65,10,202.76,0,2027.6,delivered,2023-08-02
4152,1046,152,17,911.9,25.61,15502.3,shipped,2024-04-06
4153,1030,31,8,158.16,0,1265.28,cancelled,2023-07-24
4154,1263,114,11,139.28,0,1532.08,pending,2023-08-22
4155,1542,149,6,515.34,0,3092.04,cancelled,2022-10-07
4156,1444,166,18,616.72,23.26,11100.96,returned,2023-12-03
4157,474,132,15,173.13,5.45,2596.95,delivered,2023-03-27
4158,1253,155,3,431.01,0.58,1293.03,cancelled,2025-08-07
4159,839,58,18,583.34,25.56,10500.12,delivered,2024-12-20
4160,932,135,4,674.59,0,2698.36,returned,2023-03-13
4161,187,52,1,370.49,0,370.49,shipped,2024-08-16
4162,155,138,2,557.12,14.04,1114.24,returned,2024-05-25
4163,861,28,2,829.59,18.77,1659.18,shipped,2024-03-23
4164,1389,186,3,627.64,7.43,1882.92,delivered,2023-02-10
4165,281,46,6,253.15,0,1518.9,shipped,2022-11-15
4166,1072,83,13,806.73,0,10487.49,returned,2025-01-20
4167,102,108,8,541.06,0,4328.48,returned,2022-01-19
4168,575,23,1,713.25,0,713.25,returned,2023-10-24
4169,1595,140,3,966.17,0,2898.51,delivered,2024-06-10
4170,1104,9,7,332.46,0,2327.22,delivered,2024-10-07
4171,486,191,6,778.27,14.95,4669.62,shipped,2022-02-04
4172,1236,70,4,100.2,0,400.8,delivered,2022-03-09
4173,1880,2,12,667,29.27,8004,pending,2023-03-03
4174,591,33,16,253.97,0,4063.52,cancelled,2022-03-25
4175,1257,134,13,53.33,0,693.29,delivered,2024-07-01
4176,1152,71,18,903.42,0,16261.56,cancelled,2025-10-14
4177,1140,162,16,600.01,0,9600.16,returned,2023-04-27
4178,1552,48,18,184.21,9.84,3315.78,delivered,2025-05-17
4179,1091,32,1,244.09,0,244.09,shipped,2023-02-14
4180,1962,8,13,581.03,7.84,7553.39,delivered,2022-12-10
4181,1475,143,5,59.58,0,297.9,shipped,2025-09-06
4182,789,3,7,536.43,0,3755.01,pending,2024-07-01
4183,440,193,8,271.72,29.28,2173.76,cancelled,2025-11-05
4184,1549,52,8,370.49,3.2,2963.92,delivered,2022-06-12
4185,1662,200,19,990.22,0.02,18814.18,shipped,2023-07-01
4186,703,137,17,358.4,3.3,6092.8,shipped,2025-03-21
4187,243,58,11,583.34,0,6416.74,pending,2025-07-14
4188,1620,124,3,809.49,0,2428.47,shipped,2025-06-17
4189,1809,29,19,717.02,0,13623.38,delivered,2023-12-06
4190,1920,114,15,139.28,0,2089.2,pending,2023-11-22
4191,187,31,19,158.16,0,3005.04,pending,2024-11-05
4192,1318,117,6,660.46,14.83,3962.76,shipped,2025-11-07
4193,695,114,19,139.28,28.74,2646.32,delivered,2023-07-06
4194,389,43,7,64.03,0,448.21,pending,2023-02-12
4195,1891,10,18,859.56,0,15472.08,returned,2022-07-03
4196,1944,85,8,378.98,2.27,3031.84,delivered,2022-11-07
4197,521,194,17,510.14,0,8672.38,delivered,2023-12-24
4198,468,118,10,380.05,20.03,3800.5,returned,2024-02-25
4199,869,124,4,809.49,14.99,3237.96,returned,2022-08-07
4200,538,129,10,730.46,0,7304.6,delivered,2024-06-14
4201,1974,90,3,592.32,28.73,1776.96,shipped,2024-09-03
4202,436,51,18,328.87,0,5919.66,cancelled,2023-12-09
4203,1744,187,1,626.35,0,626.35,cancelled,2024-10-19
4204,452,41,11,693.85,26.76,7632.35,shipped,2025-12-06
4205,7,82,10,286.13,0,2861.3,shipped,2025-09-13
4206,685,85,11,378.98,3.67,4168.78,shipped,2024-01-24
4207,976,105,11,317.66,0,3494.26,pending,2024-10-24
4208,6,161,1,81.95,0,81.95,returned,2024-10-19
4209,386,162,11,600.01,0,6600.11,returned,2023-11-11
4210,1236,35,6,645.79,0,3874.74,delivered,2023-09-06
4211,151,80,15,59.51,0,892.65,cancelled,2025-10-23
4212,12,25,18,219.32,5.88,3947.76,delivered,2024-06-03
4213,1933,161,8,81.95,0,655.6,pending,2022-12-27
4214,541,148,18,72.74,0,1309.32,cancelled,2022-09-24
4215,638,65,11,202.76,0,2230.36,cancelled,2024-04-22
4216,1613,118,5,380.05,0,1900.25,cancelled,2022-08-24
4217,651,14,11,550.62,0,6056.82,cancelled,2022-05-07
4218,1527,75,3,95.54,8.55,286.62,pending,2023-06-13
4219,796,67,19,692.69,0,13161.11,delivered,2024-08-16
4220,233,138,9,557.12,0,5014.08,shipped,2025-02-19
4221,462,82,10,286.13,0,2861.3,delivered,2024-03-27
4222,1445,175,13,211.16,0,2745.08,pending,2023-02-28
4223,1149,40,8,892.78,0,7142.24,returned,2025-08-23
4224,1739,94,13,8.03,19.85,104.39,delivered,2022-11-06
4225,868,70,7,100.2,0,701.4,delivered,2025-03-20
4226,1310,36,3,406.43,0,1219.29,shipped,2023-01-12
4227,534,64,11,663.35,0,7296.85,pending,2024-05-22
4228,1899,148,16,72.74,0,1163.84,pending,2025-01-16
4229,1700,187,13,626.35,0,8142.55,shipped,2025-08-06
4230,826,76,5,948.25,18.98,4741.25,pending,2024-12-16
4231,1266,5,9,604.81,0,5443.29,delivered,2022-05-20
4232,249,174,13,231.71,0,3012.23,delivered,2024-07-09
4233,591,10,16,859.56,0,13752.96,delivered,2025-09-18
4234,416,85,4,378.98,0,1515.92,returned,2022-08-06
4235,1111,73,11,238.38,0,2622.18,shipped,2023-06-15
4236,247,3,2,536.43,0,1072.86,delivered,2025-12-06
4237,932,121,4,963.7,12.22,3854.8,returned,2023-08-19
4238,1821,188,15,176.18,0,2642.7,pending,2025-01-10
4239,414,68,14,447.71,0,6267.94,shipped,2022-01-18
4240,1387,102,10,573.77,0.69,5737.7,shipped,2023-08-25
4241,1723,50,12,724.2,0,8690.4,pending,2025-11-15
4242,1574,30,15,125.04,23.22,1875.6,pending,2024-08-24
4243,1749,59,14,631.88,3.64,8846.32,delivered,2023-08-14
4244,1714,152,4,911.9,23.91,3647.6,pending,2022-08-09
4245,509,106,13,596.1,0,7749.3,shipped,2022-01-21
4246,46,10,15,859.56,15.83,12893.4,returned,2024-09-07
4247,1919,98,4,66.06,0,264.24,cancelled,2025-03-13
4248,1673,175,18,211.16,0,3800.88,delivered,2023-03-01
4249,620,200,3,990.22,0,2970.66,shipped,2025-07-11
4250,750,114,7,139.28,0,974.96,cancelled,2025-02-03
4251,525,153,9,22.28,0,200.52,pending,2025-05-12
4252,1615,40,6,892.78,5.58,5356.68,shipped,2024-09-25
4253,509,192,12,576.21,0,6914.52,pending,2024-05-06
4254,465,154,8,890.6,0,7124.8,shipped,2023-08-05
4255,342,125,17,142.11,4.06,2415.87,delivered,2022-05-08
4256,815,58,1,583.34,28.02,583.34,returned,2023-02-08
4257,605,134,8,53.33,23.28,426.64,pending,2023-07-11
4258,1752,167,14,277.82,0,3889.48,shipped,2023-07-26
4259,1765,3,6,536.43,3.56,3218.58,shipped,2022-02-19
4260,685,136,2,28.67,0,57.34,returned,2024-11-12
4261,1707,83,4,806.73,21.73,3226.92,returned,2024-03-06
4262,1680,65,1,202.76,26.21,202.76,delivered,2023-09-21
4263,359,168,10,701.25,4.7,7012.5,cancelled,2025-05-22
4264,1259,170,5,944.19,0,4720.95,returned,2023-11-13
4265,252,54,13,976.53,0,12694.89,shipped,2024-09-12
4266,509,168,1,701.25,0,701.25,delivered,2024-04-01
4267,148,97,1,305.05,0,305.05,delivered,2022-11-15
4268,1354,196,10,542.59,0,5425.9,returned,2023-11-18
4269,1832,193,2,271.72,1.74,543.44,pending,2025-09-03
4270,1357,139,4,43.53,4.99,174.12,returned,2022-05-08
4271,817,116,6,208.96,18.91,1253.76,delivered,2022-04-11
4272,1467,60,8,774.36,27.05,6194.88,returned,2022-05-20
4273,104,140,16,966.17,0,15458.72,pending,2022-03-10
4274,1236,2,4,667,0,2668,returned,2023-09-06
4275,680,75,16,95.54,0,1528.64,pending,2025-02-01
4276,1416,49,14,875.58,0,12258.12,cancelled,2023-09-16
4277,176,114,16,139.28,19.16,2228.48,shipped,2022-02-14
4278,690,165,12,583.18,0,6998.16,cancelled,2025-08-27
4279,1393,5,17,604.81,23.58,10281.77,shipped,2024-01-25
4280,1012,52,2,370.49,0,740.98,delivered,2022-01-22
4281,1795,72,16,633.89,0,10142.24,returned,2024-10-25
4282,977,196,2,542.59,0,1085.18,pending,2024-11-17
4283,1446,200,14,990.22,0,13863.08,cancelled,2024-04-19
4284,1787,31,8,158.16,0,1265.28,cancelled,2022-03-19
4285,1215,188,1,176.18,0,176.18,cancelled,2024-02-21
4286,1331,19,14,437.6,15.01,6126.4,pending,2025-08-02
4287,623,147,9,214.28,0,1928.52,shipped,2022-07-23
4288,783,188,14,176.18,0,2466.52,pending,2022-11-17
4289,1960,69,10,409.64,0,4096.4,pending,2025-10-24
4290,945,14,5,550.62,0,2753.1,delivered,2022-09-05
4291,1052,76,4,948.25,19.44,3793,shipped,2023-05-18
4292,435,33,12,253.97,19.14,3047.64,returned,2022-08-21
4293,713,128,16,216.83,0,3469.28,shipped,2025-06-08
4294,120,11,13,67.82,0,881.66,pending,2025-11-27
4295,64,39,17,211.25,0,3591.25,returned,2024-08-01
4296,59,50,8,724.2,0,5793.6,returned,2022-09-24
4297,1434,127,12,623.12,0,7477.44,delivered,2025-04-20
4298,1540,12,8,654.54,0,5236.32,shipped,2023-11-05
4299,1170,102,16,573.77,0,9180.32,pending,2022-04-13
4300,1207,90,16,592.32,16.01,9477.12,returned,2024-02-20
4301,1694,110,4,77.9,0,311.6,delivered,2023-11-10
4302,778,159,19,174.14,0,3308.66,cancelled,2025-10-20
4303,1734,61,5,968.17,0,4840.85,cancelled,2022-07-15
4304,870,43,12,64.03,0,768.36,delivered,2023-12-16
4305,1099,195,14,515.75,0,7220.5,returned,2025-12-13
4306,1253,46,4,253.15,0,1012.6,pending,2022-02-28
4307,649,191,9,778.27,0,7004.43,pending,2024-09-10
4308,967,65,10,202.76,0,2027.6,pending,2024-06-16
4309,1941,184,8,385.1,27.32,3080.8,shipped,2023-09-15
4310,1529,99,15,47.38,25.52,710.7,shipped,2023-05-09
4311,881,116,18,208.96,0,3761.28,cancelled,2024-02-03
4312,278,71,2,903.42,0,1806.84,cancelled,2023-04-14
4313,1726,157,17,83.71,6.9,1423.07,returned,2024-06-16
4314,1148,170,8,944.19,0,7553.52,cancelled,2022-07-05
4315,1327,177,5,350.23,0,1751.15,delivered,2022-03-15
4316,1392,53,6,655.86,0,3935.16,delivered,2023-02-28
4317,876,44,16,690.47,0,11047.52,delivered,2025-06-08
4318,268,174,6,231.71,0,1390.26,returned,2022-08-08
4319,628,56,8,561.69,0,4493.52,shipped,2025-04-12
4320,1956,14,1,550.62,0,550.62,cancelled,2024-08-02
4321,1200,121,10,963.7,7.28,9637,shipped,2023-03-02
4322,932,191,10,778.27,0,7782.7,returned,2024-10-04
4323,494,104,13,386.74,4.24,5027.62,shipped,2024-08-25
4324,309,123,5,58.49,0,292.45,returned,2023-08-03
4325,702,78,17,335.71,0,5707.07,returned,2024-08-08
4326,1162,10,1,859.56,13.3,859.56,shipped,2022-06-15
4327,974,35,17,645.79,0,10978.43,shipped,2025-01-28
4328,227,103,4,661.57,8.38,2646.28,cancelled,2023-02-12
4329,1127,180,2,774.95,0,1549.9,cancelled,2024-08-08
4330,1793,122,14,816.6,0,11432.4,shipped,2023-05-20
4331,345,165,9,583.18,0,5248.62,cancelled,2024-07-19
4332,540,155,9,431.01,0,3879.09,cancelled,2025-04-18
4333,1745,182,9,718.6,0,6467.4,shipped,2025-12-09
4334,588,152,12,911.9,0,10942.8,returned,2023-04-16
4335,1899,90,8,592.32,0,4738.56,delivered,2023-08-11
4336,1005,73,12,238.38,0,2860.56,delivered,2025-02-05
4337,1509,69,10,409.64,0,4096.4,cancelled,2022-07-20
4338,1536,199,1,565.45,0,565.45,pending,2024-04-14
4339,1290,158,18,150.99,0,2717.82,delivered,2024-12-01
4340,1334,130,14,420.65,0,5889.1,delivered,2022-08-06
4341,1144,109,17,21.24,4.12,361.08,shipped,2025-02-25
4342,504,92,2,52.57,0,105.14,delivered,2025-01-16
4343,614,12,13,654.54,0,8509.02,cancelled,2025-12-06
4344,78,25,10,219.32,0,2193.2,pending,2022-01-04
4345,1405,29,8,717.02,0.83,5736.16,cancelled,2022-07-06
4346,763,143,2,59.58,0,119.16,cancelled,2025-11-15
4347,34,16,17,846.4,23.81,14388.8,delivered,2023-12-23
4348,983,6,1,183.59,0,183.59,shipped,2023-02-27
4349,374,33,7,253.97,0,1777.79,delivered,2022-01-17
4350,1299,101,2,100.03,0,200.06,returned,2023-09-04
4351,1789,185,11,326.55,0,3592.05,delivered,2025-10-21
4352,1967,9,2,332.46,0,664.92,returned,2024-01-02
4353,1447,188,5,176.18,0,880.9,pending,2024-03-23
4354,413,175,18,211.16,8.56,3800.88,cancelled,2025-06-14
4355,698,114,7,139.28,0,974.96,shipped,2024-01-14
4356,11,195,5,515.75,0,2578.75,pending,2025-02-28
4357,700,186,5,627.64,0,3138.2,returned,2025-01-05
4358,729,120,8,239.25,12.68,1914,pending,2023-05-14
4359,1119,103,12,661.57,0,7938.84,returned,2025-10-23
4360,1702,159,13,174.14,6.69,2263.82,pending,2025-07-02
4361,1977,177,19,350.23,0,6654.37,pending,2022-07-16
4362,1832,75,12,95.54,0,1146.48,shipped,2024-11-17
4363,1921,188,1,176.18,0,176.18,pending,2022-06-26
4364,1581,135,6,674.59,0,4047.54,pending,2023-03-09
4365,102,148,9,72.74,2.77,654.66,delivered,2024-08-28
4366,1926,139,10,43.53,0,435.3,pending,2023-06-13
4367,1175,142,6,446.08,18.13,2676.48,delivered,2022-01-04
4368,412,29,7,717.02,0.56,5019.14,delivered,2025-08-27
4369,881,77,19,97.67,28.55,1855.73,returned,2023-02-16
4370,1854,46,1,253.15,0,253.15,shipped,2022-02-28
4371,247,12,5,654.54,15.63,3272.7,returned,2025-09-22
4372,937,124,12,809.49,18.72,9713.88,shipped,2024-07-08
4373,245,199,15,565.45,0,8481.75,cancelled,2024-06-02
4374,1440,51,2,328.87,15.12,657.74,delivered,2025-05-24
4375,195,153,16,22.28,0,356.48,delivered,2024-01-03
4376,1632,155,8,431.01,5.96,3448.08,delivered,2024-05-10
4377,1610,135,10,674.59,0,6745.9,delivered,2022-05-06
4378,1628,123,11,58.49,0,643.39,returned,2025-09-12
4379,116,62,3,166.62,0,499.86,shipped,2023-04-19
4380,763,146,2,629.33,0,1258.66,returned,2024-11-07
4381,1506,199,2,565.45,0,1130.9,shipped,2023-11-08
4382,734,59,18,631.88,0,11373.84,returned,2024-06-03
4383,1983,175,14,211.16,20.4,2956.24,returned,2025-10-13
4384,889,49,11,875.58,0,9631.38,cancelled,2022-06-08
4385,1163,94,3,8.03,0,24.09,cancelled,2023-06-08
4386,1309,75,15,95.54,0,1433.1,pending,2023-03-14
4387,434,23,14,713.25,0,9985.5,cancelled,2024-07-12
4388,549,59,7,631.88,0,4423.16,shipped,2022-03-05
4389,1765,137,2,358.4,0,716.8,delivered,2023-10-24
4390,1327,66,11,397.63,0,4373.93,delivered,2022-04-10
4391,523,57,12,141.75,0,1701,shipped,2024-10-04
4392,681,179,10,450.55,27.55,4505.5,returned,2022-04-23
4393,109,193,8,271.72,12.89,2173.76,cancelled,2022-01-28
4394,1596,112,17,393.73,22.18,6693.41,pending,2023-02-06
4395,1459,28,4,829.59,19.38,3318.36,cancelled,2023-06-06
4396,790,77,8,97.67,4.27,781.36,delivered,2023-11-24
4397,1400,182,15,718.6,0,10779,pending,2023-10-28
4398,1026,21,19,554.6,0,10537.4,returned,2022-12-21
4399,1449,79,3,60.77,17.03,182.31,cancelled,2022-12-18
4400,1671,10,9,859.56,0,7736.04,returned,2024-06-20
4401,118,195,3,515.75,0,1547.25,pending,2023-03-23
4402,1811,184,16,385.1,12.16,6161.6,cancelled,2023-05-24
4403,1993,114,9,139.28,0,1253.52,pending,2024-11-04
4404,1449,131,13,652.89,0,8487.57,delivered,2023-01-12
4405,63,77,11,97.67,17.04,1074.37,pending,2025-07-07
4406,452,185,3,326.55,0.72,979.65,cancelled,2025-07-11
4407,793,137,1,358.4,24.55,358.4,shipped,2025-06-26
4408,122,175,16,211.16,9.89,3378.56,delivered,2024-09-01
4409,34,9,13,332.46,0,4321.98,cancelled,2024-09-10
4410,663,5,1,604.81,18.36,604.81,returned,2022-01-23
4411,1893,173,1,580.62,0,580.62,cancelled,2023-11-26
4412,1282,108,6,541.06,13.67,3246.36,delivered,2024-09-20
4413,332,157,14,83.71,12.24,1171.94,shipped,2024-09-25
4414,552,63,8,560.31,0,4482.48,returned,2023-06-01
4415,422,159,1,174.14,24.8,174.14,returned,2025-04-09
4416,306,162,6,600.01,9.06,3600.06,shipped,2024-01-17
4417,646,195,10,515.75,0,5157.5,delivered,2025-10-17
4418,1105,192,18,576.21,0,10371.78,returned,2024-05-17
4419,1411,135,1,674.59,27.01,674.59,pending,2022-06-13
4420,806,58,8,583.34,23.64,4666.72,delivered,2022-11-17
4421,797,88,3,646.25,20.24,1938.75,shipped,2022-06-17
4422,885,160,14,574.94,13.13,8049.16,cancelled,2025-02-14
4423,20,112,16,393.73,0,6299.68,cancelled,2023-07-21
4424,1773,102,7,573.77,0,4016.39,returned,2025-07-22
4425,1118,127,9,623.12,0,5608.08,shipped,2024-01-24
4426,771,41,19,693.85,0,13183.15,pending,2024-06-15
4427,1194,112,11,393.73,25.55,4331.03,returned,2022-06-02
4428,1813,164,10,527.51,0,5275.1,shipped,2022-06-19
4429,1775,176,14,850.78,0,11910.92,pending,2024-09-01
4430,329,119,1,371.17,0,371.17,cancelled,2025-07-18
4431,1256,20,1,481.5,8.95,481.5,cancelled,2024-06-08
4432,450,9,3,332.46,0,997.38,shipped,2022-11-03
4433,252,38,15,458.13,16.82,6871.95,cancelled,2024-11-11
4434,824,144,16,247.92,0,3966.72,returned,2025-06-08
4435,1753,157,2,83.71,0,167.42,returned,2022-01-17
4436,944,162,7,600.01,0,4200.07,delivered,2025-04-14
4437,1306,41,16,693.85,0,11101.6,cancelled,2022-10-10
4438,661,184,6,385.1,0,2310.6,returned,2025-01-28
4439,1435,29,19,717.02,0,13623.38,delivered,2024-01-24
4440,1496,183,12,656.46,0,7877.52,delivered,2025-01-23
4441,1181,160,16,574.94,0,9199.04,cancelled,2023-11-04
4442,1520,49,13,875.58,0,11382.54,shipped,2024-11-12
4443,478,106,14,596.1,0,8345.4,delivered,2024-08-19
4444,807,151,10,770.69,0,7706.9,shipped,2025-12-01
4445,1215,3,1,536.43,21.88,536.43,pending,2022-04-15
4446,604,168,9,701.25,0,6311.25,returned,2025-03-21
4447,884,162,8,600.01,0,4800.08,delivered,2022-10-19
4448,646,6,1,183.59,0,183.59,returned,2022-10-25
4449,1594,167,17,277.82,2.08,4722.94,cancelled,2024-02-17
4450,788,56,18,561.69,0,10110.42,shipped,2023-12-03
4451,1665,101,16,100.03,28.8,1600.48,cancelled,2025-11-27
4452,50,80,18,59.51,0,1071.18,returned,2022-05-16
4453,778,133,17,298.55,0,5075.35,cancelled,2024-06-28
4454,935,97,1,305.05,0,305.05,cancelled,2023-03-07
4455,500,178,10,354.22,0,3542.2,returned,2025-04-05
4456,327,152,4,911.9,15.31,3647.6,shipped,2024-03-12
4457,676,2,11,667,0,7337,pending,2022-11-01
4458,1074,43,18,64.03,0,1152.54,cancelled,2025-10-03
4459,468,172,2,95.98,0,191.96,delivered,2023-03-21
4460,1374,120,16,239.25,18.76,3828,cancelled,2024-03-20
4461,2000,35,13,645.79,0,8395.27,cancelled,2022-12-23
4462,130,69,1,409.64,14.07,409.64,pending,2025-02-26
4463,134,32,3,244.09,0,732.27,delivered,2025-11-11
4464,1819,197,17,822.64,8.05,13984.88,shipped,2022-08-25
4465,880,108,16,541.06,0,8656.96,pending,2025-01-06
4466,344,142,14,446.08,0,6245.12,delivered,2023-02-26
4467,307,21,8,554.6,27.29,4436.8,delivered,2025-06-17
4468,1567,75,7,95.54,27.38,668.78,shipped,2025-08-04
4469,148,36,11,406.43,9.44,4470.73,delivered,2022-12-21
4470,468,89,8,968.98,0,7751.84,returned,2024-11-13
4471,259,84,1,903.84,0,903.84,pending,2024-08-23
4472,517,140,8,966.17,0,7729.36,returned,2025-06-16
4473,42,199,4,565.45,0,2261.8,delivered,2025-04-26
4474,503,88,11,646.25,0,7108.75,shipped,2024-06-19
4475,891,185,6,326.55,8.31,1959.3,delivered,2022-10-01
4476,1495,91,12,916.22,22.8,10994.64,cancelled,2024-06-14
4477,1093,164,8,527.51,2.29,4220.08,delivered,2022-08-19
4478,1706,164,19,527.51,0,10022.69,delivered,2023-04-08
4479,899,79,9,60.77,0,546.93,pending,2024-01-14
4480,865,69,18,409.64,0,7373.52,delivered,2025-11-14
4481,730,112,18,393.73,0,7087.14,shipped,2023-08-08
4482,114,2,4,667,0,2668,pending,2022-03-08
4483,276,186,5,627.64,0,3138.2,returned,2022-03-19
4484,913,117,6,660.46,0,3962.76,shipped,2025-09-14
4485,653,117,12,660.46,0,7925.52,cancelled,2025-01-26
4486,1564,112,1,393.73,24.49,393.73,pending,2023-11-07
4487,1174,199,8,565.45,0,4523.6,delivered,2023-12-02
4488,1061,34,16,827.62,12.21,13241.92,returned,2022-08-13
4489,608,157,16,83.71,0,1339.36,cancelled,2025-09-14
4490,1768,48,15,184.21,0,2763.15,pending,2022-01-15
4491,552,198,14,380.95,0,5333.3,pending,2024-07-24
4492,1854,64,2,663.35,0,1326.7,returned,2024-05-19
4493,1507,199,15,565.45,0,8481.75,delivered,2024-09-10
4494,1704,148,16,72.74,25.58,1163.84,pending,2024-01-13
4495,66,55,13,112.9,0,1467.7,delivered,2022-06-10
4496,722,146,18,629.33,0,11327.94,pending,2025-06-03
4497,1643,99,12,47.38,0,568.56,returned,2024-08-03
4498,487,162,1,600.01,1.66,600.01,returned,2025-12-18
4499,45,100,2,779.66,0,1559.32,pending,2022-04-09
4500,376,43,15,64.03,9.52,960.45,cancelled,2025-09-07
4501,209,91,17,916.22,0,15575.74,pending,2024-06-26
4502,1878,25,5,219.32,3.47,1096.6,returned,2024-07-23
4503,1161,128,16,216.83,19.24,3469.28,returned,2023-11-23
4504,261,17,15,122.61,0,1839.15,shipped,2022-06-23
4505,1145,199,7,565.45,0,3958.15,returned,2022-03-12
4506,513,42,17,874.09,0,14859.53,returned,2022-05-08
4507,1338,91,19,916.22,0,17408.18,shipped,2025-06-09
4508,277,66,2,397.63,0,795.26,shipped,2023-09-12
4509,58,7,5,669.43,17.78,3347.15,cancelled,2025-10-20
4510,1677,32,3,244.09,1.21,732.27,cancelled,2024-11-15
4511,282,127,16,623.12,27.33,9969.92,pending,2025-07-28
4512,392,145,7,593.41,17.47,4153.87,delivered,2023-05-03
4513,119,181,14,824.33,0,11540.62,delivered,2025-08-01
4514,953,106,14,596.1,0,8345.4,cancelled,2025-03-16
4515,1720,117,3,660.46,0,1981.38,pending,2024-04-15
4516,1671,30,19,125.04,0,2375.76,cancelled,2022-11-12
4517,1912,162,9,600.01,0,5400.09,shipped,2022-10-01
4518,1859,191,13,778.27,8.8,10117.51,shipped,2023-07-04
4519,1886,17,1,122.61,0,122.61,shipped,2025-12-21
4520,738,93,18,750.35,0,13506.3,shipped,2023-07-10
4521,1569,18,14,83.56,7.11,1169.84,delivered,2025-07-14
4522,1020,35,13,645.79,0,8395.27,cancelled,2025-05-06
4523,383,192,9,576.21,20.99,5185.89,pending,2023-03-21
4524,493,15,9,825.2,0,7426.8,pending,2023-06-21
4525,828,41,3,693.85,19.12,2081.55,cancelled,2022-03-18
4526,1512,177,4,350.23,25.28,1400.92,returned,2022-05-08
4527,1600,73,19,238.38,0.78,4529.22,returned,2024-04-17
4528,1299,47,3,645.14,0,1935.42,delivered,2023-09-07
4529,1259,159,3,174.14,0,522.42,delivered,2022-08-01
4530,154,149,6,515.34,26.99,3092.04,pending,2025-06-06
4531,623,67,14,692.69,22.74,9697.66,delivered,2022-05-01
4532,546,123,3,58.49,0,175.47,delivered,2022-05-21
4533,1331,16,4,846.4,0,3385.6,cancelled,2025-10-01
4534,1599,92,2,52.57,0,105.14,cancelled,2023-09-09
4535,1612,119,9,371.17,0,3340.53,returned,2024-05-28
4536,259,184,16,385.1,0,6161.6,cancelled,2023-01-24
4537,1363,3,5,536.43,28.34,2682.15,pending,2022-11-28
4538,213,78,10,335.71,0,3357.1,returned,2025-01-17
4539,790,6,16,183.59,0,2937.44,delivered,2022-07-18
4540,1106,95,15,988.58,4.31,14828.7,shipped,2022-01-06
4541,675,119,10,371.17,0,3711.7,pending,2024-01-24
4542,1164,159,6,174.14,0,1044.84,pending,2023-06-07
4543,1402,66,2,397.63,27.09,795.26,pending,2023-11-12
4544,1752,62,3,166.62,0,499.86,cancelled,2025-03-25
4545,156,77,18,97.67,12.04,1758.06,returned,2025-01-16
4546,246,25,13,219.32,0,2851.16,pending,2022-05-11
4547,164,184,1,385.1,3.2,385.1,shipped,2024-05-13
4548,796,20,8,481.5,3.08,3852,shipped,2024-02-04
4549,1473,124,9,809.49,0,7285.41,delivered,2023-04-09
4550,414,80,19,59.51,26.83,1130.69,shipped,2024-07-11
4551,1471,44,17,690.47,18.83,11737.99,cancelled,2024-10-25
4552,1643,162,9,600.01,0,5400.09,shipped,2024-03-07
4553,1601,43,8,64.03,0,512.24,pending,2023-04-15
4554,323,20,16,481.5,28.15,7704,cancelled,2024-11-03
4555,679,15,11,825.2,0,9077.2,shipped,2024-07-09
4556,444,189,5,492.26,0,2461.3,cancelled,2025-10-09
4557,1043,29,4,717.02,0,2868.08,pending,2025-11-14
4558,1804,155,7,431.01,2.3,3017.07,delivered,2023-01-10
4559,4,149,14,515.34,22.88,7214.76,pending,2025-05-25
4560,70,120,2,239.25,14.99,478.5,delivered,2025-10-26
4561,1987,23,17,713.25,0,12125.25,pending,2022-01-10
4562,161,69,17,409.64,8.24,6963.88,pending,2023-08-01
4563,306,64,10,663.35,2.3,6633.5,cancelled,2025-09-26
4564,642,172,19,95.98,8.8,1823.62,cancelled,2024-09-25
4565,1966,65,18,202.76,22.51,3649.68,cancelled,2023-06-17
4566,735,70,18,100.2,0,1803.6,pending,2023-06-09
4567,1777,53,13,655.86,26.42,8526.18,pending,2024-06-27
4568,405,4,12,943.2,0,11318.4,cancelled,2025-04-19
4569,634,200,1,990.22,0,990.22,cancelled,2025-10-26
4570,375,198,16,380.95,8.47,6095.2,cancelled,2024-03-25
4571,1418,10,13,859.56,13.34,11174.28,cancelled,2022-01-10
4572,376,92,1,52.57,20.74,52.57,delivered,2022-10-12
4573,1576,178,14,354.22,0,4959.08,delivered,2025-10-04
4574,843,85,19,378.98,0,7200.62,shipped,2024-11-04
4575,1924,145,9,593.41,0,5340.69,cancelled,2025-10-23
4576,558,87,18,600.01,0,10800.18,cancelled,2023-02-15
4577,302,137,12,358.4,0,4300.8,cancelled,2025-08-10
4578,381,43,12,64.03,15.21,768.36,delivered,2023-09-13
4579,328,44,17,690.47,0,11737.99,cancelled,2024-02-13
4580,1925,55,14,112.9,0,1580.6,returned,2023-06-19
4581,1555,180,1,774.95,0,774.95,delivered,2025-02-24
4582,404,124,13,809.49,0,10523.37,pending,2022-02-22
4583,192,123,17,58.49,0,994.33,returned,2023-04-04
4584,1348,102,2,573.77,0,1147.54,shipped,2023-08-07
4585,1114,100,15,779.66,0,11694.9,cancelled,2025-04-01
4586,876,1,15,932.66,0,13989.9,pending,2022-08-23
4587,62,25,2,219.32,0,438.64,cancelled,2025-05-17
4588,24,31,4,158.16,0,632.64,shipped,2024-11-16
4589,1495,99,17,47.38,0,805.46,shipped,2025-01-24
4590,1877,33,18,253.97,25.04,4571.46,pending,2023-12-19
4591,555,88,10,646.25,11.15,6462.5,pending,2025-01-14
4592,1052,47,1,645.14,26.4,645.14,shipped,2023-06-15
4593,721,70,14,100.2,0,1402.8,cancelled,2023-04-08
4594,1052,23,13,713.25,0,9272.25,cancelled,2023-02-18
4595,1892,96,1,697.43,27.57,697.43,pending,2024-10-25
4596,205,63,9,560.31,0,5042.79,delivered,2025-05-12
4597,1870,91,16,916.22,13.03,14659.52,pending,2023-03-09
4598,733,33,14,253.97,13.29,3555.58,delivered,2022-04-07
4599,520,43,1,64.03,0,64.03,delivered,2024-11-16
4600,904,98,9,66.06,0,594.54,returned,2025-10-17
4601,689,46,19,253.15,7.33,4809.85,returned,2022-12-15
4602,354,33,7,253.97,0,1777.79,delivered,2023-08-01
4603,780,99,8,47.38,0,379.04,pending,2023-03-05
4604,1903,112,14,393.73,20.32,5512.22,cancelled,2023-10-15
4605,1041,160,8,574.94,20.61,4599.52,pending,2023-12-04
4606,840,130,2,420.65,0,841.3,pending,2023-03-15
4607,1196,11,2,67.82,0,135.64,cancelled,2023-01-25
4608,1360,41,12,693.85,0,8326.2,pending,2022-03-03
4609,1158,41,16,693.85,0,11101.6,delivered,2023-01-04
4610,1669,48,3,184.21,0,552.63,shipped,2023-12-17
4611,55,71,6,903.42,0,5420.52,delivered,2023-08-19
4612,204,15,19,825.2,0,15678.8,returned,2025-05-13
4613,317,133,1,298.55,0,298.55,delivered,2025-06-26
4614,1132,165,4,583.18,19.34,2332.72,pending,2023-10-01
4615,164,197,15,822.64,0,12339.6,returned,2022-09-07
4616,1641,179,9,450.55,21.25,4054.95,returned,2022-11-25
4617,1602,194,16,510.14,0,8162.24,returned,2025-07-18
4618,1873,23,1,713.25,0,713.25,returned,2025-08-28
4619,364,106,9,596.1,0,5364.9,returned,2022-07-21
4620,1850,93,9,750.35,0,6753.15,pending,2023-10-03
4621,1941,158,5,150.99,0,754.95,pending,2022-12-08
4622,588,152,17,911.9,0,15502.3,delivered,2022-09-02
4623,889,173,16,580.62,0,9289.92,pending,2025-06-18
4624,1819,59,12,631.88,0,7582.56,returned,2024-03-14
4625,1195,51,9,328.87,0,2959.83,cancelled,2024-09-19
4626,567,81,1,637.31,0,637.31,delivered,2023-06-09
4627,693,152,4,911.9,24.33,3647.6,delivered,2024-06-19
4628,1063,188,9,176.18,0,1585.62,delivered,2023-09-28
4629,1410,46,5,253.15,0,1265.75,pending,2025-02-13
4630,977,105,14,317.66,2.35,4447.24,cancelled,2023-12-13
4631,200,22,18,119.41,14.12,2149.38,shipped,2025-11-18
4632,395,17,3,122.61,0,367.83,returned,2025-04-04
4633,746,60,19,774.36,0,14712.84,delivered,2023-03-24
4634,858,86,18,789.99,0,14219.82,delivered,2022-06-20
4635,1230,133,12,298.55,0,3582.6,pending,2022-02-24
4636,672,73,18,238.38,0,4290.84,shipped,2022-12-08
4637,104,143,9,59.58,0,536.22,shipped,2023-11-13
4638,1584,112,7,393.73,0,2756.11,delivered,2024-02-10
4639,1273,44,10,690.47,0,6904.7,cancelled,2023-02-24
4640,338,92,4,52.57,0,210.28,delivered,2025-09-02
4641,128,106,9,596.1,24.76,5364.9,shipped,2025-01-28
4642,242,41,11,693.85,0,7632.35,delivered,2024-11-15
4643,1065,104,7,386.74,0,2707.18,pending,2023-06-24
4644,936,20,7,481.5,0,3370.5,cancelled,2023-12-11
4645,936,185,3,326.55,0,979.65,delivered,2025-10-09
4646,916,161,10,81.95,0,819.5,shipped,2024-09-13
4647,1675,25,7,219.32,21.8,1535.24,pending,2022-12-23
4648,811,138,16,557.12,0,8913.92,delivered,2023-03-27
4649,934,54,4,976.53,0,3906.12,shipped,2024-08-16
4650,1311,132,6,173.13,0,1038.78,returned,2023-08-02
4651,931,23,11,713.25,0,7845.75,delivered,2022-05-17
4652,109,11,3,67.82,0,203.46,shipped,2022-10-10
4653,1929,8,15,581.03,0,8715.45,shipped,2023-06-17
4654,1521,112,7,393.73,0,2756.11,pending,2024-08-18
4655,1058,107,15,829.1,0,12436.5,delivered,2023-04-04
4656,1021,55,5,112.9,0,564.5,returned,2024-03-01
4657,1886,117,3,660.46,0,1981.38,delivered,2025-05-17
4658,1723,148,19,72.74,0,1382.06,shipped,2023-06-21
4659,1993,187,18,626.35,0,11274.3,shipped,2022-11-07
4660,457,88,8,646.25,0,5170,delivered,2022-06-01
4661,1633,148,10,72.74,0,727.4,returned,2022-05-22
4662,960,90,18,592.32,0,10661.76,cancelled,2022-10-27
4663,1477,37,12,235.47,10.11,2825.64,delivered,2024-04-06
4664,499,132,14,173.13,8.21,2423.82,pending,2025-01-02
4665,1171,162,13,600.01,25.94,7800.13,returned,2024-08-19
4666,504,70,18,100.2,17.51,1803.6,delivered,2024-02-09
4667,1818,193,5,271.72,0,1358.6,cancelled,2025-05-19
4668,1245,131,4,652.89,0,2611.56,pending,2025-03-25
4669,1066,126,6,118.97,20.81,713.82,shipped,2022-09-11
4670,302,193,15,271.72,0,4075.8,delivered,2023-12-01
4671,507,187,2,626.35,6.46,1252.7,pending,2022-09-05
4672,1135,165,18,583.18,6.63,10497.24,cancelled,2025-09-03
4673,1041,17,7,122.61,7.49,858.27,pending,2024-04-20
4674,761,65,3,202.76,19.54,608.28,returned,2022-03-19
4675,366,73,19,238.38,0,4529.22,delivered,2024-08-13
4676,886,197,1,822.64,0,822.64,returned,2022-07-15
4677,1287,86,3,789.99,0,2369.97,pending,2025-02-02
4678,1453,148,7,72.74,0,509.18,returned,2025-04-04
4679,1337,79,9,60.77,0,546.93,delivered,2023-09-06
4680,1170,75,18,95.54,0,1719.72,cancelled,2025-02-21
4681,1073,165,13,583.18,9.34,7581.34,shipped,2025-04-24
4682,893,164,17,527.51,0,8967.67,shipped,2023-08-11
4683,1380,146,8,629.33,0,5034.64,returned,2025-05-22
4684,196,72,2,633.89,0,1267.78,delivered,2023-12-23
4685,1349,108,18,541.06,0,9739.08,returned,2023-08-19
4686,1407,40,19,892.78,0,16962.82,pending,2025-09-25
4687,163,100,11,779.66,0,8576.26,delivered,2025-04-07
4688,1616,186,9,627.64,0,5648.76,cancelled,2025-09-14
4689,447,119,8,371.17,0,2969.36,cancelled,2023-05-10
4690,995,199,11,565.45,0,6219.95,returned,2022-03-03
4691,1046,81,15,637.31,0,9559.65,cancelled,2022-03-17
4692,394,88,8,646.25,0,5170,delivered,2023-02-02
4693,355,198,14,380.95,0,5333.3,cancelled,2023-04-21
4694,1687,188,7,176.18,0,1233.26,delivered,2022-11-02
4695,590,37,2,235.47,0,470.94,returned,2023-12-11
4696,852,15,14,825.2,3.97,11552.8,delivered,2024-08-08
4697,1981,68,13,447.71,0,5820.23,delivered,2025-06-23
4698,1135,122,18,816.6,0,14698.8,delivered,2025-10-18
4699,165,45,19,639.61,0.17,12152.59,returned,2025-03-02
4700,478,122,15,816.6,16.75,12249,pending,2025-09-01
4701,152,11,17,67.82,0,1152.94,pending,2022-11-16
4702,1976,83,10,806.73,0,8067.3,returned,2022-10-24
4703,1127,193,10,271.72,4.54,2717.2,returned,2023-06-15
4704,1472,60,9,774.36,0,6969.24,pending,2024-09-10
4705,1462,87,11,600.01,4.48,6600.11,pending,2024-03-16
4706,587,162,9,600.01,0,5400.09,pending,2024-04-09
4707,124,10,14,859.56,8.75,12033.84,returned,2022-01-17
4708,806,173,7,580.62,0,4064.34,shipped,2025-03-10
4709,298,67,10,692.69,0,6926.9,cancelled,2024-03-06
4710,404,151,9,770.69,0,6936.21,delivered,2024-04-15
4711,603,134,7,53.33,0,373.31,cancelled,2025-05-06
4712,1027,74,9,221.84,0,1996.56,pending,2023-11-18
4713,1894,183,4,656.46,0,2625.84,delivered,2024-02-23
4714,300,192,19,576.21,15.5,10947.99,pending,2022-06-15
4715,300,104,11,386.74,0,4254.14,shipped,2023-03-24
4716,508,17,18,122.61,13.28,2206.98,returned,2022-05-15
4717,1526,170,10,944.19,24.43,9441.9,shipped,2025-05-24
4718,728,179,16,450.55,0,7208.8,returned,2024-03-26
4719,1357,148,15,72.74,0,1091.1,cancelled,2025-05-01
4720,451,6,8,183.59,0,1468.72,returned,2023-07-21
4721,1347,28,12,829.59,0,9955.08,delivered,2022-02-12
4722,481,163,8,241.1,12.57,1928.8,cancelled,2025-08-18
4723,1591,4,15,943.2,22.15,14148,pending,2023-06-07
4724,55,121,17,963.7,0,16382.9,shipped,2023-11-02
4725,165,50,9,724.2,0,6517.8,pending,2024-09-18
4726,445,75,11,95.54,0,1050.94,shipped,2025-11-18
4727,1581,195,18,515.75,0,9283.5,shipped,2025-09-11
4728,1272,52,3,370.49,0,1111.47,cancelled,2022-05-20
4729,367,85,15,378.98,0,5684.7,delivered,2025-10-05
4730,1195,57,9,141.75,0,1275.75,pending,2024-12-14
4731,513,153,11,22.28,0,245.08,delivered,2025-08-11
4732,742,117,8,660.46,0,5283.68,pending,2024-06-19
4733,784,122,16,816.6,0,13065.6,cancelled,2023-08-27
4734,390,69,7,409.64,0,2867.48,delivered,2022-11-11
4735,597,33,7,253.97,0,1777.79,pending,2022-12-20
4736,463,190,16,524.31,0,8388.96,pending,2023-09-07
4737,251,68,7,447.71,0,3133.97,returned,2022-07-22
4738,289,111,5,281.59,0,1407.95,shipped,2023-04-09
4739,1508,179,3,450.55,0,1351.65,returned,2022-05-13
4740,725,9,2,332.46,0,664.92,delivered,2024-07-14
4741,1705,19,13,437.6,0,5688.8,delivered,2025-08-14
4742,1358,194,8,510.14,0,4081.12,pending,2025-02-13
4743,766,61,5,968.17,0,4840.85,cancelled,2025-12-04
4744,1949,123,4,58.49,0,233.96,returned,2025-04-20
4745,447,55,18,112.9,21.3,2032.2,delivered,2025-09-15
4746,1752,143,10,59.58,0,595.8,cancelled,2025-02-04
4747,1730,171,2,845.83,0,1691.66,delivered,2023-02-27
4748,805,106,1,596.1,10.19,596.1,pending,2022-09-15
4749,1276,196,15,542.59,0,8138.85,cancelled,2024-02-27
4750,1878,83,3,806.73,0,2420.19,returned,2025-12-18
4751,283,175,19,211.16,0,4012.04,pending,2022-09-16
4752,812,153,8,22.28,12.57,178.24,delivered,2025-08-19
4753,323,84,12,903.84,10.89,10846.08,shipped,2025-08-10
4754,1411,192,9,576.21,0,5185.89,shipped,2024-09-05
4755,1535,2,9,667,5.81,6003,cancelled,2025-05-13
4756,27,152,8,911.9,0,7295.2,pending,2023-02-13
4757,794,149,12,515.34,0,6184.08,pending,2024-12-26
4758,1049,142,8,446.08,0,3568.64,delivered,2023-10-24
4759,626,93,3,750.35,0,2251.05,cancelled,2023-10-20
4760,1614,28,13,829.59,0,10784.67,returned,2025-03-04
4761,120,113,4,129.9,0,519.6,pending,2022-02-11
4762,1723,59,8,631.88,0,5055.04,cancelled,2023-10-24
4763,1492,129,19,730.46,0,13878.74,shipped,2023-09-22
4764,303,195,8,515.75,0,4126,delivered,2022-11-14
4765,1654,38,19,458.13,20.12,8704.47,delivered,2023-04-27
4766,1818,81,18,637.31,4.2,11471.58,cancelled,2025-04-28
4767,1694,126,11,118.97,0,1308.67,cancelled,2025-11-22
4768,686,83,4,806.73,8.96,3226.92,delivered,2024-06-09
4769,305,129,6,730.46,0,4382.76,cancelled,2022-03-10
4770,1059,93,19,750.35,0,14256.65,pending,2025-04-13
4771,199,43,6,64.03,1.67,384.18,shipped,2024-12-11
4772,319,41,17,693.85,0,11795.45,shipped,2022-11-18
4773,70,38,8,458.13,0,3665.04,delivered,2022-02-04
4774,591,1,10,932.66,0,9326.6,pending,2025-08-26
4775,72,24,2,58.24,0,116.48,shipped,2023-07-15
4776,1349,68,16,447.71,0,7163.36,cancelled,2025-07-08
4777,890,38,5,458.13,0,2290.65,cancelled,2023-06-28
4778,305,167,5,277.82,0,1389.1,delivered,2022-05-28
4779,1584,117,5,660.46,0,3302.3,shipped,2023-12-19
4780,1862,113,3,129.9,0,389.7,pending,2024-11-23
4781,1434,134,14,53.33,0,746.62,cancelled,2022-08-09
4782,974,141,11,621.99,0,6841.89,shipped,2022-07-11
4783,1383,139,1,43.53,0,43.53,returned,2025-12-02
4784,1247,26,13,362.01,0,4706.13,cancelled,2025-05-21
4785,468,108,5,541.06,0,2705.3,shipped,2022-11-02
4786,1967,82,19,286.13,0,5436.47,delivered,2022-11-07
4787,1905,51,11,328.87,0,3617.57,returned,2022-01-03
4788,1127,142,7,446.08,23.05,3122.56,cancelled,2022-07-13
4789,1273,180,5,774.95,0,3874.75,delivered,2025-04-06
4790,247,52,13,370.49,0,4816.37,cancelled,2023-03-11
4791,422,181,1,824.33,0,824.33,delivered,2024-06-16
4792,1092,112,19,393.73,8.54,7480.87,returned,2022-09-12
4793,556,83,5,806.73,0,4033.65,delivered,2022-03-24
4794,1916,181,1,824.33,0,824.33,shipped,2024-01-18
4795,1254,109,9,21.24,0,191.16,returned,2023-02-21
4796,1172,35,10,645.79,0,6457.9,shipped,2024-02-04
4797,1070,53,2,655.86,0,1311.72,returned,2024-06-20
4798,1065,113,2,129.9,17.23,259.8,cancelled,2024-03-05
4799,575,174,15,231.71,0,3475.65,pending,2025-12-10
4800,1439,199,16,565.45,0,9047.2,shipped,2022-08-05
4801,1813,11,9,67.82,28.06,610.38,shipped,2023-02-16
4802,108,28,10,829.59,3.29,8295.9,delivered,2023-02-07
4803,1470,184,3,385.1,0,1155.3,cancelled,2025-11-14
4804,562,98,18,66.06,0,1189.08,delivered,2023-12-17
4805,1532,35,3,645.79,1.2,1937.37,pending,2025-03-22
4806,1269,131,7,652.89,0,4570.23,cancelled,2022-05-27
4807,1652,121,17,963.7,0,16382.9,returned,2023-04-04
4808,1860,1,8,932.66,0,7461.28,shipped,2022-07-11
4809,1419,20,6,481.5,0,2889,delivered,2025-01-17
4810,82,62,16,166.62,0,2665.92,delivered,2024-07-20
4811,1469,12,6,654.54,0,3927.24,returned,2025-09-02
4812,1937,24,19,58.24,0,1106.56,pending,2024-12-15
4813,1951,145,6,593.41,0,3560.46,cancelled,2022-04-04
4814,947,86,18,789.99,0,14219.82,pending,2022-12-07
4815,1997,139,13,43.53,0,565.89,pending,2024-07-13
4816,228,183,19,656.46,0,12472.74,pending,2022-10-12
4817,275,63,12,560.31,25.48,6723.72,pending,2025-12-04
4818,207,131,17,652.89,0,11099.13,returned,2025-08-06
4819,278,83,16,806.73,13.01,12907.68,delivered,2022-06-26
4820,896,67,19,692.69,6.27,13161.11,shipped,2025-01-09
4821,949,184,1,385.1,0,385.1,returned,2023-08-01
4822,24,43,8,64.03,0,512.24,shipped,2025-03-08
4823,435,87,8,600.01,0,4800.08,delivered,2023-02-04
4824,1696,79,2,60.77,8.11,121.54,shipped,2025-05-19
4825,53,41,2,693.85,20.81,1387.7,pending,2024-10-13
4826,946,194,6,510.14,0,3060.84,returned,2023-03-03
4827,210,139,18,43.53,0,783.54,returned,2022-02-15
4828,507,182,2,718.6,4.15,1437.2,delivered,2023-05-05
4829,1108,72,9,633.89,0,5705.01,shipped,2023-07-21
4830,655,192,1,576.21,19.63,576.21,pending,2022-12-19
4831,1809,5,6,604.81,5.06,3628.86,delivered,2025-10-08
4832,910,73,4,238.38,13.1,953.52,pending,2022-10-26
4833,166,32,14,244.09,0,3417.26,shipped,2025-12-13
4834,542,116,8,208.96,0,1671.68,cancelled,2023-11-15
4835,1833,94,15,8.03,16.21,120.45,pending,2024-10-17
4836,337,66,3,397.63,0,1192.89,pending,2025-07-13
4837,1401,88,11,646.25,0,7108.75,shipped,2022-09-14
4838,1301,160,15,574.94,0,8624.1,delivered,2022-04-23
4839,97,172,15,95.98,0,1439.7,returned,2024-08-18
4840,205,91,15,916.22,0,13743.3,delivered,2025-07-07
4841,798,30,18,125.04,20.1,2250.72,shipped,2025-03-06
4842,579,109,8,21.24,0,169.92,returned,2025-05-05
4843,945,115,2,763.04,21.05,1526.08,shipped,2024-12-22
4844,1568,33,19,253.97,0,4825.43,returned,2023-09-14
4845,415,45,6,639.61,0,3837.66,shipped,2022-02-05
4846,1346,173,17,580.62,0,9870.54,cancelled,2024-06-24
4847,92,8,6,581.03,28.28,3486.18,pending,2024-09-11
4848,690,57,3,141.75,0,425.25,cancelled,2024-02-10
4849,1825,5,13,604.81,0,7862.53,pending,2022-04-01
4850,1396,55,13,112.9,0,1467.7,shipped,2023-12-26
4851,499,183,14,656.46,0,9190.44,shipped,2024-09-19
4852,247,133,7,298.55,6.53,2089.85,cancelled,2022-07-23
4853,424,18,16,83.56,0,1336.96,shipped,2023-07-25
4854,74,19,6,437.6,0,2625.6,returned,2022-05-27
4855,1344,112,12,393.73,0,4724.76,pending,2024-08-19
4856,989,179,3,450.55,18.75,1351.65,pending,2023-05-27
4857,1865,74,16,221.84,9.13,3549.44,pending,2023-04-20
4858,1482,156,15,200.01,18.53,3000.15,pending,2022-10-03
4859,1426,128,19,216.83,4.96,4119.77,pending,2022-05-17
4860,143,70,12,100.2,0,1202.4,delivered,2024-05-23
4861,66,115,19,763.04,2.71,14497.76,returned,2023-10-25
4862,673,20,18,481.5,0,8667,returned,2025-02-14
4863,1760,62,18,166.62,0,2999.16,returned,2024-01-27
4864,401,187,6,626.35,0,3758.1,returned,2025-11-18
4865,17,165,18,583.18,0,10497.24,cancelled,2022-03-18
4866,1881,155,19,431.01,0,8189.19,pending,2022-03-03
4867,127,47,3,645.14,0,1935.42,cancelled,2024-02-24
4868,1871,50,2,724.2,0,1448.4,shipped,2024-12-02
4869,1003,170,5,944.19,0,4720.95,shipped,2022-06-20
4870,588,27,16,141.19,0.8,2259.04,cancelled,2023-01-06
4871,567,176,12,850.78,0,10209.36,pending,2023-01-27
4872,387,146,4,629.33,19.31,2517.32,shipped,2024-12-27
4873,1559,185,1,326.55,4.22,326.55,cancelled,2024-12-07
4874,707,75,10,95.54,0,955.4,returned,2022-08-07
4875,689,70,4,100.2,0,400.8,cancelled,2025-06-12
4876,315,163,14,241.1,0,3375.4,pending,2025-06-01
4877,1047,63,12,560.31,22.32,6723.72,pending,2022-04-17
4878,88,183,10,656.46,0,6564.6,cancelled,2022-01-22
4879,1386,25,4,219.32,0,877.28,returned,2024-05-01
4880,1865,51,7,328.87,0,2302.09,delivered,2024-04-19
4881,354,188,1,176.18,0,176.18,delivered,2022-07-21
4882,785,24,13,58.24,0,757.12,cancelled,2025-06-07
4883,1778,4,3,943.2,0,2829.6,returned,2022-11-03
4884,281,85,19,378.98,0,7200.62,cancelled,2023-04-10
4885,1498,49,13,875.58,0,11382.54,cancelled,2024-06-08
4886,1976,116,18,208.96,28.78,3761.28,pending,2022-07-10
4887,883,155,4,431.01,24.36,1724.04,cancelled,2025-03-04
4888,1815,175,14,211.16,0,2956.24,pending,2023-09-24
4889,1991,80,9,59.51,0,535.59,returned,2025-09-26
4890,1336,157,1,83.71,0.88,83.71,cancelled,2024-06-05
4891,1097,189,13,492.26,0,6399.38,delivered,2023-09-24
4892,254,91,12,916.22,0,10994.64,pending,2025-11-18
4893,1535,56,6,561.69,0,3370.14,delivered,2022-10-20
4894,701,197,12,822.64,0,9871.68,pending,2024-06-18
4895,719,163,12,241.1,0,2893.2,pending,2025-05-23
4896,1188,187,10,626.35,23.87,6263.5,delivered,2022-05-14
4897,1105,183,10,656.46,0,6564.6,delivered,2024-04-04
4898,1913,26,19,362.01,0,6878.19,shipped,2022-09-04
4899,893,150,8,533.49,0,4267.92,shipped,2022-11-14
4900,40,130,19,420.65,6.46,7992.35,delivered,2022-02-27
4901,1370,63,7,560.31,3.08,3922.17,pending,2022-07-23
4902,274,101,7,100.03,0,700.21,returned,2023-11-24
4903,675,192,3,576.21,0,1728.63,shipped,2022-09-25
4904,141,59,4,631.88,0,2527.52,pending,2022-04-12
4905,490,137,7,358.4,4.62,2508.8,cancelled,2023-07-01
4906,30,115,5,763.04,11.18,3815.2,pending,2023-05-08
4907,501,145,11,593.41,0,6527.51,cancelled,2023-10-24
4908,177,40,13,892.78,0,11606.14,delivered,2023-08-16
4909,1009,80,5,59.51,13.7,297.55,delivered,2024-10-28
4910,1561,86,9,789.99,0,7109.91,shipped,2025-04-27
4911,559,84,9,903.84,29.39,8134.56,shipped,2025-01-26
4912,415,6,17,183.59,0,3121.03,shipped,2025-01-25
4913,35,141,2,621.99,22.66,1243.98,shipped,2024-08-24
4914,1302,68,5,447.71,26.2,2238.55,shipped,2022-02-14
4915,1657,38,2,458.13,0,916.26,cancelled,2022-11-19
4916,1885,138,13,557.12,29.06,7242.56,delivered,2024-08-18
4917,760,63,11,560.31,13.28,6163.41,shipped,2022-07-11
4918,959,112,16,393.73,0,6299.68,returned,2025-11-25
4919,807,32,9,244.09,0,2196.81,shipped,2024-11-22
4920,148,124,17,809.49,0,13761.33,shipped,2023-03-23
4921,1127,145,16,593.41,0,9494.56,cancelled,2024-08-17
4922,651,148,10,72.74,0,727.4,cancelled,2025-09-11
4923,1503,33,14,253.97,0,3555.58,returned,2024-08-02
4924,1131,174,4,231.71,21.54,926.84,cancelled,2023-11-21
4925,262,136,1,28.67,0,28.67,shipped,2023-02-17
4926,60,87,11,600.01,10.65,6600.11,delivered,2025-04-21
4927,275,165,17,583.18,0,9914.06,delivered,2023-10-17
4928,369,100,8,779.66,0,6237.28,cancelled,2025-08-02
4929,1093,7,3,669.43,2.83,2008.29,returned,2023-04-05
4930,1701,146,2,629.33,16.17,1258.66,shipped,2025-07-26
4931,411,33,6,253.97,0,1523.82,pending,2023-01-04
4932,1117,65,9,202.76,0,1824.84,delivered,2022-11-19
4933,1364,73,18,238.38,0,4290.84,returned,2023-03-26
4934,902,96,14,697.43,0,9764.02,delivered,2023-01-09
4935,584,59,12,631.88,0,7582.56,returned,2022-08-04
4936,762,63,18,560.31,0,10085.58,shipped,2024-01-03
4937,191,11,8,67.82,0,542.56,shipped,2024-02-11
4938,664,20,5,481.5,0,2407.5,pending,2022-02-14
4939,1806,70,8,100.2,0,801.6,pending,2023-02-18
4940,1236,49,9,875.58,0,7880.22,pending,2025-03-18
4941,1712,51,15,328.87,0,4933.05,pending,2022-12-03
4942,1467,64,5,663.35,0,3316.75,pending,2022-06-06
4943,695,144,13,247.92,24.93,3222.96,cancelled,2025-03-19
4944,933,19,9,437.6,0,3938.4,returned,2022-09-16
4945,665,94,4,8.03,0,32.12,pending,2023-06-02
4946,818,33,17,253.97,0,4317.49,cancelled,2024-01-14
4947,797,170,1,944.19,0,944.19,cancelled,2024-12-21
4948,1354,113,12,129.9,0,1558.8,shipped,2022-01-06
4949,1808,110,14,77.9,10.58,1090.6,pending,2024-01-07
4950,844,181,8,824.33,0,6594.64,pending,2025-03-26
4951,752,49,8,875.58,0,7004.64,cancelled,2025-06-23
4952,1341,106,12,596.1,0,7153.2,pending,2025-08-27
4953,299,128,12,216.83,0,2601.96,delivered,2024-08-14
4954,389,12,18,654.54,29.06,11781.72,cancelled,2022-10-01
4955,207,59,12,631.88,0,7582.56,delivered,2024-08-24
4956,1610,184,4,385.1,25.46,1540.4,returned,2024-03-02
4957,1394,15,13,825.2,0,10727.6,pending,2023-09-10
4958,1865,181,2,824.33,0,1648.66,delivered,2022-10-11
4959,446,102,15,573.77,0,8606.55,cancelled,2024-06-23
4960,1491,48,7,184.21,0,1289.47,pending,2022-06-24
4961,154,55,6,112.9,0,677.4,delivered,2022-07-08
4962,383,13,8,30.37,0,242.96,returned,2022-04-15
4963,86,47,11,645.14,11.82,7096.54,delivered,2024-10-26
4964,899,114,19,139.28,0,2646.32,cancelled,2022-11-07
4965,1446,75,4,95.54,0,382.16,delivered,2023-02-05
4966,407,66,10,397.63,0,3976.3,pending,2022-09-14
4967,350,31,8,158.16,0,1265.28,delivered,2025-01-20
4968,229,63,7,560.31,0,3922.17,delivered,2022-04-23
4969,1189,180,14,774.95,0,10849.3,shipped,2023-07-24
4970,733,153,7,22.28,0,155.96,pending,2022-07-12
4971,1586,27,8,141.19,0,1129.52,cancelled,2022-01-23
4972,1287,160,16,574.94,0,9199.04,pending,2022-12-14
4973,534,129,3,730.46,0,2191.38,returned,2025-08-11
4974,1639,192,8,576.21,0,4609.68,delivered,2022-01-12
4975,959,26,9,362.01,0,3258.09,returned,2025-09-05
4976,270,138,6,557.12,0,3342.72,returned,2023-04-22
4977,1687,30,5,125.04,16.86,625.2,shipped,2022-02-11
4978,1672,47,4,645.14,0,2580.56,returned,2025-10-11
4979,72,8,13,581.03,0,7553.39,shipped,2022-05-08
4980,541,143,7,59.58,2.59,417.06,shipped,2023-05-17
4981,471,98,8,66.06,0,528.48,delivered,2023-10-27
4982,834,132,17,173.13,0,2943.21,returned,2023-10-17
4983,1516,125,17,142.11,15.85,2415.87,pending,2024-08-25
4984,815,156,2,200.01,29.05,400.02,cancelled,2022-08-23
4985,884,28,11,829.59,0,9125.49,delivered,2023-06-24
4986,230,181,18,824.33,0,14837.94,returned,2022-12-18
4987,238,83,12,806.73,0,9680.76,cancelled,2024-03-27
4988,1915,44,16,690.47,22.77,11047.52,returned,2024-05-13
4989,843,55,8,112.9,0,903.2,shipped,2023-04-09
4990,1240,13,13,30.37,0,394.81,pending,2023-10-03
4991,1107,34,4,827.62,0,3310.48,shipped,2022-10-10
4992,591,183,19,656.46,0,12472.74,pending,2024-06-02
4993,1525,188,1,176.18,0,176.18,delivered,2025-09-14
4994,67,93,11,750.35,24.56,8253.85,pending,2024-07-13
4995,1575,56,14,561.69,0,7863.66,cancelled,2025-03-15
4996,156,92,11,52.57,0,578.27,cancelled,2024-02-15
4997,264,8,3,581.03,0,1743.09,cancelled,2023-04-28
4998,1932,6,19,183.59,0,3488.21,shipped,2022-12-18
4999,537,20,16,481.5,23.46,7704,delivered,2023-07-24
5000,413,185,8,326.55,0,2612.4,pending,2025-06-21
5001,1925,184,15,385.1,0,5776.5,shipped,2025-04-24
5002,923,161,12,81.95,7.82,983.4,delivered,2022-03-04
5003,1255,157,9,83.71,10.5,753.39,delivered,2025-03-03
5004,501,79,5,60.77,0,303.85,delivered,2022-06-03
5005,1909,188,7,176.18,0,1233.26,delivered,2025-11-27
5006,1074,27,3,141.19,0,423.57,shipped,2024-07-12
5007,650,98,15,66.06,0,990.9,pending,2023-03-16
5008,449,183,7,656.46,0,4595.22,shipped,2022-09-01
5009,35,19,10,437.6,11.76,4376,delivered,2023-11-12
5010,734,36,15,406.43,0,6096.45,cancelled,2023-04-21
5011,1045,15,14,825.2,0,11552.8,pending,2025-03-17
5012,519,152,11,911.9,0,10030.9,returned,2022-05-14
5013,1224,33,3,253.97,22.85,761.91,cancelled,2024-03-20
5014,340,31,9,158.16,0,1423.44,delivered,2025-03-17
5015,1156,48,9,184.21,0,1657.89,pending,2022-01-02
5016,596,140,18,966.17,17.24,17391.06,delivered,2023-09-27
5017,1397,172,13,95.98,0,1247.74,pending,2023-01-25
5018,1005,178,10,354.22,0,3542.2,shipped,2024-12-23
5019,637,117,4,660.46,0,2641.84,returned,2023-02-12
5020,1230,84,11,903.84,0,9942.24,cancelled,2022-05-08
5021,1519,13,16,30.37,6.17,485.92,returned,2024-08-09
5022,2000,178,12,354.22,0,4250.64,returned,2022-06-16
5023,27,72,15,633.89,8.73,9508.35,shipped,2023-11-17
5024,1769,170,19,944.19,0,17939.61,shipped,2025-08-22
5025,183,179,9,450.55,0,4054.95,shipped,2023-02-17
5026,416,117,18,660.46,0,11888.28,shipped,2022-03-24
5027,1934,41,16,693.85,0,11101.6,cancelled,2022-06-10
5028,352,182,18,718.6,0,12934.8,cancelled,2022-09-18
5029,972,158,13,150.99,0,1962.87,delivered,2025-05-10
5030,1595,83,7,806.73,0,5647.11,returned,2024-07-19
5031,445,90,3,592.32,0,1776.96,delivered,2025-06-05
5032,1548,13,15,30.37,13.05,455.55,returned,2025-10-02
5033,466,88,7,646.25,0,4523.75,returned,2024-05-11
5034,1889,43,1,64.03,19.64,64.03,delivered,2025-05-23
5035,768,139,8,43.53,0,348.24,delivered,2022-11-11
5036,201,65,10,202.76,0,2027.6,returned,2025-09-13
5037,1252,92,18,52.57,0,946.26,delivered,2023-01-18
5038,837,129,9,730.46,16.46,6574.14,pending,2022-06-22
5039,402,53,14,655.86,0,9182.04,delivered,2022-10-13
5040,931,110,6,77.9,0,467.4,shipped,2025-08-23
5041,82,48,15,184.21,0,2763.15,returned,2024-08-07
5042,1913,115,4,763.04,0,3052.16,cancelled,2024-07-13
5043,537,133,7,298.55,0,2089.85,delivered,2023-05-15
5044,908,149,17,515.34,29.56,8760.78,cancelled,2024-05-27
5045,1269,131,1,652.89,16.21,652.89,pending,2023-08-06
5046,1471,24,16,58.24,0,931.84,returned,2023-12-27
5047,1328,76,9,948.25,0,8534.25,returned,2025-08-23
5048,1127,199,11,565.45,0,6219.95,shipped,2024-09-28
5049,293,123,9,58.49,0,526.41,pending,2024-11-28
5050,1047,5,18,604.81,25.64,10886.58,returned,2023-01-01
5051,102,176,4,850.78,0,3403.12,delivered,2025-12-07
5052,1047,65,19,202.76,0,3852.44,pending,2022-09-24
5053,1900,112,12,393.73,0,4724.76,delivered,2025-08-20
5054,81,87,11,600.01,0,6600.11,cancelled,2022-04-17
5055,271,150,4,533.49,0,2133.96,cancelled,2024-03-03
5056,1365,138,5,557.12,0,2785.6,shipped,2024-01-13
5057,1893,157,5,83.71,19.96,418.55,shipped,2023-06-24
5058,981,148,13,72.74,0,945.62,cancelled,2022-10-21
5059,1056,6,8,183.59,0,1468.72,cancelled,2025-04-03
5060,1486,80,11,59.51,23.7,654.61,returned,2024-06-01
5061,1484,22,4,119.41,0,477.64,delivered,2025-07-14
5062,345,194,16,510.14,9.96,8162.24,cancelled,2023-06-05
5063,1354,150,8,533.49,28.79,4267.92,shipped,2025-09-15
5064,1444,67,9,692.69,0,6234.21,shipped,2025-07-19
5065,1182,34,15,827.62,0,12414.3,cancelled,2025-04-13
5066,697,151,6,770.69,8.65,4624.14,cancelled,2025-04-05
5067,344,179,16,450.55,7.44,7208.8,shipped,2022-05-14
5068,104,15,12,825.2,0,9902.4,cancelled,2025-04-28
5069,4,60,13,774.36,14.65,10066.68,cancelled,2022-05-25
5070,1707,69,19,409.64,28.73,7783.16,shipped,2024-09-24
5071,989,42,5,874.09,25.78,4370.45,cancelled,2023-05-18
5072,45,133,6,298.55,0,1791.3,cancelled,2022-10-06
5073,227,75,7,95.54,0,668.78,shipped,2023-10-16
5074,1435,197,6,822.64,17.36,4935.84,returned,2022-08-09
5075,919,58,14,583.34,0,8166.76,returned,2024-10-27
5076,560,10,17,859.56,18.61,14612.52,returned,2023-09-07
5077,1130,183,10,656.46,1.7,6564.6,cancelled,2025-08-12
5078,583,39,17,211.25,29.3,3591.25,shipped,2025-10-12
5079,93,63,4,560.31,0,2241.24,shipped,2022-09-26
5080,1366,160,14,574.94,0,8049.16,cancelled,2025-03-26
5081,656,113,4,129.9,9.39,519.6,returned,2025-10-20
5082,419,178,5,354.22,0,1771.1,shipped,2024-12-17
5083,613,93,10,750.35,0,7503.5,pending,2023-02-02
5084,1999,164,16,527.51,0,8440.16,shipped,2024-08-12
5085,865,81,6,637.31,0,3823.86,pending,2024-11-06
5086,1027,196,14,542.59,27.11,7596.26,pending,2023-11-23
5087,1810,144,1,247.92,0,247.92,delivered,2022-02-02
5088,269,102,1,573.77,23.47,573.77,returned,2023-01-20
5089,1472,16,6,846.4,0,5078.4,pending,2023-03-15
5090,1939,97,8,305.05,0,2440.4,pending,2023-12-17
5091,62,3,19,536.43,17.91,10192.17,delivered,2023-03-14
5092,639,15,15,825.2,0,12378,delivered,2023-02-06
5093,83,152,1,911.9,0,911.9,returned,2024-06-03
5094,1850,154,19,890.6,0,16921.4,shipped,2023-10-08
5095,9,121,4,963.7,6.08,3854.8,pending,2025-09-16
5096,1740,94,18,8.03,0,144.54,shipped,2023-09-01
5097,747,172,5,95.98,0,479.9,cancelled,2025-02-08
5098,1557,114,11,139.28,0,1532.08,delivered,2024-01-16
5099,824,100,18,779.66,29.28,14033.88,cancelled,2025-08-03
5100,215,124,10,809.49,0,8094.9,delivered,2022-03-04
5101,1235,13,17,30.37,17.48,516.29,pending,2024-01-12
5102,1278,13,10,30.37,22.52,303.7,returned,2024-12-17
5103,1624,22,11,119.41,24.61,1313.51,delivered,2025-05-06
5104,889,165,8,583.18,1.32,4665.44,delivered,2024-02-06
5105,1999,6,18,183.59,0,3304.62,delivered,2025-05-05
5106,109,10,10,859.56,0,8595.6,cancelled,2022-09-13
5107,1306,86,7,789.99,0,5529.93,pending,2022-05-22
5108,697,74,17,221.84,0,3771.28,cancelled,2025-09-02
5109,1671,128,9,216.83,0,1951.47,shipped,2023-09-18
5110,1884,68,17,447.71,0,7611.07,delivered,2025-10-06
5111,1888,146,19,629.33,0,11957.27,returned,2024-02-25
5112,1389,96,12,697.43,0,8369.16,delivered,2023-02-24
5113,1110,74,12,221.84,7.88,2662.08,cancelled,2023-12-26
5114,270,85,2,378.98,10.38,757.96,shipped,2025-06-03
5115,698,91,19,916.22,0,17408.18,delivered,2025-07-17
5116,1274,102,4,573.77,0,2295.08,cancelled,2025-05-15
5117,901,114,15,139.28,0,2089.2,cancelled,2023-07-15
5118,749,48,6,184.21,0,1105.26,cancelled,2022-12-08
5119,1486,95,9,988.58,0,8897.22,delivered,2024-12-20
5120,366,76,18,948.25,25.45,17068.5,shipped,2024-01-21
5121,943,4,6,943.2,15.87,5659.2,shipped,2024-06-26
5122,478,183,10,656.46,6.64,6564.6,delivered,2023-09-02
5123,236,114,3,139.28,0,417.84,pending,2022-11-25
5124,1194,200,7,990.22,0,6931.54,cancelled,2024-04-15
5125,1597,65,7,202.76,0,1419.32,cancelled,2022-03-22
5126,257,29,14,717.02,0,10038.28,delivered,2025-04-16
5127,747,69,10,409.64,0,4096.4,returned,2025-08-06
5128,1134,168,5,701.25,0,3506.25,delivered,2024-08-07
5129,1799,106,13,596.1,0,7749.3,returned,2025-02-22
5130,1519,164,4,527.51,0,2110.04,delivered,2023-05-11
5131,119,82,19,286.13,0,5436.47,returned,2025-03-26
5132,1681,195,8,515.75,0,4126,pending,2023-03-13
5133,1980,109,1,21.24,0,21.24,returned,2025-09-20
5134,708,124,13,809.49,0,10523.37,shipped,2024-10-05
5135,79,27,17,141.19,0.94,2400.23,delivered,2022-10-01
5136,1531,130,8,420.65,16.33,3365.2,delivered,2022-12-01
5137,48,142,17,446.08,3.31,7583.36,pending,2025-11-10
5138,773,168,16,701.25,0,11220,pending,2024-11-03
5139,1662,54,19,976.53,13.78,18554.07,shipped,2023-02-20
5140,1927,145,19,593.41,17.75,11274.79,returned,2022-02-14
5141,943,89,18,968.98,20.69,17441.64,shipped,2024-01-04
5142,717,141,4,621.99,29.57,2487.96,pending,2025-12-14
5143,1223,182,5,718.6,0,3593,delivered,2025-01-05
5144,935,145,18,593.41,16.65,10681.38,returned,2022-12-07
5145,281,120,12,239.25,0,2871,delivered,2025-05-01
5146,245,3,1,536.43,0,536.43,returned,2023-11-01
5147,147,144,19,247.92,0,4710.48,shipped,2025-10-21
5148,75,193,5,271.72,0,1358.6,shipped,2022-11-05
5149,1638,99,6,47.38,0,284.28,returned,2024-04-11
5150,323,113,2,129.9,0,259.8,pending,2025-10-06
5151,137,171,3,845.83,0,2537.49,delivered,2023-05-10
5152,856,79,10,60.77,0,607.7,shipped,2025-04-24
5153,1794,92,5,52.57,0,262.85,delivered,2025-04-28
5154,1568,82,5,286.13,0,1430.65,pending,2025-12-16
5155,1197,82,10,286.13,0,2861.3,shipped,2023-09-12
5156,1737,165,12,583.18,0,6998.16,delivered,2024-12-24
5157,1951,13,9,30.37,0,273.33,shipped,2023-10-10
5158,207,172,19,95.98,0,1823.62,delivered,2022-01-15
5159,49,56,17,561.69,0,9548.73,pending,2022-12-07
5160,756,46,16,253.15,9.24,4050.4,delivered,2024-03-17
5161,35,112,1,393.73,0,393.73,cancelled,2025-07-27
5162,1586,189,10,492.26,0,4922.6,pending,2022-09-10
5163,719,41,2,693.85,0,1387.7,pending,2023-04-28
5164,988,85,18,378.98,0,6821.64,cancelled,2024-07-18
5165,305,11,8,67.82,0,542.56,delivered,2022-12-12
5166,417,150,13,533.49,23.05,6935.37,pending,2025-01-25
5167,86,144,4,247.92,0,991.68,pending,2025-04-05
5168,1804,158,9,150.99,0,1358.91,pending,2023-07-21
5169,382,66,5,397.63,18.56,1988.15,shipped,2025-10-12
5170,617,65,15,202.76,0,3041.4,returned,2023-11-16
5171,425,32,8,244.09,0,1952.72,cancelled,2022-10-01
5172,874,162,1,600.01,14.44,600.01,shipped,2023-01-21
5173,1668,101,2,100.03,0,200.06,shipped,2024-02-23
5174,52,123,19,58.49,0,1111.31,cancelled,2024-05-21
5175,804,178,14,354.22,4.6,4959.08,delivered,2022-04-12
5176,564,25,12,219.32,0,2631.84,returned,2023-08-17
5177,290,142,3,446.08,0,1338.24,delivered,2024-01-08
5178,717,37,1,235.47,0,235.47,returned,2025-06-12
5179,1974,140,18,966.17,0,17391.06,returned,2023-11-26
5180,272,28,18,829.59,9.1,14932.62,shipped,2022-03-17
5181,773,102,7,573.77,24.91,4016.39,returned,2023-03-13
5182,92,60,1,774.36,18.12,774.36,pending,2022-07-20
5183,1821,195,7,515.75,0,3610.25,returned,2024-02-10
5184,547,74,19,221.84,0,4214.96,cancelled,2025-12-08
5185,1407,190,10,524.31,9.51,5243.1,pending,2022-03-16
5186,1517,52,7,370.49,6,2593.43,returned,2023-03-22
5187,1483,42,17,874.09,0,14859.53,delivered,2024-11-24
5188,762,37,2,235.47,0,470.94,delivered,2025-04-19
5189,891,22,5,119.41,0,597.05,delivered,2022-06-25
5190,1220,48,6,184.21,15.05,1105.26,shipped,2024-10-10
5191,1279,175,4,211.16,28.34,844.64,pending,2023-10-07
5192,1765,104,3,386.74,0,1160.22,returned,2022-09-25
5193,1075,132,18,173.13,6.29,3116.34,pending,2024-10-04
5194,577,70,15,100.2,25.76,1503,shipped,2023-05-05
5195,876,83,8,806.73,0,6453.84,delivered,2022-05-01
5196,1287,36,10,406.43,0,4064.3,cancelled,2023-03-13
5197,844,145,9,593.41,0,5340.69,delivered,2023-08-07
5198,1203,157,10,83.71,0,837.1,returned,2025-10-13
5199,1860,45,1,639.61,0.57,639.61,delivered,2024-10-21
5200,772,50,17,724.2,0,12311.4,cancelled,2023-09-01
5201,1004,25,4,219.32,0,877.28,returned,2022-01-16
5202,1737,88,15,646.25,0,9693.75,shipped,2024-01-21
5203,1941,121,6,963.7,29.82,5782.2,cancelled,2022-05-06
5204,1932,51,17,328.87,0.48,5590.79,shipped,2024-12-04
5205,1813,48,10,184.21,0,1842.1,returned,2022-09-05
5206,1850,36,17,406.43,0,6909.31,delivered,2022-02-01
5207,1969,109,9,21.24,0,191.16,shipped,2023-10-22
5208,1575,7,12,669.43,0,8033.16,pending,2025-10-04
5209,67,49,14,875.58,0,12258.12,returned,2025-06-26
5210,1770,37,12,235.47,0,2825.64,shipped,2024-11-12
5211,344,108,18,541.06,0,9739.08,pending,2024-08-21
5212,514,97,19,305.05,0,5795.95,cancelled,2022-03-16
5213,598,194,16,510.14,0,8162.24,cancelled,2023-05-23
5214,1800,194,4,510.14,0,2040.56,cancelled,2022-03-22
5215,378,134,1,53.33,28.82,53.33,pending,2023-02-16
5216,977,77,4,97.67,0,390.68,shipped,2024-09-17
5217,362,39,16,211.25,0,3380,shipped,2024-06-11
5218,337,67,12,692.69,0,8312.28,shipped,2025-12-22
5219,1887,116,3,208.96,0,626.88,delivered,2025-10-03
5220,1491,104,19,386.74,0,7348.06,shipped,2022-08-17
5221,1855,12,17,654.54,0,11127.18,cancelled,2024-12-09
5222,728,179,7,450.55,0.48,3153.85,returned,2025-02-25
5223,1412,73,4,238.38,0,953.52,delivered,2023-07-21
5224,1604,121,18,963.7,0,17346.6,returned,2023-09-15
5225,216,161,19,81.95,0,1557.05,delivered,2024-11-03
5226,1458,157,13,83.71,0,1088.23,delivered,2024-03-20
5227,1616,114,1,139.28,0.41,139.28,returned,2025-01-19
5228,770,15,13,825.2,0,10727.6,shipped,2025-01-09
5229,442,117,16,660.46,10.83,10567.36,delivered,2025-07-28
5230,1277,14,6,550.62,27.44,3303.72,pending,2022-10-15
5231,40,178,12,354.22,0,4250.64,shipped,2025-04-09
5232,803,54,2,976.53,0,1953.06,cancelled,2024-08-24
5233,591,127,4,623.12,0,2492.48,cancelled,2024-09-13
5234,45,79,5,60.77,0,303.85,shipped,2022-05-07
5235,1590,150,12,533.49,0,6401.88,returned,2024-02-06
5236,1900,133,18,298.55,7.52,5373.9,pending,2023-04-17
5237,1849,96,17,697.43,17.1,11856.31,returned,2024-09-15
5238,749,31,10,158.16,20.2,1581.6,returned,2023-08-23
5239,41,144,8,247.92,0,1983.36,cancelled,2023-02-18
5240,1241,113,17,129.9,0,2208.3,shipped,2023-10-22
5241,121,88,4,646.25,17.54,2585,cancelled,2022-12-17
5242,936,57,17,141.75,15.27,2409.75,returned,2023-11-04
5243,552,55,13,112.9,28.98,1467.7,pending,2025-01-03
5244,212,174,1,231.71,0,231.71,pending,2022-06-25
5245,50,73,8,238.38,0,1907.04,shipped,2025-10-10
5246,1367,27,10,141.19,0,1411.9,returned,2022-01-01
5247,1467,154,16,890.6,0.18,14249.6,returned,2024-09-20
5248,1740,87,10,600.01,0,6000.1,shipped,2023-05-18
5249,1752,20,12,481.5,0,5778,pending,2022-09-01
5250,307,100,16,779.66,24.55,12474.56,returned,2022-03-27
5251,66,157,16,83.71,26.45,1339.36,pending,2022-03-15
5252,934,190,1,524.31,13.83,524.31,pending,2022-01-20
5253,245,58,10,583.34,0,5833.4,returned,2022-06-22
5254,384,176,9,850.78,0,7657.02,delivered,2024-09-04
5255,141,26,5,362.01,0,1810.05,pending,2023-09-26
5256,1105,68,11,447.71,0,4924.81,delivered,2023-03-28
5257,1304,18,2,83.56,0,167.12,cancelled,2022-05-01
5258,1132,47,10,645.14,0,6451.4,shipped,2022-06-28
5259,1717,101,4,100.03,29.33,400.12,returned,2023-04-16
5260,1938,3,17,536.43,14.46,9119.31,shipped,2025-10-27
5261,94,43,16,64.03,0,1024.48,delivered,2022-11-16
5262,305,189,15,492.26,0,7383.9,cancelled,2025-05-26
5263,529,28,13,829.59,18.85,10784.67,returned,2024-10-16
5264,893,167,14,277.82,0,3889.48,pending,2023-06-25
5265,1555,123,6,58.49,0,350.94,pending,2023-06-24
5266,1587,136,9,28.67,0,258.03,shipped,2025-11-20
5267,1133,12,19,654.54,0,12436.26,shipped,2022-07-25
5268,424,126,1,118.97,0,118.97,shipped,2024-09-10
5269,1378,68,7,447.71,0,3133.97,shipped,2022-07-27
5270,248,141,4,621.99,0,2487.96,cancelled,2024-11-18
5271,1022,30,16,125.04,0,2000.64,pending,2024-02-01
5272,1806,24,10,58.24,0,582.4,cancelled,2024-08-23
5273,1434,64,12,663.35,11.3,7960.2,delivered,2025-09-22
5274,1936,121,14,963.7,0,13491.8,delivered,2022-12-11
5275,1839,80,10,59.51,6.59,595.1,delivered,2025-04-06
5276,471,68,6,447.71,0,2686.26,shipped,2024-08-10
5277,159,162,12,600.01,2.38,7200.12,delivered,2023-04-25
5278,846,174,17,231.71,0,3939.07,delivered,2025-11-14
5279,30,79,4,60.77,0,243.08,cancelled,2023-01-12
5280,1969,110,6,77.9,27.95,467.4,pending,2022-11-28
5281,381,5,18,604.81,0,10886.58,delivered,2025-12-16
5282,1656,123,13,58.49,0,760.37,shipped,2022-05-04
5283,145,69,10,409.64,4.3,4096.4,delivered,2022-01-19
5284,256,182,13,718.6,0,9341.8,delivered,2024-07-17
5285,1335,4,17,943.2,0,16034.4,shipped,2023-03-04
5286,43,67,8,692.69,0,5541.52,cancelled,2025-07-14
5287,1939,176,6,850.78,0,5104.68,shipped,2024-06-19
5288,919,46,8,253.15,0,2025.2,pending,2023-12-01
5289,1926,166,11,616.72,0,6783.92,shipped,2025-03-08
5290,574,89,17,968.98,0,16472.66,pending,2025-11-13
5291,739,24,8,58.24,0,465.92,cancelled,2025-06-22
5292,1878,118,10,380.05,18.43,3800.5,cancelled,2023-04-07
5293,1200,100,9,779.66,0,7016.94,delivered,2025-08-25
5294,1792,196,17,542.59,6.8,9224.03,shipped,2024-04-02
5295,339,138,15,557.12,0,8356.8,returned,2025-05-02
5296,1888,75,18,95.54,0,1719.72,shipped,2023-05-14
5297,1426,59,17,631.88,0,10741.96,cancelled,2023-07-08
5298,2000,172,16,95.98,0,1535.68,pending,2023-12-01
5299,1334,131,11,652.89,0,7181.79,cancelled,2023-01-05
5300,1251,121,3,963.7,18.98,2891.1,delivered,2024-05-03
5301,1736,29,17,717.02,0,12189.34,shipped,2022-04-27
5302,911,196,12,542.59,0,6511.08,pending,2025-08-09
5303,295,120,11,239.25,0,2631.75,pending,2024-02-09
5304,1015,13,17,30.37,0,516.29,cancelled,2023-08-07
5305,449,5,17,604.81,0,10281.77,delivered,2024-01-21
5306,224,110,15,77.9,0,1168.5,pending,2025-11-13
5307,735,20,16,481.5,0,7704,returned,2024-09-03
5308,1718,4,7,943.2,5.75,6602.4,pending,2023-06-20
5309,1704,23,2,713.25,0,1426.5,returned,2023-02-05
5310,1871,85,5,378.98,0,1894.9,cancelled,2023-10-21
5311,1199,61,2,968.17,0,1936.34,shipped,2025-10-25
5312,935,110,16,77.9,0,1246.4,pending,2024-10-24
5313,1221,187,3,626.35,0,1879.05,returned,2025-05-09
5314,7,132,5,173.13,23.05,865.65,delivered,2023-08-06
5315,912,41,14,693.85,0,9713.9,delivered,2022-11-05
5316,1610,13,19,30.37,0,577.03,returned,2022-07-14
5317,1576,81,11,637.31,0,7010.41,cancelled,2023-04-15
5318,1535,90,12,592.32,0,7107.84,delivered,2024-10-21
5319,1378,163,8,241.1,0,1928.8,pending,2025-02-07
5320,1198,40,2,892.78,0,1785.56,returned,2025-04-05
5321,348,50,4,724.2,0,2896.8,cancelled,2025-09-17
5322,709,134,3,53.33,0,159.99,delivered,2025-09-09
5323,1965,101,16,100.03,0,1600.48,cancelled,2025-06-16
5324,1399,199,7,565.45,0,3958.15,pending,2022-11-17
5325,244,198,17,380.95,0,6476.15,returned,2022-03-16
5326,739,190,14,524.31,0,7340.34,delivered,2022-08-13
5327,938,185,2,326.55,0,653.1,returned,2022-06-06
5328,454,194,14,510.14,0,7141.96,delivered,2023-04-25
5329,1436,91,11,916.22,18.04,10078.42,shipped,2023-06-15
5330,300,132,5,173.13,12.76,865.65,returned,2024-08-22
5331,1740,58,3,583.34,12.58,1750.02,returned,2022-04-26
5332,1620,154,12,890.6,0,10687.2,cancelled,2023-09-18
5333,385,69,8,409.64,0,3277.12,pending,2024-10-22
5334,373,191,8,778.27,0,6226.16,cancelled,2024-05-27
5335,1721,26,6,362.01,0,2172.06,pending,2025-06-14
5336,1324,142,17,446.08,0,7583.36,pending,2023-12-24
5337,913,92,4,52.57,16.28,210.28,returned,2023-07-21
5338,1162,100,1,779.66,0,779.66,cancelled,2023-03-17
5339,177,78,4,335.71,0,1342.84,cancelled,2022-04-26
5340,1477,30,19,125.04,0,2375.76,pending,2022-08-11
5341,1366,53,4,655.86,0,2623.44,delivered,2022-09-07
5342,1354,52,8,370.49,0,2963.92,shipped,2022-04-12
5343,999,169,7,786,0,5502,returned,2023-07-03
5344,1478,64,14,663.35,0,9286.9,shipped,2025-04-25
5345,970,20,19,481.5,0,9148.5,returned,2025-04-26
5346,272,61,3,968.17,0,2904.51,delivered,2022-10-12
5347,1375,77,10,97.67,0,976.7,cancelled,2025-08-22
5348,746,128,10,216.83,0,2168.3,delivered,2022-07-06
5349,568,32,9,244.09,0,2196.81,shipped,2022-07-02
5350,335,196,8,542.59,19.54,4340.72,delivered,2025-10-03
5351,794,166,5,616.72,0,3083.6,shipped,2024-07-25
5352,892,136,1,28.67,0,28.67,pending,2024-10-01
5353,290,72,17,633.89,0,10776.13,delivered,2022-07-11
5354,450,133,16,298.55,0,4776.8,pending,2022-10-05
5355,810,98,11,66.06,22.18,726.66,returned,2022-06-07
5356,1801,108,10,541.06,0,5410.6,returned,2023-02-06
5357,20,81,14,637.31,0,8922.34,shipped,2024-06-25
5358,1644,23,8,713.25,17.69,5706,cancelled,2023-04-03
5359,412,50,6,724.2,19.79,4345.2,shipped,2024-05-12
5360,35,172,1,95.98,0,95.98,delivered,2025-04-12
5361,1607,83,7,806.73,0.09,5647.11,returned,2022-07-05
5362,1791,53,14,655.86,0,9182.04,cancelled,2022-07-21
5363,1462,171,7,845.83,0,5920.81,cancelled,2022-03-12
5364,794,12,14,654.54,0,9163.56,pending,2024-09-27
5365,799,9,7,332.46,0,2327.22,delivered,2023-01-05
5366,1296,102,3,573.77,0,1721.31,cancelled,2022-08-22
5367,1359,112,5,393.73,0,1968.65,returned,2023-03-28
5368,1217,70,12,100.2,22.64,1202.4,cancelled,2024-08-24
5369,252,50,19,724.2,0,13759.8,delivered,2023-06-03
5370,1315,47,8,645.14,0,5161.12,shipped,2022-01-28
5371,596,122,8,816.6,0,6532.8,delivered,2024-03-26
5372,1578,101,15,100.03,0,1500.45,returned,2022-10-21
5373,1901,79,13,60.77,0,790.01,shipped,2024-06-27
5374,553,125,17,142.11,0,2415.87,pending,2022-01-07
5375,1766,73,19,238.38,0,4529.22,shipped,2022-01-26
5376,91,62,16,166.62,0,2665.92,delivered,2022-02-08
5377,869,162,18,600.01,0,10800.18,returned,2025-03-10
5378,11,6,2,183.59,0,367.18,delivered,2022-06-07
5379,363,166,18,616.72,0,11100.96,returned,2024-11-19
5380,1269,88,13,646.25,0,8401.25,returned,2022-12-18
5381,1120,173,8,580.62,0,4644.96,pending,2024-09-15
5382,920,67,2,692.69,0,1385.38,shipped,2022-02-09
5383,823,22,16,119.41,0,1910.56,cancelled,2024-08-16
5384,639,74,18,221.84,27.71,3993.12,pending,2025-09-14
5385,1688,151,16,770.69,0,12331.04,shipped,2023-01-11
5386,2,154,12,890.6,10.46,10687.2,delivered,2023-06-28
5387,524,119,12,371.17,0,4454.04,shipped,2024-04-01
5388,1225,78,17,335.71,0,5707.07,returned,2025-05-12
5389,1026,194,15,510.14,0,7652.1,shipped,2024-11-24
5390,469,193,18,271.72,0,4890.96,delivered,2024-06-01
5391,143,111,18,281.59,0,5068.62,cancelled,2025-03-10
5392,393,82,18,286.13,11.31,5150.34,pending,2024-07-27
5393,1165,69,4,409.64,0.21,1638.56,shipped,2023-11-06
5394,579,194,4,510.14,0,2040.56,cancelled,2022-12-09
5395,1485,4,4,943.2,0,3772.8,cancelled,2024-02-09
5396,1259,112,13,393.73,0,5118.49,pending,2025-01-23
5397,221,64,13,663.35,0,8623.55,cancelled,2024-12-04
5398,768,34,13,827.62,23.23,10759.06,cancelled,2025-04-01
5399,1470,134,10,53.33,0,533.3,delivered,2025-10-28
5400,1242,100,12,779.66,0,9355.92,delivered,2024-06-05
5401,550,76,19,948.25,26.91,18016.75,returned,2022-06-02
5402,1375,199,11,565.45,0,6219.95,pending,2024-01-10
5403,6,167,2,277.82,22.61,555.64,pending,2023-03-02
5404,846,93,6,750.35,0,4502.1,returned,2022-05-27
5405,827,36,19,406.43,0,7722.17,cancelled,2023-04-16
5406,788,79,9,60.77,24.82,546.93,shipped,2025-02-15
5407,671,175,9,211.16,0,1900.44,pending,2022-10-06
5408,461,135,10,674.59,0,6745.9,pending,2023-05-15
5409,485,48,18,184.21,0,3315.78,returned,2024-12-09
5410,1359,173,1,580.62,6.39,580.62,cancelled,2024-10-25
5411,1565,141,16,621.99,0,9951.84,returned,2022-07-28
5412,385,147,6,214.28,9.43,1285.68,shipped,2025-07-14
5413,230,65,10,202.76,0,2027.6,delivered,2023-08-02
5414,1046,152,17,911.9,25.61,15502.3,shipped,2024-04-06
5415,1030,31,8,158.16,0,1265.28,cancelled,2023-07-24
5416,1263,114,11,139.28,0,1532.08,pending,2023-08-22
5417,1542,149,6,515.34,0,3092.04,cancelled,2022-10-07
5418,1444,166,18,616.72,23.26,11100.96,returned,2023-12-03
5419,474,132,15,173.13,5.45,2596.95,delivered,2023-03-27
5420,1253,155,3,431.01,0.58,1293.03,cancelled,2025-08-07
5421,839,58,18,583.34,25.56,10500.12,delivered,2024-12-20
5422,932,135,4,674.59,0,2698.36,returned,2023-03-13
5423,187,52,1,370.49,0,370.49,shipped,2024-08-16
5424,155,138,2,557.12,14.04,1114.24,returned,2024-05-25
5425,861,28,2,829.59,18.77,1659.18,shipped,2024-03-23
5426,1389,186,3,627.64,7.43,1882.92,delivered,2023-02-10
5427,281,46,6,253.15,0,1518.9,shipped,2022-11-15
5428,1072,83,13,806.73,0,10487.49,returned,2025-01-20
5429,102,108,8,541.06,0,4328.48,returned,2022-01-19
5430,575,23,1,713.25,0,713.25,returned,2023-10-24
5431,1595,140,3,966.17,0,2898.51,delivered,2024-06-10
5432,1104,9,7,332.46,0,2327.22,delivered,2024-10-07
5433,486,191,6,778.27,14.95,4669.62,shipped,2022-02-04
5434,1236,70,4,100.2,0,400.8,delivered,2022-03-09
5435,1880,2,12,667,29.27,8004,pending,2023-03-03
5436,591,33,16,253.97,0,4063.52,cancelled,2022-03-25
5437,1257,134,13,53.33,0,693.29,delivered,2024-07-01
5438,1152,71,18,903.42,0,16261.56,cancelled,2025-10-14
5439,1140,162,16,600.01,0,9600.16,returned,2023-04-27
5440,1552,48,18,184.21,9.84,3315.78,delivered,2025-05-17
5441,1091,32,1,244.09,0,244.09,shipped,2023-02-14
5442,1962,8,13,581.03,7.84,7553.39,delivered,2022-12-10
5443,1475,143,5,59.58,0,297.9,shipped,2025-09-06
5444,789,3,7,536.43,0,3755.01,pending,2024-07-01
5445,440,193,8,271.72,29.28,2173.76,cancelled,2025-11-05
5446,1549,52,8,370.49,3.2,2963.92,delivered,2022-06-12
5447,1662,200,19,990.22,0.02,18814.18,shipped,2023-07-01
5448,703,137,17,358.4,3.3,6092.8,shipped,2025-03-21
5449,243,58,11,583.34,0,6416.74,pending,2025-07-14
5450,1620,124,3,809.49,0,2428.47,shipped,2025-06-17
5451,1809,29,19,717.02,0,13623.38,delivered,2023-12-06
5452,1920,114,15,139.28,0,2089.2,pending,2023-11-22
5453,187,31,19,158.16,0,3005.04,pending,2024-11-05
5454,1318,117,6,660.46,14.83,3962.76,shipped,2025-11-07
5455,695,114,19,139.28,28.74,2646.32,delivered,2023-07-06
5456,389,43,7,64.03,0,448.21,pending,2023-02-12
5457,1891,10,18,859.56,0,15472.08,returned,2022-07-03
5458,1944,85,8,378.98,2.27,3031.84,delivered,2022-11-07
5459,521,194,17,510.14,0,8672.38,delivered,2023-12-24
5460,468,118,10,380.05,20.03,3800.5,returned,2024-02-25
5461,869,124,4,809.49,14.99,3237.96,returned,2022-08-07
5462,538,129,10,730.46,0,7304.6,delivered,2024-06-14
5463,1974,90,3,592.32,28.73,1776.96,shipped,2024-09-03
5464,436,51,18,328.87,0,5919.66,cancelled,2023-12-09
5465,1744,187,1,626.35,0,626.35,cancelled,2024-10-19
5466,452,41,11,693.85,26.76,7632.35,shipped,2025-12-06
5467,7,82,10,286.13,0,2861.3,shipped,2025-09-13
5468,685,85,11,378.98,3.67,4168.78,shipped,2024-01-24
5469,976,105,11,317.66,0,3494.26,pending,2024-10-24
5470,6,161,1,81.95,0,81.95,returned,2024-10-19
5471,386,162,11,600.01,0,6600.11,returned,2023-11-11
5472,1236,35,6,645.79,0,3874.74,delivered,2023-09-06
5473,151,80,15,59.51,0,892.65,cancelled,2025-10-23
5474,12,25,18,219.32,5.88,3947.76,delivered,2024-06-03
5475,1933,161,8,81.95,0,655.6,pending,2022-12-27
5476,541,148,18,72.74,0,1309.32,cancelled,2022-09-24
5477,638,65,11,202.76,0,2230.36,cancelled,2024-04-22
5478,1613,118,5,380.05,0,1900.25,cancelled,2022-08-24
5479,651,14,11,550.62,0,6056.82,cancelled,2022-05-07
5480,1527,75,3,95.54,8.55,286.62,pending,2023-06-13
5481,796,67,19,692.69,0,13161.11,delivered,2024-08-16
5482,233,138,9,557.12,0,5014.08,shipped,2025-02-19
5483,462,82,10,286.13,0,2861.3,delivered,2024-03-27
5484,1445,175,13,211.16,0,2745.08,pending,2023-02-28
5485,1149,40,8,892.78,0,7142.24,returned,2025-08-23
5486,1739,94,13,8.03,19.85,104.39,delivered,2022-11-06
5487,868,70,7,100.2,0,701.4,delivered,2025-03-20
5488,1310,36,3,406.43,0,1219.29,shipped,2023-01-12
5489,534,64,11,663.35,0,7296.85,pending,2024-05-22
5490,1899,148,16,72.74,0,1163.84,pending,2025-01-16
5491,1700,187,13,626.35,0,8142.55,shipped,2025-08-06
5492,826,76,5,948.25,18.98,4741.25,pending,2024-12-16
5493,1266,5,9,604.81,0,5443.29,delivered,2022-05-20
5494,249,174,13,231.71,0,3012.23,delivered,2024-07-09
5495,591,10,16,859.56,0,13752.96,delivered,2025-09-18
5496,416,85,4,378.98,0,1515.92,returned,2022-08-06
5497,1111,73,11,238.38,0,2622.18,shipped,2023-06-15
5498,247,3,2,536.43,0,1072.86,delivered,2025-12-06
5499,932,121,4,963.7,12.22,3854.8,returned,2023-08-19
5500,1821,188,15,176.18,0,2642.7,pending,2025-01-10
5501,414,68,14,447.71,0,6267.94,shipped,2022-01-18
5502,1387,102,10,573.77,0.69,5737.7,shipped,2023-08-25
5503,1723,50,12,724.2,0,8690.4,pending,2025-11-15
5504,1574,30,15,125.04,23.22,1875.6,pending,2024-08-24
5505,1749,59,14,631.88,3.64,8846.32,delivered,2023-08-14
5506,1714,152,4,911.9,23.91,3647.6,pending,2022-08-09
5507,509,106,13,596.1,0,7749.3,shipped,2022-01-21
5508,46,10,15,859.56,15.83,12893.4,returned,2024-09-07
5509,1919,98,4,66.06,0,264.24,cancelled,2025-03-13
5510,1673,175,18,211.16,0,3800.88,delivered,2023-03-01
5511,620,200,3,990.22,0,2970.66,shipped,2025-07-11
5512,750,114,7,139.28,0,974.96,cancelled,2025-02-03
5513,525,153,9,22.28,0,200.52,pending,2025-05-12
5514,1615,40,6,892.78,5.58,5356.68,shipped,2024-09-25
5515,509,192,12,576.21,0,6914.52,pending,2024-05-06
5516,465,154,8,890.6,0,7124.8,shipped,2023-08-05
5517,342,125,17,142.11,4.06,2415.87,delivered,2022-05-08
5518,815,58,1,583.34,28.02,583.34,returned,2023-02-08
5519,605,134,8,53.33,23.28,426.64,pending,2023-07-11
5520,1752,167,14,277.82,0,3889.48,shipped,2023-07-26
5521,1765,3,6,536.43,3.56,3218.58,shipped,2022-02-19
5522,685,136,2,28.67,0,57.34,returned,2024-11-12
5523,1707,83,4,806.73,21.73,3226.92,returned,2024-03-06
5524,1680,65,1,202.76,26.21,202.76,delivered,2023-09-21
5525,359,168,10,701.25,4.7,7012.5,cancelled,2025-05-22
5526,1259,170,5,944.19,0,4720.95,returned,2023-11-13
5527,252,54,13,976.53,0,12694.89,shipped,2024-09-12
5528,509,168,1,701.25,0,701.25,delivered,2024-04-01
5529,148,97,1,305.05,0,305.05,delivered,2022-11-15
5530,1354,196,10,542.59,0,5425.9,returned,2023-11-18
5531,1832,193,2,271.72,1.74,543.44,pending,2025-09-03
5532,1357,139,4,43.53,4.99,174.12,returned,2022-05-08
5533,817,116,6,208.96,18.91,1253.76,delivered,2022-04-11
5534,1467,60,8,774.36,27.05,6194.88,returned,2022-05-20
5535,104,140,16,966.17,0,15458.72,pending,2022-03-10
5536,1236,2,4,667,0,2668,returned,2023-09-06
5537,680,75,16,95.54,0,1528.64,pending,2025-02-01
5538,1416,49,14,875.58,0,12258.12,cancelled,2023-09-16
5539,176,114,16,139.28,19.16,2228.48,shipped,2022-02-14
5540,690,165,12,583.18,0,6998.16,cancelled,2025-08-27
5541,1393,5,17,604.81,23.58,10281.77,shipped,2024-01-25
5542,1012,52,2,370.49,0,740.98,delivered,2022-01-22
5543,1795,72,16,633.89,0,10142.24,returned,2024-10-25
5544,977,196,2,542.59,0,1085.18,pending,2024-11-17
5545,1446,200,14,990.22,0,13863.08,cancelled,2024-04-19
5546,1787,31,8,158.16,0,1265.28,cancelled,2022-03-19
5547,1215,188,1,176.18,0,176.18,cancelled,2024-02-21
5548,1331,19,14,437.6,15.01,6126.4,pending,2025-08-02
5549,623,147,9,214.28,0,1928.52,shipped,2022-07-23
5550,783,188,14,176.18,0,2466.52,pending,2022-11-17
5551,1960,69,10,409.64,0,4096.4,pending,2025-10-24
5552,945,14,5,550.62,0,2753.1,delivered,2022-09-05
5553,1052,76,4,948.25,19.44,3793,shipped,2023-05-18
5554,435,33,12,253.97,19.14,3047.64,returned,2022-08-21
5555,713,128,16,216.83,0,3469.28,shipped,2025-06-08
5556,120,11,13,67.82,0,881.66,pending,2025-11-27
5557,64,39,17,211.25,0,3591.25,returned,2024-08-01
5558,59,50,8,724.2,0,5793.6,returned,2022-09-24
5559,1434,127,12,623.12,0,7477.44,delivered,2025-04-20
5560,1540,12,8,654.54,0,5236.32,shipped,2023-11-05
5561,1170,102,16,573.77,0,9180.32,pending,2022-04-13
5562,1207,90,16,592.32,16.01,9477.12,returned,2024-02-20
5563,1694,110,4,77.9,0,311.6,delivered,2023-11-10
5564,778,159,19,174.14,0,3308.66,cancelled,2025-10-20
5565,1734,61,5,968.17,0,4840.85,cancelled,2022-07-15
5566,870,43,12,64.03,0,768.36,delivered,2023-12-16
5567,1099,195,14,515.75,0,7220.5,returned,2025-12-13
5568,1253,46,4,253.15,0,1012.6,pending,2022-02-28
5569,649,191,9,778.27,0,7004.43,pending,2024-09-10
5570,967,65,10,202.76,0,2027.6,pending,2024-06-16
5571,1941,184,8,385.1,27.32,3080.8,shipped,2023-09-15
5572,1529,99,15,47.38,25.52,710.7,shipped,2023-05-09
5573,881,116,18,208.96,0,3761.28,cancelled,2024-02-03
5574,278,71,2,903.42,0,1806.84,cancelled,2023-04-14
5575,1726,157,17,83.71,6.9,1423.07,returned,2024-06-16
5576,1148,170,8,944.19,0,7553.52,cancelled,2022-07-05
5577,1327,177,5,350.23,0,1751.15,delivered,2022-03-15
5578,1392,53,6,655.86,0,3935.16,delivered,2023-02-28
5579,876,44,16,690.47,0,11047.52,delivered,2025-06-08
5580,268,174,6,231.71,0,1390.26,returned,2022-08-08
5581,628,56,8,561.69,0,4493.52,shipped,2025-04-12
5582,1956,14,1,550.62,0,550.62,cancelled,2024-08-02
5583,1200,121,10,963.7,7.28,9637,shipped,2023-03-02
5584,932,191,10,778.27,0,7782.7,returned,2024-10-04
5585,494,104,13,386.74,4.24,5027.62,shipped,2024-08-25
5586,309,123,5,58.49,0,292.45,returned,2023-08-03
5587,702,78,17,335.71,0,5707.07,returned,2024-08-08
5588,1162,10,1,859.56,13.3,859.56,shipped,2022-06-15
5589,974,35,17,645.79,0,10978.43,shipped,2025-01-28
5590,227,103,4,661.57,8.38,2646.28,cancelled,2023-02-12
5591,1127,180,2,774.95,0,1549.9,cancelled,2024-08-08
5592,1793,122,14,816.6,0,11432.4,shipped,2023-05-20
5593,345,165,9,583.18,0,5248.62,cancelled,2024-07-19
5594,540,155,9,431.01,0,3879.09,cancelled,2025-04-18
5595,1745,182,9,718.6,0,6467.4,shipped,2025-12-09
5596,588,152,12,911.9,0,10942.8,returned,2023-04-16
5597,1899,90,8,592.32,0,4738.56,delivered,2023-08-11
5598,1005,73,12,238.38,0,2860.56,delivered,2025-02-05
5599,1509,69,10,409.64,0,4096.4,cancelled,2022-07-20
5600,1536,199,1,565.45,0,565.45,pending,2024-04-14
5601,1290,158,18,150.99,0,2717.82,delivered,2024-12-01
5602,1334,130,14,420.65,0,5889.1,delivered,2022-08-06
5603,1144,109,17,21.24,4.12,361.08,shipped,2025-02-25
5604,504,92,2,52.57,0,105.14,delivered,2025-01-16
5605,614,12,13,654.54,0,8509.02,cancelled,2025-12-06
5606,78,25,10,219.32,0,2193.2,pending,2022-01-04
5607,1405,29,8,717.02,0.83,5736.16,cancelled,2022-07-06
5608,763,143,2,59.58,0,119.16,cancelled,2025-11-15
5609,34,16,17,846.4,23.81,14388.8,delivered,2023-12-23
5610,983,6,1,183.59,0,183.59,shipped,2023-02-27
5611,374,33,7,253.97,0,1777.79,delivered,2022-01-17
5612,1299,101,2,100.03,0,200.06,returned,2023-09-04
5613,1789,185,11,326.55,0,3592.05,delivered,2025-10-21
5614,1967,9,2,332.46,0,664.92,returned,2024-01-02
5615,1447,188,5,176.18,0,880.9,pending,2024-03-23
5616,413,175,18,211.16,8.56,3800.88,cancelled,2025-06-14
5617,698,114,7,139.28,0,974.96,shipped,2024-01-14
5618,11,195,5,515.75,0,2578.75,pending,2025-02-28
5619,700,186,5,627.64,0,3138.2,returned,2025-01-05
5620,729,120,8,239.25,12.68,1914,pending,2023-05-14
5621,1119,103,12,661.57,0,7938.84,returned,2025-10-23
5622,1702,159,13,174.14,6.69,2263.82,pending,2025-07-02
5623,1977,177,19,350.23,0,6654.37,pending,2022-07-16
5624,1832,75,12,95.54,0,1146.48,shipped,2024-11-17
5625,1921,188,1,176.18,0,176.18,pending,2022-06-26
5626,1581,135,6,674.59,0,4047.54,pending,2023-03-09
5627,102,148,9,72.74,2.77,654.66,delivered,2024-08-28
5628,1926,139,10,43.53,0,435.3,pending,2023-06-13
5629,1175,142,6,446.08,18.13,2676.48,delivered,2022-01-04
5630,412,29,7,717.02,0.56,5019.14,delivered,2025-08-27
5631,881,77,19,97.67,28.55,1855.73,returned,2023-02-16
5632,1854,46,1,253.15,0,253.15,shipped,2022-02-28
5633,247,12,5,654.54,15.63,3272.7,returned,2025-09-22
5634,937,124,12,809.49,18.72,9713.88,shipped,2024-07-08
5635,245,199,15,565.45,0,8481.75,cancelled,2024-06-02
5636,1440,51,2,328.87,15.12,657.74,delivered,2025-05-24
5637,195,153,16,22.28,0,356.48,delivered,2024-01-03
5638,1632,155,8,431.01,5.96,3448.08,delivered,2024-05-10
5639,1610,135,10,674.59,0,6745.9,delivered,2022-05-06
5640,1628,123,11,58.49,0,643.39,returned,2025-09-12
5641,116,62,3,166.62,0,499.86,shipped,2023-04-19
5642,763,146,2,629.33,0,1258.66,returned,2024-11-07
5643,1506,199,2,565.45,0,1130.9,shipped,2023-11-08
5644,734,59,18,631.88,0,11373.84,returned,2024-06-03
5645,1983,175,14,211.16,20.4,2956.24,returned,2025-10-13
5646,889,49,11,875.58,0,9631.38,cancelled,2022-06-08
5647,1163,94,3,8.03,0,24.09,cancelled,2023-06-08
5648,1309,75,15,95.54,0,1433.1,pending,2023-03-14
5649,434,23,14,713.25,0,9985.5,cancelled,2024-07-12
5650,549,59,7,631.88,0,4423.16,shipped,2022-03-05
5651,1765,137,2,358.4,0,716.8,delivered,2023-10-24
5652,1327,66,11,397.63,0,4373.93,delivered,2022-04-10
5653,523,57,12,141.75,0,1701,shipped,2024-10-04
5654,681,179,10,450.55,27.55,4505.5,returned,2022-04-23
5655,109,193,8,271.72,12.89,2173.76,cancelled,2022-01-28
5656,1596,112,17,393.73,22.18,6693.41,pending,2023-02-06
5657,1459,28,4,829.59,19.38,3318.36,cancelled,2023-06-06
5658,790,77,8,97.67,4.27,781.36,delivered,2023-11-24
5659,1400,182,15,718.6,0,10779,pending,2023-10-28
5660,1026,21,19,554.6,0,10537.4,returned,2022-12-21
5661,1449,79,3,60.77,17.03,182.31,cancelled,2022-12-18
5662,1671,10,9,859.56,0,7736.04,returned,2024-06-20
5663,118,195,3,515.75,0,1547.25,pending,2023-03-23
5664,1811,184,16,385.1,12.16,6161.6,cancelled,2023-05-24
5665,1993,114,9,139.28,0,1253.52,pending,2024-11-04
5666,1449,131,13,652.89,0,8487.57,delivered,2023-01-12
5667,63,77,11,97.67,17.04,1074.37,pending,2025-07-07
5668,452,185,3,326.55,0.72,979.65,cancelled,2025-07-11
5669,793,137,1,358.4,24.55,358.4,shipped,2025-06-26
5670,122,175,16,211.16,9.89,3378.56,delivered,2024-09-01
5671,34,9,13,332.46,0,4321.98,cancelled,2024-09-10
5672,663,5,1,604.81,18.36,604.81,returned,2022-01-23
5673,1893,173,1,580.62,0,580.62,cancelled,2023-11-26
5674,1282,108,6,541.06,13.67,3246.36,delivered,2024-09-20
5675,332,157,14,83.71,12.24,1171.94,shipped,2024-09-25
5676,552,63,8,560.31,0,4482.48,returned,2023-06-01
5677,422,159,1,174.14,24.8,174.14,returned,2025-04-09
5678,306,162,6,600.01,9.06,3600.06,shipped,2024-01-17
5679,646,195,10,515.75,0,5157.5,delivered,2025-10-17
5680,1105,192,18,576.21,0,10371.78,returned,2024-05-17
5681,1411,135,1,674.59,27.01,674.59,pending,2022-06-13
5682,806,58,8,583.34,23.64,4666.72,delivered,2022-11-17
5683,797,88,3,646.25,20.24,1938.75,shipped,2022-06-17
5684,885,160,14,574.94,13.13,8049.16,cancelled,2025-02-14
5685,20,112,16,393.73,0,6299.68,cancelled,2023-07-21
5686,1773,102,7,573.77,0,4016.39,returned,2025-07-22
5687,1118,127,9,623.12,0,5608.08,shipped,2024-01-24
5688,771,41,19,693.85,0,13183.15,pending,2024-06-15
5689,1194,112,11,393.73,25.55,4331.03,returned,2022-06-02
5690,1813,164,10,527.51,0,5275.1,shipped,2022-06-19
5691,1775,176,14,850.78,0,11910.92,pending,2024-09-01
5692,329,119,1,371.17,0,371.17,cancelled,2025-07-18
5693,1256,20,1,481.5,8.95,481.5,cancelled,2024-06-08
5694,450,9,3,332.46,0,997.38,shipped,2022-11-03
5695,252,38,15,458.13,16.82,6871.95,cancelled,2024-11-11
5696,824,144,16,247.92,0,3966.72,returned,2025-06-08
5697,1753,157,2,83.71,0,167.42,returned,2022-01-17
5698,944,162,7,600.01,0,4200.07,delivered,2025-04-14
5699,1306,41,16,693.85,0,11101.6,cancelled,2022-10-10
5700,661,184,6,385.1,0,2310.6,returned,2025-01-28
5701,1435,29,19,717.02,0,13623.38,delivered,2024-01-24
5702,1496,183,12,656.46,0,7877.52,delivered,2025-01-23
5703,1181,160,16,574.94,0,9199.04,cancelled,2023-11-04
5704,1520,49,13,875.58,0,11382.54,shipped,2024-11-12
5705,478,106,14,596.1,0,8345.4,delivered,2024-08-19
5706,807,151,10,770.69,0,7706.9,shipped,2025-12-01
5707,1215,3,1,536.43,21.88,536.43,pending,2022-04-15
5708,604,168,9,701.25,0,6311.25,returned,2025-03-21
5709,884,162,8,600.01,0,4800.08,delivered,2022-10-19
5710,646,6,1,183.59,0,183.59,returned,2022-10-25
5711,1594,167,17,277.82,2.08,4722.94,cancelled,2024-02-17
5712,788,56,18,561.69,0,10110.42,shipped,2023-12-03
5713,1665,101,16,100.03,28.8,1600.48,cancelled,2025-11-27
5714,50,80,18,59.51,0,1071.18,returned,2022-05-16
5715,778,133,17,298.55,0,5075.35,cancelled,2024-06-28
5716,935,97,1,305.05,0,305.05,cancelled,2023-03-07
5717,500,178,10,354.22,0,3542.2,returned,2025-04-05
5718,327,152,4,911.9,15.31,3647.6,shipped,2024-03-12
5719,676,2,11,667,0,7337,pending,2022-11-01
5720,1074,43,18,64.03,0,1152.54,cancelled,2025-10-03
5721,468,172,2,95.98,0,191.96,delivered,2023-03-21
5722,1374,120,16,239.25,18.76,3828,cancelled,2024-03-20
5723,2000,35,13,645.79,0,8395.27,cancelled,2022-12-23
5724,130,69,1,409.64,14.07,409.64,pending,2025-02-26
5725,134,32,3,244.09,0,732.27,delivered,2025-11-11
5726,1819,197,17,822.64,8.05,13984.88,shipped,2022-08-25
5727,880,108,16,541.06,0,8656.96,pending,2025-01-06
5728,344,142,14,446.08,0,6245.12,delivered,2023-02-26
5729,307,21,8,554.6,27.29,4436.8,delivered,2025-06-17
5730,1567,75,7,95.54,27.38,668.78,shipped,2025-08-04
5731,148,36,11,406.43,9.44,4470.73,delivered,2022-12-21
5732,468,89,8,968.98,0,7751.84,returned,2024-11-13
5733,259,84,1,903.84,0,903.84,pending,2024-08-23
5734,517,140,8,966.17,0,7729.36,returned,2025-06-16
5735,42,199,4,565.45,0,2261.8,delivered,2025-04-26
5736,503,88,11,646.25,0,7108.75,shipped,2024-06-19
5737,891,185,6,326.55,8.31,1959.3,delivered,2022-10-01
5738,1495,91,12,916.22,22.8,10994.64,cancelled,2024-06-14
5739,1093,164,8,527.51,2.29,4220.08,delivered,2022-08-19
5740,1706,164,19,527.51,0,10022.69,delivered,2023-04-08
5741,899,79,9,60.77,0,546.93,pending,2024-01-14
5742,865,69,18,409.64,0,7373.52,delivered,2025-11-14
5743,730,112,18,393.73,0,7087.14,shipped,2023-08-08
5744,114,2,4,667,0,2668,pending,2022-03-08
5745,276,186,5,627.64,0,3138.2,returned,2022-03-19
5746,913,117,6,660.46,0,3962.76,shipped,2025-09-14
5747,653,117,12,660.46,0,7925.52,cancelled,2025-01-26
5748,1564,112,1,393.73,24.49,393.73,pending,2023-11-07
5749,1174,199,8,565.45,0,4523.6,delivered,2023-12-02
5750,1061,34,16,827.62,12.21,13241.92,returned,2022-08-13
5751,608,157,16,83.71,0,1339.36,cancelled,2025-09-14
5752,1768,48,15,184.21,0,2763.15,pending,2022-01-15
5753,552,198,14,380.95,0,5333.3,pending,2024-07-24
5754,1854,64,2,663.35,0,1326.7,returned,2024-05-19
5755,1507,199,15,565.45,0,8481.75,delivered,2024-09-10
5756,1704,148,16,72.74,25.58,1163.84,pending,2024-01-13
5757,66,55,13,112.9,0,1467.7,delivered,2022-06-10
5758,722,146,18,629.33,0,11327.94,pending,2025-06-03
5759,1643,99,12,47.38,0,568.56,returned,2024-08-03
5760,487,162,1,600.01,1.66,600.01,returned,2025-12-18
5761,45,100,2,779.66,0,1559.32,pending,2022-04-09
5762,376,43,15,64.03,9.52,960.45,cancelled,2025-09-07
5763,209,91,17,916.22,0,15575.74,pending,2024-06-26
5764,1878,25,5,219.32,3.47,1096.6,returned,2024-07-23
5765,1161,128,16,216.83,19.24,3469.28,returned,2023-11-23
5766,261,17,15,122.61,0,1839.15,shipped,2022-06-23
5767,1145,199,7,565.45,0,3958.15,returned,2022-03-12
5768,513,42,17,874.09,0,14859.53,returned,2022-05-08
5769,1338,91,19,916.22,0,17408.18,shipped,2025-06-09
5770,277,66,2,397.63,0,795.26,shipped,2023-09-12
5771,58,7,5,669.43,17.78,3347.15,cancelled,2025-10-20
5772,1677,32,3,244.09,1.21,732.27,cancelled,2024-11-15
5773,282,127,16,623.12,27.33,9969.92,pending,2025-07-28
5774,392,145,7,593.41,17.47,4153.87,delivered,2023-05-03
5775,119,181,14,824.33,0,11540.62,delivered,2025-08-01
5776,953,106,14,596.1,0,8345.4,cancelled,2025-03-16
5777,1720,117,3,660.46,0,1981.38,pending,2024-04-15
5778,1671,30,19,125.04,0,2375.76,cancelled,2022-11-12
5779,1912,162,9,600.01,0,5400.09,shipped,2022-10-01
5780,1859,191,13,778.27,8.8,10117.51,shipped,2023-07-04
5781,1886,17,1,122.61,0,122.61,shipped,2025-12-21
5782,738,93,18,750.35,0,13506.3,shipped,2023-07-10
5783,1569,18,14,83.56,7.11,1169.84,delivered,2025-07-14
5784,1020,35,13,645.79,0,8395.27,cancelled,2025-05-06
5785,383,192,9,576.21,20.99,5185.89,pending,2023-03-21
5786,493,15,9,825.2,0,7426.8,pending,2023-06-21
5787,828,41,3,693.85,19.12,2081.55,cancelled,2022-03-18
5788,1512,177,4,350.23,25.28,1400.92,returned,2022-05-08
5789,1600,73,19,238.38,0.78,4529.22,returned,2024-04-17
5790,1299,47,3,645.14,0,1935.42,delivered,2023-09-07
5791,1259,159,3,174.14,0,522.42,delivered,2022-08-01
5792,154,149,6,515.34,26.99,3092.04,pending,2025-06-06
5793,623,67,14,692.69,22.74,9697.66,delivered,2022-05-01
5794,546,123,3,58.49,0,175.47,delivered,2022-05-21
5795,1331,16,4,846.4,0,3385.6,cancelled,2025-10-01
5796,1599,92,2,52.57,0,105.14,cancelled,2023-09-09
5797,1612,119,9,371.17,0,3340.53,returned,2024-05-28
5798,259,184,16,385.1,0,6161.6,cancelled,2023-01-24
5799,1363,3,5,536.43,28.34,2682.15,pending,2022-11-28
5800,213,78,10,335.71,0,3357.1,returned,2025-01-17
5801,790,6,16,183.59,0,2937.44,delivered,2022-07-18
5802,1106,95,15,988.58,4.31,14828.7,shipped,2022-01-06
5803,675,119,10,371.17,0,3711.7,pending,2024-01-24
5804,1164,159,6,174.14,0,1044.84,pending,2023-06-07
5805,1402,66,2,397.63,27.09,795.26,pending,2023-11-12
5806,1752,62,3,166.62,0,499.86,cancelled,2025-03-25
5807,156,77,18,97.67,12.04,1758.06,returned,2025-01-16
5808,246,25,13,219.32,0,2851.16,pending,2022-05-11
5809,164,184,1,385.1,3.2,385.1,shipped,2024-05-13
5810,796,20,8,481.5,3.08,3852,shipped,2024-02-04
5811,1473,124,9,809.49,0,7285.41,delivered,2023-04-09
5812,414,80,19,59.51,26.83,1130.69,shipped,2024-07-11
5813,1471,44,17,690.47,18.83,11737.99,cancelled,2024-10-25
5814,1643,162,9,600.01,0,5400.09,shipped,2024-03-07
5815,1601,43,8,64.03,0,512.24,pending,2023-04-15
5816,323,20,16,481.5,28.15,7704,cancelled,2024-11-03
5817,679,15,11,825.2,0,9077.2,shipped,2024-07-09
5818,444,189,5,492.26,0,2461.3,cancelled,2025-10-09
5819,1043,29,4,717.02,0,2868.08,pending,2025-11-14
5820,1804,155,7,431.01,2.3,3017.07,delivered,2023-01-10
5821,4,149,14,515.34,22.88,7214.76,pending,2025-05-25
5822,70,120,2,239.25,14.99,478.5,delivered,2025-10-26
5823,1987,23,17,713.25,0,12125.25,pending,2022-01-10
5824,161,69,17,409.64,8.24,6963.88,pending,2023-08-01
5825,306,64,10,663.35,2.3,6633.5,cancelled,2025-09-26
5826,642,172,19,95.98,8.8,1823.62,cancelled,2024-09-25
5827,1966,65,18,202.76,22.51,3649.68,cancelled,2023-06-17
5828,735,70,18,100.2,0,1803.6,pending,2023-06-09
5829,1777,53,13,655.86,26.42,8526.18,pending,2024-06-27
5830,405,4,12,943.2,0,11318.4,cancelled,2025-04-19
5831,634,200,1,990.22,0,990.22,cancelled,2025-10-26
5832,375,198,16,380.95,8.47,6095.2,cancelled,2024-03-25
5833,1418,10,13,859.56,13.34,11174.28,cancelled,2022-01-10
5834,376,92,1,52.57,20.74,52.57,delivered,2022-10-12
5835,1576,178,14,354.22,0,4959.08,delivered,2025-10-04
5836,843,85,19,378.98,0,7200.62,shipped,2024-11-04
5837,1924,145,9,593.41,0,5340.69,cancelled,2025-10-23
5838,558,87,18,600.01,0,10800.18,cancelled,2023-02-15
5839,302,137,12,358.4,0,4300.8,cancelled,2025-08-10
5840,381,43,12,64.03,15.21,768.36,delivered,2023-09-13
5841,328,44,17,690.47,0,11737.99,cancelled,2024-02-13
5842,1925,55,14,112.9,0,1580.6,returned,2023-06-19
5843,1555,180,1,774.95,0,774.95,delivered,2025-02-24
5844,404,124,13,809.49,0,10523.37,pending,2022-02-22
5845,192,123,17,58.49,0,994.33,returned,2023-04-04
5846,1348,102,2,573.77,0,1147.54,shipped,2023-08-07
5847,1114,100,15,779.66,0,11694.9,cancelled,2025-04-01
5848,876,1,15,932.66,0,13989.9,pending,2022-08-23
5849,62,25,2,219.32,0,438.64,cancelled,2025-05-17
5850,24,31,4,158.16,0,632.64,shipped,2024-11-16
5851,1495,99,17,47.38,0,805.46,shipped,2025-01-24
5852,1877,33,18,253.97,25.04,4571.46,pending,2023-12-19
5853,555,88,10,646.25,11.15,6462.5,pending,2025-01-14
5854,1052,47,1,645.14,26.4,645.14,shipped,2023-06-15
5855,721,70,14,100.2,0,1402.8,cancelled,2023-04-08
5856,1052,23,13,713.25,0,9272.25,cancelled,2023-02-18
5857,1892,96,1,697.43,27.57,697.43,pending,2024-10-25
5858,205,63,9,560.31,0,5042.79,delivered,2025-05-12
5859,1870,91,16,916.22,13.03,14659.52,pending,2023-03-09
5860,733,33,14,253.97,13.29,3555.58,delivered,2022-04-07
5861,520,43,1,64.03,0,64.03,delivered,2024-11-16
5862,904,98,9,66.06,0,594.54,returned,2025-10-17
5863,689,46,19,253.15,7.33,4809.85,returned,2022-12-15
5864,354,33,7,253.97,0,1777.79,delivered,2023-08-01
5865,780,99,8,47.38,0,379.04,pending,2023-03-05
5866,1903,112,14,393.73,20.32,5512.22,cancelled,2023-10-15
5867,1041,160,8,574.94,20.61,4599.52,pending,2023-12-04
5868,840,130,2,420.65,0,841.3,pending,2023-03-15
5869,1196,11,2,67.82,0,135.64,cancelled,2023-01-25
5870,1360,41,12,693.85,0,8326.2,pending,2022-03-03
5871,1158,41,16,693.85,0,11101.6,delivered,2023-01-04
5872,1669,48,3,184.21,0,552.63,shipped,2023-12-17
5873,55,71,6,903.42,0,5420.52,delivered,2023-08-19
5874,204,15,19,825.2,0,15678.8,returned,2025-05-13
5875,317,133,1,298.55,0,298.55,delivered,2025-06-26
5876,1132,165,4,583.18,19.34,2332.72,pending,2023-10-01
5877,164,197,15,822.64,0,12339.6,returned,2022-09-07
5878,1641,179,9,450.55,21.25,4054.95,returned,2022-11-25
5879,1602,194,16,510.14,0,8162.24,returned,2025-07-18
5880,1873,23,1,713.25,0,713.25,returned,2025-08-28
5881,364,106,9,596.1,0,5364.9,returned,2022-07-21
5882,1850,93,9,750.35,0,6753.15,pending,2023-10-03
5883,1941,158,5,150.99,0,754.95,pending,2022-12-08
5884,588,152,17,911.9,0,15502.3,delivered,2022-09-02
5885,889,173,16,580.62,0,9289.92,pending,2025-06-18
5886,1819,59,12,631.88,0,7582.56,returned,2024-03-14
5887,1195,51,9,328.87,0,2959.83,cancelled,2024-09-19
5888,567,81,1,637.31,0,637.31,delivered,2023-06-09
5889,693,152,4,911.9,24.33,3647.6,delivered,2024-06-19
5890,1063,188,9,176.18,0,1585.62,delivered,2023-09-28
5891,1410,46,5,253.15,0,1265.75,pending,2025-02-13
5892,977,105,14,317.66,2.35,4447.24,cancelled,2023-12-13
5893,200,22,18,119.41,14.12,2149.38,shipped,2025-11-18
5894,395,17,3,122.61,0,367.83,returned,2025-04-04
5895,746,60,19,774.36,0,14712.84,delivered,2023-03-24
5896,858,86,18,789.99,0,14219.82,delivered,2022-06-20
5897,1230,133,12,298.55,0,3582.6,pending,2022-02-24
5898,672,73,18,238.38,0,4290.84,shipped,2022-12-08
5899,104,143,9,59.58,0,536.22,shipped,2023-11-13
5900,1584,112,7,393.73,0,2756.11,delivered,2024-02-10
5901,1273,44,10,690.47,0,6904.7,cancelled,2023-02-24
5902,338,92,4,52.57,0,210.28,delivered,2025-09-02
5903,128,106,9,596.1,24.76,5364.9,shipped,2025-01-28
5904,242,41,11,693.85,0,7632.35,delivered,2024-11-15
5905,1065,104,7,386.74,0,2707.18,pending,2023-06-24
5906,936,20,7,481.5,0,3370.5,cancelled,2023-12-11
5907,936,185,3,326.55,0,979.65,delivered,2025-10-09
5908,916,161,10,81.95,0,819.5,shipped,2024-09-13
5909,1675,25,7,219.32,21.8,1535.24,pending,2022-12-23
5910,811,138,16,557.12,0,8913.92,delivered,2023-03-27
5911,934,54,4,976.53,0,3906.12,shipped,2024-08-16
5912,1311,132,6,173.13,0,1038.78,returned,2023-08-02
5913,931,23,11,713.25,0,7845.75,delivered,2022-05-17
5914,109,11,3,67.82,0,203.46,shipped,2022-10-10
5915,1929,8,15,581.03,0,8715.45,shipped,2023-06-17
5916,1521,112,7,393.73,0,2756.11,pending,2024-08-18
5917,1058,107,15,829.1,0,12436.5,delivered,2023-04-04
5918,1021,55,5,112.9,0,564.5,returned,2024-03-01
5919,1886,117,3,660.46,0,1981.38,delivered,2025-05-17
5920,1723,148,19,72.74,0,1382.06,shipped,2023-06-21
5921,1993,187,18,626.35,0,11274.3,shipped,2022-11-07
5922,457,88,8,646.25,0,5170,delivered,2022-06-01
5923,1633,148,10,72.74,0,727.4,returned,2022-05-22
5924,960,90,18,592.32,0,10661.76,cancelled,2022-10-27
5925,1477,37,12,235.47,10.11,2825.64,delivered,2024-04-06
5926,499,132,14,173.13,8.21,2423.82,pending,2025-01-02
5927,1171,162,13,600.01,25.94,7800.13,returned,2024-08-19
5928,504,70,18,100.2,17.51,1803.6,delivered,2024-02-09
5929,1818,193,5,271.72,0,1358.6,cancelled,2025-05-19
5930,1245,131,4,652.89,0,2611.56,pending,2025-03-25
5931,1066,126,6,118.97,20.81,713.82,shipped,2022-09-11
5932,302,193,15,271.72,0,4075.8,delivered,2023-12-01
5933,507,187,2,626.35,6.46,1252.7,pending,2022-09-05
5934,1135,165,18,583.18,6.63,10497.24,cancelled,2025-09-03
5935,1041,17,7,122.61,7.49,858.27,pending,2024-04-20
5936,761,65,3,202.76,19.54,608.28,returned,2022-03-19
5937,366,73,19,238.38,0,4529.22,delivered,2024-08-13
5938,886,197,1,822.64,0,822.64,returned,2022-07-15
5939,1287,86,3,789.99,0,2369.97,pending,2025-02-02
5940,1453,148,7,72.74,0,509.18,returned,2025-04-04
5941,1337,79,9,60.77,0,546.93,delivered,2023-09-06
5942,1170,75,18,95.54,0,1719.72,cancelled,2025-02-21
5943,1073,165,13,583.18,9.34,7581.34,shipped,2025-04-24
5944,893,164,17,527.51,0,8967.67,shipped,2023-08-11
5945,1380,146,8,629.33,0,5034.64,returned,2025-05-22
5946,196,72,2,633.89,0,1267.78,delivered,2023-12-23
5947,1349,108,18,541.06,0,9739.08,returned,2023-08-19
5948,1407,40,19,892.78,0,16962.82,pending,2025-09-25
5949,163,100,11,779.66,0,8576.26,delivered,2025-04-07
5950,1616,186,9,627.64,0,5648.76,cancelled,2025-09-14
5951,447,119,8,371.17,0,2969.36,cancelled,2023-05-10
5952,995,199,11,565.45,0,6219.95,returned,2022-03-03
5953,1046,81,15,637.31,0,9559.65,cancelled,2022-03-17
5954,394,88,8,646.25,0,5170,delivered,2023-02-02
5955,355,198,14,380.95,0,5333.3,cancelled,2023-04-21
5956,1687,188,7,176.18,0,1233.26,delivered,2022-11-02
5957,590,37,2,235.47,0,470.94,returned,2023-12-11
5958,852,15,14,825.2,3.97,11552.8,delivered,2024-08-08
5959,1981,68,13,447.71,0,5820.23,delivered,2025-06-23
5960,1135,122,18,816.6,0,14698.8,delivered,2025-10-18
5961,165,45,19,639.61,0.17,12152.59,returned,2025-03-02
5962,478,122,15,816.6,16.75,12249,pending,2025-09-01
5963,152,11,17,67.82,0,1152.94,pending,2022-11-16
5964,1976,83,10,806.73,0,8067.3,returned,2022-10-24
5965,1127,193,10,271.72,4.54,2717.2,returned,2023-06-15
5966,1472,60,9,774.36,0,6969.24,pending,2024-09-10
5967,1462,87,11,600.01,4.48,6600.11,pending,2024-03-16
5968,587,162,9,600.01,0,5400.09,pending,2024-04-09
5969,124,10,14,859.56,8.75,12033.84,returned,2022-01-17
5970,806,173,7,580.62,0,4064.34,shipped,2025-03-10
5971,298,67,10,692.69,0,6926.9,cancelled,2024-03-06
5972,404,151,9,770.69,0,6936.21,delivered,2024-04-15
5973,603,134,7,53.33,0,373.31,cancelled,2025-05-06
5974,1027,74,9,221.84,0,1996.56,pending,2023-11-18
5975,1894,183,4,656.46,0,2625.84,delivered,2024-02-23
5976,300,192,19,576.21,15.5,10947.99,pending,2022-06-15
5977,300,104,11,386.74,0,4254.14,shipped,2023-03-24
5978,508,17,18,122.61,13.28,2206.98,returned,2022-05-15
5979,1526,170,10,944.19,24.43,9441.9,shipped,2025-05-24
5980,728,179,16,450.55,0,7208.8,returned,2024-03-26
5981,1357,148,15,72.74,0,1091.1,cancelled,2025-05-01
5982,451,6,8,183.59,0,1468.72,returned,2023-07-21
5983,1347,28,12,829.59,0,9955.08,delivered,2022-02-12
5984,481,163,8,241.1,12.57,1928.8,cancelled,2025-08-18
5985,1591,4,15,943.2,22.15,14148,pending,2023-06-07
5986,55,121,17,963.7,0,16382.9,shipped,2023-11-02
5987,165,50,9,724.2,0,6517.8,pending,2024-09-18
5988,445,75,11,95.54,0,1050.94,shipped,2025-11-18
5989,1581,195,18,515.75,0,9283.5,shipped,2025-09-11
5990,1272,52,3,370.49,0,1111.47,cancelled,2022-05-20
5991,367,85,15,378.98,0,5684.7,delivered,2025-10-05
5992,1195,57,9,141.75,0,1275.75,pending,2024-12-14
5993,513,153,11,22.28,0,245.08,delivered,2025-08-11
5994,742,117,8,660.46,0,5283.68,pending,2024-06-19
5995,784,122,16,816.6,0,13065.6,cancelled,2023-08-27
5996,390,69,7,409.64,0,2867.48,delivered,2022-11-11
5997,597,33,7,253.97,0,1777.79,pending,2022-12-20
5998,463,190,16,524.31,0,8388.96,pending,2023-09-07
5999,251,68,7,447.71,0,3133.97,returned,2022-07-22
6000,289,111,5,281.59,0,1407.95,shipped,2023-04-09
6001,1508,179,3,450.55,0,1351.65,returned,2022-05-13
6002,725,9,2,332.46,0,664.92,delivered,2024-07-14
6003,1705,19,13,437.6,0,5688.8,delivered,2025-08-14
6004,1358,194,8,510.14,0,4081.12,pending,2025-02-13
6005,766,61,5,968.17,0,4840.85,cancelled,2025-12-04
6006,1949,123,4,58.49,0,233.96,returned,2025-04-20
6007,447,55,18,112.9,21.3,2032.2,delivered,2025-09-15
6008,1752,143,10,59.58,0,595.8,cancelled,2025-02-04
6009,1730,171,2,845.83,0,1691.66,delivered,2023-02-27
6010,805,106,1,596.1,10.19,596.1,pending,2022-09-15
6011,1276,196,15,542.59,0,8138.85,cancelled,2024-02-27
6012,1878,83,3,806.73,0,2420.19,returned,2025-12-18
6013,283,175,19,211.16,0,4012.04,pending,2022-09-16
6014,812,153,8,22.28,12.57,178.24,delivered,2025-08-19
6015,323,84,12,903.84,10.89,10846.08,shipped,2025-08-10
6016,1411,192,9,576.21,0,5185.89,shipped,2024-09-05
6017,1535,2,9,667,5.81,6003,cancelled,2025-05-13
6018,27,152,8,911.9,0,7295.2,pending,2023-02-13
6019,794,149,12,515.34,0,6184.08,pending,2024-12-26
6020,1049,142,8,446.08,0,3568.64,delivered,2023-10-24
6021,626,93,3,750.35,0,2251.05,cancelled,2023-10-20
6022,1614,28,13,829.59,0,10784.67,returned,2025-03-04
6023,120,113,4,129.9,0,519.6,pending,2022-02-11
6024,1723,59,8,631.88,0,5055.04,cancelled,2023-10-24
6025,1492,129,19,730.46,0,13878.74,shipped,2023-09-22
6026,303,195,8,515.75,0,4126,delivered,2022-11-14
6027,1654,38,19,458.13,20.12,8704.47,delivered,2023-04-27
6028,1818,81,18,637.31,4.2,11471.58,cancelled,2025-04-28
6029,1694,126,11,118.97,0,1308.67,cancelled,2025-11-22
6030,686,83,4,806.73,8.96,3226.92,delivered,2024-06-09
6031,305,129,6,730.46,0,4382.76,cancelled,2022-03-10
6032,1059,93,19,750.35,0,14256.65,pending,2025-04-13
6033,199,43,6,64.03,1.67,384.18,shipped,2024-12-11
6034,319,41,17,693.85,0,11795.45,shipped,2022-11-18
6035,70,38,8,458.13,0,3665.04,delivered,2022-02-04
6036,591,1,10,932.66,0,9326.6,pending,2025-08-26
6037,72,24,2,58.24,0,116.48,shipped,2023-07-15
6038,1349,68,16,447.71,0,7163.36,cancelled,2025-07-08
6039,890,38,5,458.13,0,2290.65,cancelled,2023-06-28
6040,305,167,5,277.82,0,1389.1,delivered,2022-05-28
6041,1584,117,5,660.46,0,3302.3,shipped,2023-12-19
6042,1862,113,3,129.9,0,389.7,pending,2024-11-23
6043,1434,134,14,53.33,0,746.62,cancelled,2022-08-09
6044,974,141,11,621.99,0,6841.89,shipped,2022-07-11
6045,1383,139,1,43.53,0,43.53,returned,2025-12-02
6046,1247,26,13,362.01,0,4706.13,cancelled,2025-05-21
6047,468,108,5,541.06,0,2705.3,shipped,2022-11-02
6048,1967,82,19,286.13,0,5436.47,delivered,2022-11-07
6049,1905,51,11,328.87,0,3617.57,returned,2022-01-03
6050,1127,142,7,446.08,23.05,3122.56,cancelled,2022-07-13
6051,1273,180,5,774.95,0,3874.75,delivered,2025-04-06
6052,247,52,13,370.49,0,4816.37,cancelled,2023-03-11
6053,422,181,1,824.33,0,824.33,delivered,2024-06-16
6054,1092,112,19,393.73,8.54,7480.87,returned,2022-09-12
6055,556,83,5,806.73,0,4033.65,delivered,2022-03-24
6056,1916,181,1,824.33,0,824.33,shipped,2024-01-18
6057,1254,109,9,21.24,0,191.16,returned,2023-02-21
6058,1172,35,10,645.79,0,6457.9,shipped,2024-02-04
6059,1070,53,2,655.86,0,1311.72,returned,2024-06-20
6060,1065,113,2,129.9,17.23,259.8,cancelled,2024-03-05
6061,575,174,15,231.71,0,3475.65,pending,2025-12-10
6062,1439,199,16,565.45,0,9047.2,shipped,2022-08-05
6063,1813,11,9,67.82,28.06,610.38,shipped,2023-02-16
6064,108,28,10,829.59,3.29,8295.9,delivered,2023-02-07
6065,1470,184,3,385.1,0,1155.3,cancelled,2025-11-14
6066,562,98,18,66.06,0,1189.08,delivered,2023-12-17
6067,1532,35,3,645.79,1.2,1937.37,pending,2025-03-22
6068,1269,131,7,652.89,0,4570.23,cancelled,2022-05-27
6069,1652,121,17,963.7,0,16382.9,returned,2023-04-04
6070,1860,1,8,932.66,0,7461.28,shipped,2022-07-11
6071,1419,20,6,481.5,0,2889,delivered,2025-01-17
6072,82,62,16,166.62,0,2665.92,delivered,2024-07-20
6073,1469,12,6,654.54,0,3927.24,returned,2025-09-02
6074,1937,24,19,58.24,0,1106.56,pending,2024-12-15
6075,1951,145,6,593.41,0,3560.46,cancelled,2022-04-04
6076,947,86,18,789.99,0,14219.82,pending,2022-12-07
6077,1997,139,13,43.53,0,565.89,pending,2024-07-13
6078,228,183,19,656.46,0,12472.74,pending,2022-10-12
6079,275,63,12,560.31,25.48,6723.72,pending,2025-12-04
6080,207,131,17,652.89,0,11099.13,returned,2025-08-06
6081,278,83,16,806.73,13.01,12907.68,delivered,2022-06-26
6082,896,67,19,692.69,6.27,13161.11,shipped,2025-01-09
6083,949,184,1,385.1,0,385.1,returned,2023-08-01
6084,24,43,8,64.03,0,512.24,shipped,2025-03-08
6085,435,87,8,600.01,0,4800.08,delivered,2023-02-04
6086,1696,79,2,60.77,8.11,121.54,shipped,2025-05-19
6087,53,41,2,693.85,20.81,1387.7,pending,2024-10-13
6088,946,194,6,510.14,0,3060.84,returned,2023-03-03
6089,210,139,18,43.53,0,783.54,returned,2022-02-15
6090,507,182,2,718.6,4.15,1437.2,delivered,2023-05-05
6091,1108,72,9,633.89,0,5705.01,shipped,2023-07-21
6092,655,192,1,576.21,19.63,576.21,pending,2022-12-19
6093,1809,5,6,604.81,5.06,3628.86,delivered,2025-10-08
6094,910,73,4,238.38,13.1,953.52,pending,2022-10-26
6095,166,32,14,244.09,0,3417.26,shipped,2025-12-13
6096,542,116,8,208.96,0,1671.68,cancelled,2023-11-15
6097,1833,94,15,8.03,16.21,120.45,pending,2024-10-17
6098,337,66,3,397.63,0,1192.89,pending,2025-07-13
6099,1401,88,11,646.25,0,7108.75,shipped,2022-09-14
6100,1301,160,15,574.94,0,8624.1,delivered,2022-04-23
6101,97,172,15,95.98,0,1439.7,returned,2024-08-18
6102,205,91,15,916.22,0,13743.3,delivered,2025-07-07
6103,798,30,18,125.04,20.1,2250.72,shipped,2025-03-06
6104,579,109,8,21.24,0,169.92,returned,2025-05-05
6105,945,115,2,763.04,21.05,1526.08,shipped,2024-12-22
6106,1568,33,19,253.97,0,4825.43,returned,2023-09-14
6107,415,45,6,639.61,0,3837.66,shipped,2022-02-05
6108,1346,173,17,580.62,0,9870.54,cancelled,2024-06-24
6109,92,8,6,581.03,28.28,3486.18,pending,2024-09-11
6110,690,57,3,141.75,0,425.25,cancelled,2024-02-10
6111,1825,5,13,604.81,0,7862.53,pending,2022-04-01
6112,1396,55,13,112.9,0,1467.7,shipped,2023-12-26
6113,499,183,14,656.46,0,9190.44,shipped,2024-09-19
6114,247,133,7,298.55,6.53,2089.85,cancelled,2022-07-23
6115,424,18,16,83.56,0,1336.96,shipped,2023-07-25
6116,74,19,6,437.6,0,2625.6,returned,2022-05-27
6117,1344,112,12,393.73,0,4724.76,pending,2024-08-19
6118,989,179,3,450.55,18.75,1351.65,pending,2023-05-27
6119,1865,74,16,221.84,9.13,3549.44,pending,2023-04-20
6120,1482,156,15,200.01,18.53,3000.15,pending,2022-10-03
6121,1426,128,19,216.83,4.96,4119.77,pending,2022-05-17
6122,143,70,12,100.2,0,1202.4,delivered,2024-05-23
6123,66,115,19,763.04,2.71,14497.76,returned,2023-10-25
6124,673,20,18,481.5,0,8667,returned,2025-02-14
6125,1760,62,18,166.62,0,2999.16,returned,2024-01-27
6126,401,187,6,626.35,0,3758.1,returned,2025-11-18
6127,17,165,18,583.18,0,10497.24,cancelled,2022-03-18
6128,1881,155,19,431.01,0,8189.19,pending,2022-03-03
6129,127,47,3,645.14,0,1935.42,cancelled,2024-02-24
6130,1871,50,2,724.2,0,1448.4,shipped,2024-12-02
6131,1003,170,5,944.19,0,4720.95,shipped,2022-06-20
6132,588,27,16,141.19,0.8,2259.04,cancelled,2023-01-06
6133,567,176,12,850.78,0,10209.36,pending,2023-01-27
6134,387,146,4,629.33,19.31,2517.32,shipped,2024-12-27
6135,1559,185,1,326.55,4.22,326.55,cancelled,2024-12-07
6136,707,75,10,95.54,0,955.4,returned,2022-08-07
6137,689,70,4,100.2,0,400.8,cancelled,2025-06-12
6138,315,163,14,241.1,0,3375.4,pending,2025-06-01
6139,1047,63,12,560.31,22.32,6723.72,pending,2022-04-17
6140,88,183,10,656.46,0,6564.6,cancelled,2022-01-22
6141,1386,25,4,219.32,0,877.28,returned,2024-05-01
6142,1865,51,7,328.87,0,2302.09,delivered,2024-04-19
6143,354,188,1,176.18,0,176.18,delivered,2022-07-21
6144,785,24,13,58.24,0,757.12,cancelled,2025-06-07
6145,1778,4,3,943.2,0,2829.6,returned,2022-11-03
6146,281,85,19,378.98,0,7200.62,cancelled,2023-04-10
6147,1498,49,13,875.58,0,11382.54,cancelled,2024-06-08
6148,1976,116,18,208.96,28.78,3761.28,pending,2022-07-10
6149,883,155,4,431.01,24.36,1724.04,cancelled,2025-03-04
6150,1815,175,14,211.16,0,2956.24,pending,2023-09-24
6151,1991,80,9,59.51,0,535.59,returned,2025-09-26
6152,1336,157,1,83.71,0.88,83.71,cancelled,2024-06-05
6153,1097,189,13,492.26,0,6399.38,delivered,2023-09-24
6154,254,91,12,916.22,0,10994.64,pending,2025-11-18
6155,1535,56,6,561.69,0,3370.14,delivered,2022-10-20
6156,701,197,12,822.64,0,9871.68,pending,2024-06-18
6157,719,163,12,241.1,0,2893.2,pending,2025-05-23
6158,1188,187,10,626.35,23.87,6263.5,delivered,2022-05-14
6159,1105,183,10,656.46,0,6564.6,delivered,2024-04-04
6160,1913,26,19,362.01,0,6878.19,shipped,2022-09-04
6161,893,150,8,533.49,0,4267.92,shipped,2022-11-14
6162,40,130,19,420.65,6.46,7992.35,delivered,2022-02-27
6163,1370,63,7,560.31,3.08,3922.17,pending,2022-07-23
6164,274,101,7,100.03,0,700.21,returned,2023-11-24
6165,675,192,3,576.21,0,1728.63,shipped,2022-09-25
6166,141,59,4,631.88,0,2527.52,pending,2022-04-12
6167,490,137,7,358.4,4.62,2508.8,cancelled,2023-07-01
6168,30,115,5,763.04,11.18,3815.2,pending,2023-05-08
6169,501,145,11,593.41,0,6527.51,cancelled,2023-10-24
6170,177,40,13,892.78,0,11606.14,delivered,2023-08-16
6171,1009,80,5,59.51,13.7,297.55,delivered,2024-10-28
6172,1561,86,9,789.99,0,7109.91,shipped,2025-04-27
6173,559,84,9,903.84,29.39,8134.56,shipped,2025-01-26
6174,415,6,17,183.59,0,3121.03,shipped,2025-01-25
6175,35,141,2,621.99,22.66,1243.98,shipped,2024-08-24
6176,1302,68,5,447.71,26.2,2238.55,shipped,2022-02-14
6177,1657,38,2,458.13,0,916.26,cancelled,2022-11-19
6178,1885,138,13,557.12,29.06,7242.56,delivered,2024-08-18
6179,760,63,11,560.31,13.28,6163.41,shipped,2022-07-11
6180,959,112,16,393.73,0,6299.68,returned,2025-11-25
6181,807,32,9,244.09,0,2196.81,shipped,2024-11-22
6182,148,124,17,809.49,0,13761.33,shipped,2023-03-23
6183,1127,145,16,593.41,0,9494.56,cancelled,2024-08-17
6184,651,148,10,72.74,0,727.4,cancelled,2025-09-11
6185,1503,33,14,253.97,0,3555.58,returned,2024-08-02
6186,1131,174,4,231.71,21.54,926.84,cancelled,2023-11-21
6187,262,136,1,28.67,0,28.67,shipped,2023-02-17
6188,60,87,11,600.01,10.65,6600.11,delivered,2025-04-21
6189,275,165,17,583.18,0,9914.06,delivered,2023-10-17
6190,369,100,8,779.66,0,6237.28,cancelled,2025-08-02
6191,1093,7,3,669.43,2.83,2008.29,returned,2023-04-05
6192,1701,146,2,629.33,16.17,1258.66,shipped,2025-07-26
6193,411,33,6,253.97,0,1523.82,pending,2023-01-04
6194,1117,65,9,202.76,0,1824.84,delivered,2022-11-19
6195,1364,73,18,238.38,0,4290.84,returned,2023-03-26
6196,902,96,14,697.43,0,9764.02,delivered,2023-01-09
6197,584,59,12,631.88,0,7582.56,returned,2022-08-04
6198,762,63,18,560.31,0,10085.58,shipped,2024-01-03
6199,191,11,8,67.82,0,542.56,shipped,2024-02-11
6200,664,20,5,481.5,0,2407.5,pending,2022-02-14
6201,1806,70,8,100.2,0,801.6,pending,2023-02-18
6202,1236,49,9,875.58,0,7880.22,pending,2025-03-18
6203,1712,51,15,328.87,0,4933.05,pending,2022-12-03
6204,1467,64,5,663.35,0,3316.75,pending,2022-06-06
6205,695,144,13,247.92,24.93,3222.96,cancelled,2025-03-19
6206,933,19,9,437.6,0,3938.4,returned,2022-09-16
6207,665,94,4,8.03,0,32.12,pending,2023-06-02
6208,818,33,17,253.97,0,4317.49,cancelled,2024-01-14
6209,797,170,1,944.19,0,944.19,cancelled,2024-12-21
6210,1354,113,12,129.9,0,1558.8,shipped,2022-01-06
6211,1808,110,14,77.9,10.58,1090.6,pending,2024-01-07
6212,844,181,8,824.33,0,6594.64,pending,2025-03-26
6213,752,49,8,875.58,0,7004.64,cancelled,2025-06-23
6214,1341,106,12,596.1,0,7153.2,pending,2025-08-27
6215,299,128,12,216.83,0,2601.96,delivered,2024-08-14
6216,389,12,18,654.54,29.06,11781.72,cancelled,2022-10-01
6217,207,59,12,631.88,0,7582.56,delivered,2024-08-24
6218,1610,184,4,385.1,25.46,1540.4,returned,2024-03-02
6219,1394,15,13,825.2,0,10727.6,pending,2023-09-10
6220,1865,181,2,824.33,0,1648.66,delivered,2022-10-11
6221,446,102,15,573.77,0,8606.55,cancelled,2024-06-23
6222,1491,48,7,184.21,0,1289.47,pending,2022-06-24
6223,154,55,6,112.9,0,677.4,delivered,2022-07-08
6224,383,13,8,30.37,0,242.96,returned,2022-04-15
6225,86,47,11,645.14,11.82,7096.54,delivered,2024-10-26
6226,899,114,19,139.28,0,2646.32,cancelled,2022-11-07
6227,1446,75,4,95.54,0,382.16,delivered,2023-02-05
6228,407,66,10,397.63,0,3976.3,pending,2022-09-14
6229,350,31,8,158.16,0,1265.28,delivered,2025-01-20
6230,229,63,7,560.31,0,3922.17,delivered,2022-04-23
6231,1189,180,14,774.95,0,10849.3,shipped,2023-07-24
6232,733,153,7,22.28,0,155.96,pending,2022-07-12
6233,1586,27,8,141.19,0,1129.52,cancelled,2022-01-23
6234,1287,160,16,574.94,0,9199.04,pending,2022-12-14
6235,534,129,3,730.46,0,2191.38,returned,2025-08-11
6236,1639,192,8,576.21,0,4609.68,delivered,2022-01-12
6237,959,26,9,362.01,0,3258.09,returned,2025-09-05
6238,270,138,6,557.12,0,3342.72,returned,2023-04-22
6239,1687,30,5,125.04,16.86,625.2,shipped,2022-02-11
6240,1672,47,4,645.14,0,2580.56,returned,2025-10-11
6241,72,8,13,581.03,0,7553.39,shipped,2022-05-08
6242,541,143,7,59.58,2.59,417.06,shipped,2023-05-17
6243,471,98,8,66.06,0,528.48,delivered,2023-10-27
6244,834,132,17,173.13,0,2943.21,returned,2023-10-17
6245,1516,125,17,142.11,15.85,2415.87,pending,2024-08-25
6246,815,156,2,200.01,29.05,400.02,cancelled,2022-08-23
6247,884,28,11,829.59,0,9125.49,delivered,2023-06-24
6248,230,181,18,824.33,0,14837.94,returned,2022-12-18
6249,238,83,12,806.73,0,9680.76,cancelled,2024-03-27
6250,1915,44,16,690.47,22.77,11047.52,returned,2024-05-13
6251,843,55,8,112.9,0,903.2,shipped,2023-04-09
6252,1240,13,13,30.37,0,394.81,pending,2023-10-03
6253,1107,34,4,827.62,0,3310.48,shipped,2022-10-10
6254,591,183,19,656.46,0,12472.74,pending,2024-06-02
6255,1525,188,1,176.18,0,176.18,delivered,2025-09-14
6256,67,93,11,750.35,24.56,8253.85,pending,2024-07-13
6257,1575,56,14,561.69,0,7863.66,cancelled,2025-03-15
6258,156,92,11,52.57,0,578.27,cancelled,2024-02-15
6259,264,8,3,581.03,0,1743.09,cancelled,2023-04-28
6260,1932,6,19,183.59,0,3488.21,shipped,2022-12-18
6261,537,20,16,481.5,23.46,7704,delivered,2023-07-24
6262,413,185,8,326.55,0,2612.4,pending,2025-06-21
6263,1925,184,15,385.1,0,5776.5,shipped,2025-04-24
6264,923,161,12,81.95,7.82,983.4,delivered,2022-03-04
6265,1255,157,9,83.71,10.5,753.39,delivered,2025-03-03
6266,501,79,5,60.77,0,303.85,delivered,2022-06-03
6267,1909,188,7,176.18,0,1233.26,delivered,2025-11-27
6268,1074,27,3,141.19,0,423.57,shipped,2024-07-12
6269,650,98,15,66.06,0,990.9,pending,2023-03-16
6270,449,183,7,656.46,0,4595.22,shipped,2022-09-01
6271,35,19,10,437.6,11.76,4376,delivered,2023-11-12
6272,734,36,15,406.43,0,6096.45,cancelled,2023-04-21
6273,1045,15,14,825.2,0,11552.8,pending,2025-03-17
6274,519,152,11,911.9,0,10030.9,returned,2022-05-14
6275,1224,33,3,253.97,22.85,761.91,cancelled,2024-03-20
6276,340,31,9,158.16,0,1423.44,delivered,2025-03-17
6277,1156,48,9,184.21,0,1657.89,pending,2022-01-02
6278,596,140,18,966.17,17.24,17391.06,delivered,2023-09-27
6279,1397,172,13,95.98,0,1247.74,pending,2023-01-25
6280,1005,178,10,354.22,0,3542.2,shipped,2024-12-23
6281,637,117,4,660.46,0,2641.84,returned,2023-02-12
6282,1230,84,11,903.84,0,9942.24,cancelled,2022-05-08
6283,1519,13,16,30.37,6.17,485.92,returned,2024-08-09
6284,2000,178,12,354.22,0,4250.64,returned,2022-06-16
6285,27,72,15,633.89,8.73,9508.35,shipped,2023-11-17
6286,1769,170,19,944.19,0,17939.61,shipped,2025-08-22
6287,183,179,9,450.55,0,4054.95,shipped,2023-02-17
6288,416,117,18,660.46,0,11888.28,shipped,2022-03-24
6289,1934,41,16,693.85,0,11101.6,cancelled,2022-06-10
6290,352,182,18,718.6,0,12934.8,cancelled,2022-09-18
6291,972,158,13,150.99,0,1962.87,delivered,2025-05-10
6292,1595,83,7,806.73,0,5647.11,returned,2024-07-19
6293,445,90,3,592.32,0,1776.96,delivered,2025-06-05
6294,1548,13,15,30.37,13.05,455.55,returned,2025-10-02
6295,466,88,7,646.25,0,4523.75,returned,2024-05-11
6296,1889,43,1,64.03,19.64,64.03,delivered,2025-05-23
6297,768,139,8,43.53,0,348.24,delivered,2022-11-11
6298,201,65,10,202.76,0,2027.6,returned,2025-09-13
6299,1252,92,18,52.57,0,946.26,delivered,2023-01-18
6300,837,129,9,730.46,16.46,6574.14,pending,2022-06-22
6301,402,53,14,655.86,0,9182.04,delivered,2022-10-13
6302,931,110,6,77.9,0,467.4,shipped,2025-08-23
6303,82,48,15,184.21,0,2763.15,returned,2024-08-07
6304,1913,115,4,763.04,0,3052.16,cancelled,2024-07-13
6305,537,133,7,298.55,0,2089.85,delivered,2023-05-15
6306,908,149,17,515.34,29.56,8760.78,cancelled,2024-05-27
6307,1269,131,1,652.89,16.21,652.89,pending,2023-08-06
6308,1471,24,16,58.24,0,931.84,returned,2023-12-27
6309,1328,76,9,948.25,0,8534.25,returned,2025-08-23
6310,1127,199,11,565.45,0,6219.95,shipped,2024-09-28
6311,293,123,9,58.49,0,526.41,pending,2024-11-28
6312,1047,5,18,604.81,25.64,10886.58,returned,2023-01-01
6313,102,176,4,850.78,0,3403.12,delivered,2025-12-07
6314,1047,65,19,202.76,0,3852.44,pending,2022-09-24
6315,1900,112,12,393.73,0,4724.76,delivered,2025-08-20
6316,81,87,11,600.01,0,6600.11,cancelled,2022-04-17
6317,271,150,4,533.49,0,2133.96,cancelled,2024-03-03
6318,1365,138,5,557.12,0,2785.6,shipped,2024-01-13
6319,1893,157,5,83.71,19.96,418.55,shipped,2023-06-24
6320,981,148,13,72.74,0,945.62,cancelled,2022-10-21
6321,1056,6,8,183.59,0,1468.72,cancelled,2025-04-03
6322,1486,80,11,59.51,23.7,654.61,returned,2024-06-01
6323,1484,22,4,119.41,0,477.64,delivered,2025-07-14
6324,345,194,16,510.14,9.96,8162.24,cancelled,2023-06-05
6325,1354,150,8,533.49,28.79,4267.92,shipped,2025-09-15
6326,1444,67,9,692.69,0,6234.21,shipped,2025-07-19
6327,1182,34,15,827.62,0,12414.3,cancelled,2025-04-13
6328,697,151,6,770.69,8.65,4624.14,cancelled,2025-04-05
6329,344,179,16,450.55,7.44,7208.8,shipped,2022-05-14
6330,104,15,12,825.2,0,9902.4,cancelled,2025-04-28
6331,4,60,13,774.36,14.65,10066.68,cancelled,2022-05-25
6332,1707,69,19,409.64,28.73,7783.16,shipped,2024-09-24
6333,989,42,5,874.09,25.78,4370.45,cancelled,2023-05-18
6334,45,133,6,298.55,0,1791.3,cancelled,2022-10-06
6335,227,75,7,95.54,0,668.78,shipped,2023-10-16
6336,1435,197,6,822.64,17.36,4935.84,returned,2022-08-09
6337,919,58,14,583.34,0,8166.76,returned,2024-10-27
6338,560,10,17,859.56,18.61,14612.52,returned,2023-09-07
6339,1130,183,10,656.46,1.7,6564.6,cancelled,2025-08-12
6340,583,39,17,211.25,29.3,3591.25,shipped,2025-10-12
6341,93,63,4,560.31,0,2241.24,shipped,2022-09-26
6342,1366,160,14,574.94,0,8049.16,cancelled,2025-03-26
6343,656,113,4,129.9,9.39,519.6,returned,2025-10-20
6344,419,178,5,354.22,0,1771.1,shipped,2024-12-17
6345,613,93,10,750.35,0,7503.5,pending,2023-02-02
6346,1999,164,16,527.51,0,8440.16,shipped,2024-08-12
6347,865,81,6,637.31,0,3823.86,pending,2024-11-06
6348,1027,196,14,542.59,27.11,7596.26,pending,2023-11-23
6349,1810,144,1,247.92,0,247.92,delivered,2022-02-02
6350,269,102,1,573.77,23.47,573.77,returned,2023-01-20
6351,1472,16,6,846.4,0,5078.4,pending,2023-03-15
6352,1939,97,8,305.05,0,2440.4,pending,2023-12-17
6353,62,3,19,536.43,17.91,10192.17,delivered,2023-03-14
6354,639,15,15,825.2,0,12378,delivered,2023-02-06
6355,83,152,1,911.9,0,911.9,returned,2024-06-03
6356,1850,154,19,890.6,0,16921.4,shipped,2023-10-08
6357,9,121,4,963.7,6.08,3854.8,pending,2025-09-16
6358,1740,94,18,8.03,0,144.54,shipped,2023-09-01
6359,747,172,5,95.98,0,479.9,cancelled,2025-02-08
6360,1557,114,11,139.28,0,1532.08,delivered,2024-01-16
6361,824,100,18,779.66,29.28,14033.88,cancelled,2025-08-03
6362,215,124,10,809.49,0,8094.9,delivered,2022-03-04
6363,1235,13,17,30.37,17.48,516.29,pending,2024-01-12
6364,1278,13,10,30.37,22.52,303.7,returned,2024-12-17
6365,1624,22,11,119.41,24.61,1313.51,delivered,2025-05-06
6366,889,165,8,583.18,1.32,4665.44,delivered,2024-02-06
6367,1999,6,18,183.59,0,3304.62,delivered,2025-05-05
6368,109,10,10,859.56,0,8595.6,cancelled,2022-09-13
6369,1306,86,7,789.99,0,5529.93,pending,2022-05-22
6370,697,74,17,221.84,0,3771.28,cancelled,2025-09-02
6371,1671,128,9,216.83,0,1951.47,shipped,2023-09-18
6372,1884,68,17,447.71,0,7611.07,delivered,2025-10-06
6373,1888,146,19,629.33,0,11957.27,returned,2024-02-25
6374,1389,96,12,697.43,0,8369.16,delivered,2023-02-24
6375,1110,74,12,221.84,7.88,2662.08,cancelled,2023-12-26
6376,270,85,2,378.98,10.38,757.96,shipped,2025-06-03
6377,698,91,19,916.22,0,17408.18,delivered,2025-07-17
6378,1274,102,4,573.77,0,2295.08,cancelled,2025-05-15
6379,901,114,15,139.28,0,2089.2,cancelled,2023-07-15
6380,749,48,6,184.21,0,1105.26,cancelled,2022-12-08
6381,1486,95,9,988.58,0,8897.22,delivered,2024-12-20
6382,366,76,18,948.25,25.45,17068.5,shipped,2024-01-21
6383,943,4,6,943.2,15.87,5659.2,shipped,2024-06-26
6384,478,183,10,656.46,6.64,6564.6,delivered,2023-09-02
6385,236,114,3,139.28,0,417.84,pending,2022-11-25
6386,1194,200,7,990.22,0,6931.54,cancelled,2024-04-15
6387,1597,65,7,202.76,0,1419.32,cancelled,2022-03-22
6388,257,29,14,717.02,0,10038.28,delivered,2025-04-16
6389,747,69,10,409.64,0,4096.4,returned,2025-08-06
6390,1134,168,5,701.25,0,3506.25,delivered,2024-08-07
6391,1799,106,13,596.1,0,7749.3,returned,2025-02-22
6392,1519,164,4,527.51,0,2110.04,delivered,2023-05-11
6393,119,82,19,286.13,0,5436.47,returned,2025-03-26
6394,1681,195,8,515.75,0,4126,pending,2023-03-13
6395,1980,109,1,21.24,0,21.24,returned,2025-09-20
6396,708,124,13,809.49,0,10523.37,shipped,2024-10-05
6397,79,27,17,141.19,0.94,2400.23,delivered,2022-10-01
6398,1531,130,8,420.65,16.33,3365.2,delivered,2022-12-01
6399,48,142,17,446.08,3.31,7583.36,pending,2025-11-10
6400,773,168,16,701.25,0,11220,pending,2024-11-03
6401,1662,54,19,976.53,13.78,18554.07,shipped,2023-02-20
6402,1927,145,19,593.41,17.75,11274.79,returned,2022-02-14
6403,943,89,18,968.98,20.69,17441.64,shipped,2024-01-04
6404,717,141,4,621.99,29.57,2487.96,pending,2025-12-14
6405,1223,182,5,718.6,0,3593,delivered,2025-01-05
6406,935,145,18,593.41,16.65,10681.38,returned,2022-12-07
6407,281,120,12,239.25,0,2871,delivered,2025-05-01
6408,245,3,1,536.43,0,536.43,returned,2023-11-01
6409,147,144,19,247.92,0,4710.48,shipped,2025-10-21
6410,75,193,5,271.72,0,1358.6,shipped,2022-11-05
6411,1638,99,6,47.38,0,284.28,returned,2024-04-11
6412,323,113,2,129.9,0,259.8,pending,2025-10-06
6413,137,171,3,845.83,0,2537.49,delivered,2023-05-10
6414,856,79,10,60.77,0,607.7,shipped,2025-04-24
6415,1794,92,5,52.57,0,262.85,delivered,2025-04-28
6416,1568,82,5,286.13,0,1430.65,pending,2025-12-16
6417,1197,82,10,286.13,0,2861.3,shipped,2023-09-12
6418,1737,165,12,583.18,0,6998.16,delivered,2024-12-24
6419,1951,13,9,30.37,0,273.33,shipped,2023-10-10
6420,207,172,19,95.98,0,1823.62,delivered,2022-01-15
6421,49,56,17,561.69,0,9548.73,pending,2022-12-07
6422,756,46,16,253.15,9.24,4050.4,delivered,2024-03-17
6423,35,112,1,393.73,0,393.73,cancelled,2025-07-27
6424,1586,189,10,492.26,0,4922.6,pending,2022-09-10
6425,719,41,2,693.85,0,1387.7,pending,2023-04-28
6426,988,85,18,378.98,0,6821.64,cancelled,2024-07-18
6427,305,11,8,67.82,0,542.56,delivered,2022-12-12
6428,417,150,13,533.49,23.05,6935.37,pending,2025-01-25
6429,86,144,4,247.92,0,991.68,pending,2025-04-05
6430,1804,158,9,150.99,0,1358.91,pending,2023-07-21
6431,382,66,5,397.63,18.56,1988.15,shipped,2025-10-12
6432,617,65,15,202.76,0,3041.4,returned,2023-11-16
6433,425,32,8,244.09,0,1952.72,cancelled,2022-10-01
6434,874,162,1,600.01,14.44,600.01,shipped,2023-01-21
6435,1668,101,2,100.03,0,200.06,shipped,2024-02-23
6436,52,123,19,58.49,0,1111.31,cancelled,2024-05-21
6437,804,178,14,354.22,4.6,4959.08,delivered,2022-04-12
6438,564,25,12,219.32,0,2631.84,returned,2023-08-17
6439,290,142,3,446.08,0,1338.24,delivered,2024-01-08
6440,717,37,1,235.47,0,235.47,returned,2025-06-12
6441,1974,140,18,966.17,0,17391.06,returned,2023-11-26
6442,272,28,18,829.59,9.1,14932.62,shipped,2022-03-17
6443,773,102,7,573.77,24.91,4016.39,returned,2023-03-13
6444,92,60,1,774.36,18.12,774.36,pending,2022-07-20
6445,1821,195,7,515.75,0,3610.25,returned,2024-02-10
6446,547,74,19,221.84,0,4214.96,cancelled,2025-12-08
6447,1407,190,10,524.31,9.51,5243.1,pending,2022-03-16
6448,1517,52,7,370.49,6,2593.43,returned,2023-03-22
6449,1483,42,17,874.09,0,14859.53,delivered,2024-11-24
6450,762,37,2,235.47,0,470.94,delivered,2025-04-19
6451,891,22,5,119.41,0,597.05,delivered,2022-06-25
6452,1220,48,6,184.21,15.05,1105.26,shipped,2024-10-10
6453,1279,175,4,211.16,28.34,844.64,pending,2023-10-07
6454,1765,104,3,386.74,0,1160.22,returned,2022-09-25
6455,1075,132,18,173.13,6.29,3116.34,pending,2024-10-04
6456,577,70,15,100.2,25.76,1503,shipped,2023-05-05
6457,876,83,8,806.73,0,6453.84,delivered,2022-05-01
6458,1287,36,10,406.43,0,4064.3,cancelled,2023-03-13
6459,844,145,9,593.41,0,5340.69,delivered,2023-08-07
6460,1203,157,10,83.71,0,837.1,returned,2025-10-13
6461,1860,45,1,639.61,0.57,639.61,delivered,2024-10-21
6462,772,50,17,724.2,0,12311.4,cancelled,2023-09-01
6463,1004,25,4,219.32,0,877.28,returned,2022-01-16
6464,1737,88,15,646.25,0,9693.75,shipped,2024-01-21
6465,1941,121,6,963.7,29.82,5782.2,cancelled,2022-05-06
6466,1932,51,17,328.87,0.48,5590.79,shipped,2024-12-04
6467,1813,48,10,184.21,0,1842.1,returned,2022-09-05
6468,1850,36,17,406.43,0,6909.31,delivered,2022-02-01
6469,1969,109,9,21.24,0,191.16,shipped,2023-10-22
6470,1575,7,12,669.43,0,8033.16,pending,2025-10-04
6471,67,49,14,875.58,0,12258.12,returned,2025-06-26
6472,1770,37,12,235.47,0,2825.64,shipped,2024-11-12
6473,344,108,18,541.06,0,9739.08,pending,2024-08-21
6474,514,97,19,305.05,0,5795.95,cancelled,2022-03-16
6475,598,194,16,510.14,0,8162.24,cancelled,2023-05-23
6476,1800,194,4,510.14,0,2040.56,cancelled,2022-03-22
6477,378,134,1,53.33,28.82,53.33,pending,2023-02-16
6478,977,77,4,97.67,0,390.68,shipped,2024-09-17
6479,362,39,16,211.25,0,3380,shipped,2024-06-11
6480,337,67,12,692.69,0,8312.28,shipped,2025-12-22
6481,1887,116,3,208.96,0,626.88,delivered,2025-10-03
6482,1491,104,19,386.74,0,7348.06,shipped,2022-08-17
6483,1855,12,17,654.54,0,11127.18,cancelled,2024-12-09
6484,728,179,7,450.55,0.48,3153.85,returned,2025-02-25
6485,1412,73,4,238.38,0,953.52,delivered,2023-07-21
6486,1604,121,18,963.7,0,17346.6,returned,2023-09-15
6487,216,161,19,81.95,0,1557.05,delivered,2024-11-03
6488,1458,157,13,83.71,0,1088.23,delivered,2024-03-20
6489,1616,114,1,139.28,0.41,139.28,returned,2025-01-19
6490,770,15,13,825.2,0,10727.6,shipped,2025-01-09
6491,442,117,16,660.46,10.83,10567.36,delivered,2025-07-28
6492,1277,14,6,550.62,27.44,3303.72,pending,2022-10-15
6493,40,178,12,354.22,0,4250.64,shipped,2025-04-09
6494,803,54,2,976.53,0,1953.06,cancelled,2024-08-24
6495,591,127,4,623.12,0,2492.48,cancelled,2024-09-13
6496,45,79,5,60.77,0,303.85,shipped,2022-05-07
6497,1590,150,12,533.49,0,6401.88,returned,2024-02-06
6498,1900,133,18,298.55,7.52,5373.9,pending,2023-04-17
6499,1849,96,17,697.43,17.1,11856.31,returned,2024-09-15
6500,749,31,10,158.16,20.2,1581.6,returned,2023-08-23
6501,41,144,8,247.92,0,1983.36,cancelled,2023-02-18
6502,1241,113,17,129.9,0,2208.3,shipped,2023-10-22
6503,121,88,4,646.25,17.54,2585,cancelled,2022-12-17
6504,936,57,17,141.75,15.27,2409.75,returned,2023-11-04
6505,552,55,13,112.9,28.98,1467.7,pending,2025-01-03
6506,212,174,1,231.71,0,231.71,pending,2022-06-25
6507,50,73,8,238.38,0,1907.04,shipped,2025-10-10
6508,1367,27,10,141.19,0,1411.9,returned,2022-01-01
6509,1467,154,16,890.6,0.18,14249.6,returned,2024-09-20
6510,1740,87,10,600.01,0,6000.1,shipped,2023-05-18
6511,1752,20,12,481.5,0,5778,pending,2022-09-01
6512,307,100,16,779.66,24.55,12474.56,returned,2022-03-27
6513,66,157,16,83.71,26.45,1339.36,pending,2022-03-15
6514,934,190,1,524.31,13.83,524.31,pending,2022-01-20
6515,245,58,10,583.34,0,5833.4,returned,2022-06-22
6516,384,176,9,850.78,0,7657.02,delivered,2024-09-04
6517,141,26,5,362.01,0,1810.05,pending,2023-09-26
6518,1105,68,11,447.71,0,4924.81,delivered,2023-03-28
6519,1304,18,2,83.56,0,167.12,cancelled,2022-05-01
6520,1132,47,10,645.14,0,6451.4,shipped,2022-06-28
6521,1717,101,4,100.03,29.33,400.12,returned,2023-04-16
6522,1938,3,17,536.43,14.46,9119.31,shipped,2025-10-27
6523,94,43,16,64.03,0,1024.48,delivered,2022-11-16
6524,305,189,15,492.26,0,7383.9,cancelled,2025-05-26
6525,529,28,13,829.59,18.85,10784.67,returned,2024-10-16
6526,893,167,14,277.82,0,3889.48,pending,2023-06-25
6527,1555,123,6,58.49,0,350.94,pending,2023-06-24
6528,1587,136,9,28.67,0,258.03,shipped,2025-11-20
6529,1133,12,19,654.54,0,12436.26,shipped,2022-07-25
6530,424,126,1,118.97,0,118.97,shipped,2024-09-10
6531,1378,68,7,447.71,0,3133.97,shipped,2022-07-27
6532,248,141,4,621.99,0,2487.96,cancelled,2024-11-18
6533,1022,30,16,125.04,0,2000.64,pending,2024-02-01
6534,1806,24,10,58.24,0,582.4,cancelled,2024-08-23
6535,1434,64,12,663.35,11.3,7960.2,delivered,2025-09-22
6536,1936,121,14,963.7,0,13491.8,delivered,2022-12-11
6537,1839,80,10,59.51,6.59,595.1,delivered,2025-04-06
6538,471,68,6,447.71,0,2686.26,shipped,2024-08-10
6539,159,162,12,600.01,2.38,7200.12,delivered,2023-04-25
6540,846,174,17,231.71,0,3939.07,delivered,2025-11-14
6541,30,79,4,60.77,0,243.08,cancelled,2023-01-12
6542,1969,110,6,77.9,27.95,467.4,pending,2022-11-28
6543,381,5,18,604.81,0,10886.58,delivered,2025-12-16
6544,1656,123,13,58.49,0,760.37,shipped,2022-05-04
6545,145,69,10,409.64,4.3,4096.4,delivered,2022-01-19
6546,256,182,13,718.6,0,9341.8,delivered,2024-07-17
6547,1335,4,17,943.2,0,16034.4,shipped,2023-03-04
6548,43,67,8,692.69,0,5541.52,cancelled,2025-07-14
6549,1939,176,6,850.78,0,5104.68,shipped,2024-06-19
6550,919,46,8,253.15,0,2025.2,pending,2023-12-01
6551,1926,166,11,616.72,0,6783.92,shipped,2025-03-08
6552,574,89,17,968.98,0,16472.66,pending,2025-11-13
6553,739,24,8,58.24,0,465.92,cancelled,2025-06-22
6554,1878,118,10,380.05,18.43,3800.5,cancelled,2023-04-07
6555,1200,100,9,779.66,0,7016.94,delivered,2025-08-25
6556,1792,196,17,542.59,6.8,9224.03,shipped,2024-04-02
6557,339,138,15,557.12,0,8356.8,returned,2025-05-02
6558,1888,75,18,95.54,0,1719.72,shipped,2023-05-14
6559,1426,59,17,631.88,0,10741.96,cancelled,2023-07-08
6560,2000,172,16,95.98,0,1535.68,pending,2023-12-01
6561,1334,131,11,652.89,0,7181.79,cancelled,2023-01-05
6562,1251,121,3,963.7,18.98,2891.1,delivered,2024-05-03
6563,1736,29,17,717.02,0,12189.34,shipped,2022-04-27
6564,911,196,12,542.59,0,6511.08,pending,2025-08-09
6565,295,120,11,239.25,0,2631.75,pending,2024-02-09
6566,1015,13,17,30.37,0,516.29,cancelled,2023-08-07
6567,449,5,17,604.81,0,10281.77,delivered,2024-01-21
6568,224,110,15,77.9,0,1168.5,pending,2025-11-13
6569,735,20,16,481.5,0,7704,returned,2024-09-03
6570,1718,4,7,943.2,5.75,6602.4,pending,2023-06-20
6571,1704,23,2,713.25,0,1426.5,returned,2023-02-05
6572,1871,85,5,378.98,0,1894.9,cancelled,2023-10-21
6573,1199,61,2,968.17,0,1936.34,shipped,2025-10-25
6574,935,110,16,77.9,0,1246.4,pending,2024-10-24
6575,1221,187,3,626.35,0,1879.05,returned,2025-05-09
6576,7,132,5,173.13,23.05,865.65,delivered,2023-08-06
6577,912,41,14,693.85,0,9713.9,delivered,2022-11-05
6578,1610,13,19,30.37,0,577.03,returned,2022-07-14
6579,1576,81,11,637.31,0,7010.41,cancelled,2023-04-15
6580,1535,90,12,592.32,0,7107.84,delivered,2024-10-21
6581,1378,163,8,241.1,0,1928.8,pending,2025-02-07
6582,1198,40,2,892.78,0,1785.56,returned,2025-04-05
6583,348,50,4,724.2,0,2896.8,cancelled,2025-09-17
6584,709,134,3,53.33,0,159.99,delivered,2025-09-09
6585,1965,101,16,100.03,0,1600.48,cancelled,2025-06-16
6586,1399,199,7,565.45,0,3958.15,pending,2022-11-17
6587,244,198,17,380.95,0,6476.15,returned,2022-03-16
6588,739,190,14,524.31,0,7340.34,delivered,2022-08-13
6589,938,185,2,326.55,0,653.1,returned,2022-06-06
6590,454,194,14,510.14,0,7141.96,delivered,2023-04-25
6591,1436,91,11,916.22,18.04,10078.42,shipped,2023-06-15
6592,300,132,5,173.13,12.76,865.65,returned,2024-08-22
6593,1740,58,3,583.34,12.58,1750.02,returned,2022-04-26
6594,1620,154,12,890.6,0,10687.2,cancelled,2023-09-18
6595,385,69,8,409.64,0,3277.12,pending,2024-10-22
6596,373,191,8,778.27,0,6226.16,cancelled,2024-05-27
6597,1721,26,6,362.01,0,2172.06,pending,2025-06-14
6598,1324,142,17,446.08,0,7583.36,pending,2023-12-24
6599,913,92,4,52.57,16.28,210.28,returned,2023-07-21
6600,1162,100,1,779.66,0,779.66,cancelled,2023-03-17
6601,177,78,4,335.71,0,1342.84,cancelled,2022-04-26
6602,1477,30,19,125.04,0,2375.76,pending,2022-08-11
6603,1366,53,4,655.86,0,2623.44,delivered,2022-09-07
6604,1354,52,8,370.49,0,2963.92,shipped,2022-04-12
6605,999,169,7,786,0,5502,returned,2023-07-03
6606,1478,64,14,663.35,0,9286.9,shipped,2025-04-25
6607,970,20,19,481.5,0,9148.5,returned,2025-04-26
6608,272,61,3,968.17,0,2904.51,delivered,2022-10-12
6609,1375,77,10,97.67,0,976.7,cancelled,2025-08-22
6610,746,128,10,216.83,0,2168.3,delivered,2022-07-06
6611,568,32,9,244.09,0,2196.81,shipped,2022-07-02
6612,335,196,8,542.59,19.54,4340.72,delivered,2025-10-03
6613,794,166,5,616.72,0,3083.6,shipped,2024-07-25
6614,892,136,1,28.67,0,28.67,pending,2024-10-01
6615,290,72,17,633.89,0,10776.13,delivered,2022-07-11
6616,450,133,16,298.55,0,4776.8,pending,2022-10-05
6617,810,98,11,66.06,22.18,726.66,returned,2022-06-07
6618,1801,108,10,541.06,0,5410.6,returned,2023-02-06
6619,20,81,14,637.31,0,8922.34,shipped,2024-06-25
6620,1644,23,8,713.25,17.69,5706,cancelled,2023-04-03
6621,412,50,6,724.2,19.79,4345.2,shipped,2024-05-12
6622,35,172,1,95.98,0,95.98,delivered,2025-04-12
6623,1607,83,7,806.73,0.09,5647.11,returned,2022-07-05
6624,1791,53,14,655.86,0,9182.04,cancelled,2022-07-21
6625,1462,171,7,845.83,0,5920.81,cancelled,2022-03-12
6626,794,12,14,654.54,0,9163.56,pending,2024-09-27
6627,799,9,7,332.46,0,2327.22,delivered,2023-01-05
6628,1296,102,3,573.77,0,1721.31,cancelled,2022-08-22
6629,1359,112,5,393.73,0,1968.65,returned,2023-03-28
6630,1217,70,12,100.2,22.64,1202.4,cancelled,2024-08-24
6631,252,50,19,724.2,0,13759.8,delivered,2023-06-03
6632,1315,47,8,645.14,0,5161.12,shipped,2022-01-28
6633,596,122,8,816.6,0,6532.8,delivered,2024-03-26
6634,1578,101,15,100.03,0,1500.45,returned,2022-10-21
6635,1901,79,13,60.77,0,790.01,shipped,2024-06-27
6636,553,125,17,142.11,0,2415.87,pending,2022-01-07
6637,1766,73,19,238.38,0,4529.22,shipped,2022-01-26
6638,91,62,16,166.62,0,2665.92,delivered,2022-02-08
6639,869,162,18,600.01,0,10800.18,returned,2025-03-10
6640,11,6,2,183.59,0,367.18,delivered,2022-06-07
6641,363,166,18,616.72,0,11100.96,returned,2024-11-19
6642,1269,88,13,646.25,0,8401.25,returned,2022-12-18
6643,1120,173,8,580.62,0,4644.96,pending,2024-09-15
6644,920,67,2,692.69,0,1385.38,shipped,2022-02-09
6645,823,22,16,119.41,0,1910.56,cancelled,2024-08-16
6646,639,74,18,221.84,27.71,3993.12,pending,2025-09-14
6647,1688,151,16,770.69,0,12331.04,shipped,2023-01-11
6648,2,154,12,890.6,10.46,10687.2,delivered,2023-06-28
6649,524,119,12,371.17,0,4454.04,shipped,2024-04-01
6650,1225,78,17,335.71,0,5707.07,returned,2025-05-12
6651,1026,194,15,510.14,0,7652.1,shipped,2024-11-24
6652,469,193,18,271.72,0,4890.96,delivered,2024-06-01
6653,143,111,18,281.59,0,5068.62,cancelled,2025-03-10
6654,393,82,18,286.13,11.31,5150.34,pending,2024-07-27
6655,1165,69,4,409.64,0.21,1638.56,shipped,2023-11-06
6656,579,194,4,510.14,0,2040.56,cancelled,2022-12-09
6657,1485,4,4,943.2,0,3772.8,cancelled,2024-02-09
6658,1259,112,13,393.73,0,5118.49,pending,2025-01-23
6659,221,64,13,663.35,0,8623.55,cancelled,2024-12-04
6660,768,34,13,827.62,23.23,10759.06,cancelled,2025-04-01
6661,1470,134,10,53.33,0,533.3,delivered,2025-10-28
6662,1242,100,12,779.66,0,9355.92,delivered,2024-06-05
6663,550,76,19,948.25,26.91,18016.75,returned,2022-06-02
6664,1375,199,11,565.45,0,6219.95,pending,2024-01-10
6665,6,167,2,277.82,22.61,555.64,pending,2023-03-02
6666,846,93,6,750.35,0,4502.1,returned,2022-05-27
6667,827,36,19,406.43,0,7722.17,cancelled,2023-04-16
6668,788,79,9,60.77,24.82,546.93,shipped,2025-02-15
6669,671,175,9,211.16,0,1900.44,pending,2022-10-06
6670,461,135,10,674.59,0,6745.9,pending,2023-05-15
6671,485,48,18,184.21,0,3315.78,returned,2024-12-09
6672,1359,173,1,580.62,6.39,580.62,cancelled,2024-10-25
6673,1565,141,16,621.99,0,9951.84,returned,2022-07-28
6674,385,147,6,214.28,9.43,1285.68,shipped,2025-07-14
6675,230,65,10,202.76,0,2027.6,delivered,2023-08-02
6676,1046,152,17,911.9,25.61,15502.3,shipped,2024-04-06
6677,1030,31,8,158.16,0,1265.28,cancelled,2023-07-24
6678,1263,114,11,139.28,0,1532.08,pending,2023-08-22
6679,1542,149,6,515.34,0,3092.04,cancelled,2022-10-07
6680,1444,166,18,616.72,23.26,11100.96,returned,2023-12-03
6681,474,132,15,173.13,5.45,2596.95,delivered,2023-03-27
6682,1253,155,3,431.01,0.58,1293.03,cancelled,2025-08-07
6683,839,58,18,583.34,25.56,10500.12,delivered,2024-12-20
6684,932,135,4,674.59,0,2698.36,returned,2023-03-13
6685,187,52,1,370.49,0,370.49,shipped,2024-08-16
6686,155,138,2,557.12,14.04,1114.24,returned,2024-05-25
6687,861,28,2,829.59,18.77,1659.18,shipped,2024-03-23
6688,1389,186,3,627.64,7.43,1882.92,delivered,2023-02-10
6689,281,46,6,253.15,0,1518.9,shipped,2022-11-15
6690,1072,83,13,806.73,0,10487.49,returned,2025-01-20
6691,102,108,8,541.06,0,4328.48,returned,2022-01-19
6692,575,23,1,713.25,0,713.25,returned,2023-10-24
6693,1595,140,3,966.17,0,2898.51,delivered,2024-06-10
6694,1104,9,7,332.46,0,2327.22,delivered,2024-10-07
6695,486,191,6,778.27,14.95,4669.62,shipped,2022-02-04
6696,1236,70,4,100.2,0,400.8,delivered,2022-03-09
6697,1880,2,12,667,29.27,8004,pending,2023-03-03
6698,591,33,16,253.97,0,4063.52,cancelled,2022-03-25
6699,1257,134,13,53.33,0,693.29,delivered,2024-07-01
6700,1152,71,18,903.42,0,16261.56,cancelled,2025-10-14
6701,1140,162,16,600.01,0,9600.16,returned,2023-04-27
6702,1552,48,18,184.21,9.84,3315.78,delivered,2025-05-17
6703,1091,32,1,244.09,0,244.09,shipped,2023-02-14
6704,1962,8,13,581.03,7.84,7553.39,delivered,2022-12-10
6705,1475,143,5,59.58,0,297.9,shipped,2025-09-06
6706,789,3,7,536.43,0,3755.01,pending,2024-07-01
6707,440,193,8,271.72,29.28,2173.76,cancelled,2025-11-05
6708,1549,52,8,370.49,3.2,2963.92,delivered,2022-06-12
6709,1662,200,19,990.22,0.02,18814.18,shipped,2023-07-01
6710,703,137,17,358.4,3.3,6092.8,shipped,2025-03-21
6711,243,58,11,583.34,0,6416.74,pending,2025-07-14
6712,1620,124,3,809.49,0,2428.47,shipped,2025-06-17
6713,1809,29,19,717.02,0,13623.38,delivered,2023-12-06
6714,1920,114,15,139.28,0,2089.2,pending,2023-11-22
6715,187,31,19,158.16,0,3005.04,pending,2024-11-05
6716,1318,117,6,660.46,14.83,3962.76,shipped,2025-11-07
6717,695,114,19,139.28,28.74,2646.32,delivered,2023-07-06
6718,389,43,7,64.03,0,448.21,pending,2023-02-12
6719,1891,10,18,859.56,0,15472.08,returned,2022-07-03
6720,1944,85,8,378.98,2.27,3031.84,delivered,2022-11-07
6721,521,194,17,510.14,0,8672.38,delivered,2023-12-24
6722,468,118,10,380.05,20.03,3800.5,returned,2024-02-25
6723,869,124,4,809.49,14.99,3237.96,returned,2022-08-07
6724,538,129,10,730.46,0,7304.6,delivered,2024-06-14
6725,1974,90,3,592.32,28.73,1776.96,shipped,2024-09-03
6726,436,51,18,328.87,0,5919.66,cancelled,2023-12-09
6727,1744,187,1,626.35,0,626.35,cancelled,2024-10-19
6728,452,41,11,693.85,26.76,7632.35,shipped,2025-12-06
6729,7,82,10,286.13,0,2861.3,shipped,2025-09-13
6730,685,85,11,378.98,3.67,4168.78,shipped,2024-01-24
6731,976,105,11,317.66,0,3494.26,pending,2024-10-24
6732,6,161,1,81.95,0,81.95,returned,2024-10-19
6733,386,162,11,600.01,0,6600.11,returned,2023-11-11
6734,1236,35,6,645.79,0,3874.74,delivered,2023-09-06
6735,151,80,15,59.51,0,892.65,cancelled,2025-10-23
6736,12,25,18,219.32,5.88,3947.76,delivered,2024-06-03
6737,1933,161,8,81.95,0,655.6,pending,2022-12-27
6738,541,148,18,72.74,0,1309.32,cancelled,2022-09-24
6739,638,65,11,202.76,0,2230.36,cancelled,2024-04-22
6740,1613,118,5,380.05,0,1900.25,cancelled,2022-08-24
6741,651,14,11,550.62,0,6056.82,cancelled,2022-05-07
6742,1527,75,3,95.54,8.55,286.62,pending,2023-06-13
6743,796,67,19,692.69,0,13161.11,delivered,2024-08-16
6744,233,138,9,557.12,0,5014.08,shipped,2025-02-19
6745,462,82,10,286.13,0,2861.3,delivered,2024-03-27
6746,1445,175,13,211.16,0,2745.08,pending,2023-02-28
6747,1149,40,8,892.78,0,7142.24,returned,2025-08-23
6748,1739,94,13,8.03,19.85,104.39,delivered,2022-11-06
6749,868,70,7,100.2,0,701.4,delivered,2025-03-20
6750,1310,36,3,406.43,0,1219.29,shipped,2023-01-12
6751,534,64,11,663.35,0,7296.85,pending,2024-05-22
6752,1899,148,16,72.74,0,1163.84,pending,2025-01-16
6753,1700,187,13,626.35,0,8142.55,shipped,2025-08-06
6754,826,76,5,948.25,18.98,4741.25,pending,2024-12-16
6755,1266,5,9,604.81,0,5443.29,delivered,2022-05-20
6756,249,174,13,231.71,0,3012.23,delivered,2024-07-09
6757,591,10,16,859.56,0,13752.96,delivered,2025-09-18
6758,416,85,4,378.98,0,1515.92,returned,2022-08-06
6759,1111,73,11,238.38,0,2622.18,shipped,2023-06-15
6760,247,3,2,536.43,0,1072.86,delivered,2025-12-06
6761,932,121,4,963.7,12.22,3854.8,returned,2023-08-19
6762,1821,188,15,176.18,0,2642.7,pending,2025-01-10
6763,414,68,14,447.71,0,6267.94,shipped,2022-01-18
6764,1387,102,10,573.77,0.69,5737.7,shipped,2023-08-25
6765,1723,50,12,724.2,0,8690.4,pending,2025-11-15
6766,1574,30,15,125.04,23.22,1875.6,pending,2024-08-24
6767,1749,59,14,631.88,3.64,8846.32,delivered,2023-08-14
6768,1714,152,4,911.9,23.91,3647.6,pending,2022-08-09
6769,509,106,13,596.1,0,7749.3,shipped,2022-01-21
6770,46,10,15,859.56,15.83,12893.4,returned,2024-09-07
6771,1919,98,4,66.06,0,264.24,cancelled,2025-03-13
6772,1673,175,18,211.16,0,3800.88,delivered,2023-03-01
6773,620,200,3,990.22,0,2970.66,shipped,2025-07-11
6774,750,114,7,139.28,0,974.96,cancelled,2025-02-03
6775,525,153,9,22.28,0,200.52,pending,2025-05-12
6776,1615,40,6,892.78,5.58,5356.68,shipped,2024-09-25
6777,509,192,12,576.21,0,6914.52,pending,2024-05-06
6778,465,154,8,890.6,0,7124.8,shipped,2023-08-05
6779,342,125,17,142.11,4.06,2415.87,delivered,2022-05-08
6780,815,58,1,583.34,28.02,583.34,returned,2023-02-08
6781,605,134,8,53.33,23.28,426.64,pending,2023-07-11
6782,1752,167,14,277.82,0,3889.48,shipped,2023-07-26
6783,1765,3,6,536.43,3.56,3218.58,shipped,2022-02-19
6784,685,136,2,28.67,0,57.34,returned,2024-11-12
6785,1707,83,4,806.73,21.73,3226.92,returned,2024-03-06
6786,1680,65,1,202.76,26.21,202.76,delivered,2023-09-21
6787,359,168,10,701.25,4.7,7012.5,cancelled,2025-05-22
6788,1259,170,5,944.19,0,4720.95,returned,2023-11-13
6789,252,54,13,976.53,0,12694.89,shipped,2024-09-12
6790,509,168,1,701.25,0,701.25,delivered,2024-04-01
6791,148,97,1,305.05,0,305.05,delivered,2022-11-15
6792,1354,196,10,542.59,0,5425.9,returned,2023-11-18
6793,1832,193,2,271.72,1.74,543.44,pending,2025-09-03
6794,1357,139,4,43.53,4.99,174.12,returned,2022-05-08
6795,817,116,6,208.96,18.91,1253.76,delivered,2022-04-11
6796,1467,60,8,774.36,27.05,6194.88,returned,2022-05-20
6797,104,140,16,966.17,0,15458.72,pending,2022-03-10
6798,1236,2,4,667,0,2668,returned,2023-09-06
6799,680,75,16,95.54,0,1528.64,pending,2025-02-01
6800,1416,49,14,875.58,0,12258.12,cancelled,2023-09-16
6801,176,114,16,139.28,19.16,2228.48,shipped,2022-02-14
6802,690,165,12,583.18,0,6998.16,cancelled,2025-08-27
6803,1393,5,17,604.81,23.58,10281.77,shipped,2024-01-25
6804,1012,52,2,370.49,0,740.98,delivered,2022-01-22
6805,1795,72,16,633.89,0,10142.24,returned,2024-10-25
6806,977,196,2,542.59,0,1085.18,pending,2024-11-17
6807,1446,200,14,990.22,0,13863.08,cancelled,2024-04-19
6808,1787,31,8,158.16,0,1265.28,cancelled,2022-03-19
6809,1215,188,1,176.18,0,176.18,cancelled,2024-02-21
6810,1331,19,14,437.6,15.01,6126.4,pending,2025-08-02
6811,623,147,9,214.28,0,1928.52,shipped,2022-07-23
6812,783,188,14,176.18,0,2466.52,pending,2022-11-17
6813,1960,69,10,409.64,0,4096.4,pending,2025-10-24
6814,945,14,5,550.62,0,2753.1,delivered,2022-09-05
6815,1052,76,4,948.25,19.44,3793,shipped,2023-05-18
6816,435,33,12,253.97,19.14,3047.64,returned,2022-08-21
6817,713,128,16,216.83,0,3469.28,shipped,2025-06-08
6818,120,11,13,67.82,0,881.66,pending,2025-11-27
6819,64,39,17,211.25,0,3591.25,returned,2024-08-01
6820,59,50,8,724.2,0,5793.6,returned,2022-09-24
6821,1434,127,12,623.12,0,7477.44,delivered,2025-04-20
6822,1540,12,8,654.54,0,5236.32,shipped,2023-11-05
6823,1170,102,16,573.77,0,9180.32,pending,2022-04-13
6824,1207,90,16,592.32,16.01,9477.12,returned,2024-02-20
6825,1694,110,4,77.9,0,311.6,delivered,2023-11-10
6826,778,159,19,174.14,0,3308.66,cancelled,2025-10-20
6827,1734,61,5,968.17,0,4840.85,cancelled,2022-07-15
6828,870,43,12,64.03,0,768.36,delivered,2023-12-16
6829,1099,195,14,515.75,0,7220.5,returned,2025-12-13
6830,1253,46,4,253.15,0,1012.6,pending,2022-02-28
6831,649,191,9,778.27,0,7004.43,pending,2024-09-10
6832,967,65,10,202.76,0,2027.6,pending,2024-06-16
6833,1941,184,8,385.1,27.32,3080.8,shipped,2023-09-15
6834,1529,99,15,47.38,25.52,710.7,shipped,2023-05-09
6835,881,116,18,208.96,0,3761.28,cancelled,2024-02-03
6836,278,71,2,903.42,0,1806.84,cancelled,2023-04-14
6837,1726,157,17,83.71,6.9,1423.07,returned,2024-06-16
6838,1148,170,8,944.19,0,7553.52,cancelled,2022-07-05
6839,1327,177,5,350.23,0,1751.15,delivered,2022-03-15
6840,1392,53,6,655.86,0,3935.16,delivered,2023-02-28
6841,876,44,16,690.47,0,11047.52,delivered,2025-06-08
6842,268,174,6,231.71,0,1390.26,returned,2022-08-08
6843,628,56,8,561.69,0,4493.52,shipped,2025-04-12
6844,1956,14,1,550.62,0,550.62,cancelled,2024-08-02
6845,1200,121,10,963.7,7.28,9637,shipped,2023-03-02
6846,932,191,10,778.27,0,7782.7,returned,2024-10-04
6847,494,104,13,386.74,4.24,5027.62,shipped,2024-08-25
6848,309,123,5,58.49,0,292.45,returned,2023-08-03
6849,702,78,17,335.71,0,5707.07,returned,2024-08-08
6850,1162,10,1,859.56,13.3,859.56,shipped,2022-06-15
6851,974,35,17,645.79,0,10978.43,shipped,2025-01-28
6852,227,103,4,661.57,8.38,2646.28,cancelled,2023-02-12
6853,1127,180,2,774.95,0,1549.9,cancelled,2024-08-08
6854,1793,122,14,816.6,0,11432.4,shipped,2023-05-20
6855,345,165,9,583.18,0,5248.62,cancelled,2024-07-19
6856,540,155,9,431.01,0,3879.09,cancelled,2025-04-18
6857,1745,182,9,718.6,0,6467.4,shipped,2025-12-09
6858,588,152,12,911.9,0,10942.8,returned,2023-04-16
6859,1899,90,8,592.32,0,4738.56,delivered,2023-08-11
6860,1005,73,12,238.38,0,2860.56,delivered,2025-02-05
6861,1509,69,10,409.64,0,4096.4,cancelled,2022-07-20
6862,1536,199,1,565.45,0,565.45,pending,2024-04-14
6863,1290,158,18,150.99,0,2717.82,delivered,2024-12-01
6864,1334,130,14,420.65,0,5889.1,delivered,2022-08-06
6865,1144,109,17,21.24,4.12,361.08,shipped,2025-02-25
6866,504,92,2,52.57,0,105.14,delivered,2025-01-16
6867,614,12,13,654.54,0,8509.02,cancelled,2025-12-06
6868,78,25,10,219.32,0,2193.2,pending,2022-01-04
6869,1405,29,8,717.02,0.83,5736.16,cancelled,2022-07-06
6870,763,143,2,59.58,0,119.16,cancelled,2025-11-15
6871,34,16,17,846.4,23.81,14388.8,delivered,2023-12-23
6872,983,6,1,183.59,0,183.59,shipped,2023-02-27
6873,374,33,7,253.97,0,1777.79,delivered,2022-01-17
6874,1299,101,2,100.03,0,200.06,returned,2023-09-04
6875,1789,185,11,326.55,0,3592.05,delivered,2025-10-21
6876,1967,9,2,332.46,0,664.92,returned,2024-01-02
6877,1447,188,5,176.18,0,880.9,pending,2024-03-23
6878,413,175,18,211.16,8.56,3800.88,cancelled,2025-06-14
6879,698,114,7,139.28,0,974.96,shipped,2024-01-14
6880,11,195,5,515.75,0,2578.75,pending,2025-02-28
6881,700,186,5,627.64,0,3138.2,returned,2025-01-05
6882,729,120,8,239.25,12.68,1914,pending,2023-05-14
6883,1119,103,12,661.57,0,7938.84,returned,2025-10-23
6884,1702,159,13,174.14,6.69,2263.82,pending,2025-07-02
6885,1977,177,19,350.23,0,6654.37,pending,2022-07-16
6886,1832,75,12,95.54,0,1146.48,shipped,2024-11-17
6887,1921,188,1,176.18,0,176.18,pending,2022-06-26
6888,1581,135,6,674.59,0,4047.54,pending,2023-03-09
6889,102,148,9,72.74,2.77,654.66,delivered,2024-08-28
6890,1926,139,10,43.53,0,435.3,pending,2023-06-13
6891,1175,142,6,446.08,18.13,2676.48,delivered,2022-01-04
6892,412,29,7,717.02,0.56,5019.14,delivered,2025-08-27
6893,881,77,19,97.67,28.55,1855.73,returned,2023-02-16
6894,1854,46,1,253.15,0,253.15,shipped,2022-02-28
6895,247,12,5,654.54,15.63,3272.7,returned,2025-09-22
6896,937,124,12,809.49,18.72,9713.88,shipped,2024-07-08
6897,245,199,15,565.45,0,8481.75,cancelled,2024-06-02
6898,1440,51,2,328.87,15.12,657.74,delivered,2025-05-24
6899,195,153,16,22.28,0,356.48,delivered,2024-01-03
6900,1632,155,8,431.01,5.96,3448.08,delivered,2024-05-10
6901,1610,135,10,674.59,0,6745.9,delivered,2022-05-06
6902,1628,123,11,58.49,0,643.39,returned,2025-09-12
6903,116,62,3,166.62,0,499.86,shipped,2023-04-19
6904,763,146,2,629.33,0,1258.66,returned,2024-11-07
6905,1506,199,2,565.45,0,1130.9,shipped,2023-11-08
6906,734,59,18,631.88,0,11373.84,returned,2024-06-03
6907,1983,175,14,211.16,20.4,2956.24,returned,2025-10-13
6908,889,49,11,875.58,0,9631.38,cancelled,2022-06-08
6909,1163,94,3,8.03,0,24.09,cancelled,2023-06-08
6910,1309,75,15,95.54,0,1433.1,pending,2023-03-14
6911,434,23,14,713.25,0,9985.5,cancelled,2024-07-12
6912,549,59,7,631.88,0,4423.16,shipped,2022-03-05
6913,1765,137,2,358.4,0,716.8,delivered,2023-10-24
6914,1327,66,11,397.63,0,4373.93,delivered,2022-04-10
6915,523,57,12,141.75,0,1701,shipped,2024-10-04
6916,681,179,10,450.55,27.55,4505.5,returned,2022-04-23
6917,109,193,8,271.72,12.89,2173.76,cancelled,2022-01-28
6918,1596,112,17,393.73,22.18,6693.41,pending,2023-02-06
6919,1459,28,4,829.59,19.38,3318.36,cancelled,2023-06-06
6920,790,77,8,97.67,4.27,781.36,delivered,2023-11-24
6921,1400,182,15,718.6,0,10779,pending,2023-10-28
6922,1026,21,19,554.6,0,10537.4,returned,2022-12-21
6923,1449,79,3,60.77,17.03,182.31,cancelled,2022-12-18
6924,1671,10,9,859.56,0,7736.04,returned,2024-06-20
6925,118,195,3,515.75,0,1547.25,pending,2023-03-23
6926,1811,184,16,385.1,12.16,6161.6,cancelled,2023-05-24
6927,1993,114,9,139.28,0,1253.52,pending,2024-11-04
6928,1449,131,13,652.89,0,8487.57,delivered,2023-01-12
6929,63,77,11,97.67,17.04,1074.37,pending,2025-07-07
6930,452,185,3,326.55,0.72,979.65,cancelled,2025-07-11
6931,793,137,1,358.4,24.55,358.4,shipped,2025-06-26
6932,122,175,16,211.16,9.89,3378.56,delivered,2024-09-01
6933,34,9,13,332.46,0,4321.98,cancelled,2024-09-10
6934,663,5,1,604.81,18.36,604.81,returned,2022-01-23
6935,1893,173,1,580.62,0,580.62,cancelled,2023-11-26
6936,1282,108,6,541.06,13.67,3246.36,delivered,2024-09-20
6937,332,157,14,83.71,12.24,1171.94,shipped,2024-09-25
6938,552,63,8,560.31,0,4482.48,returned,2023-06-01
6939,422,159,1,174.14,24.8,174.14,returned,2025-04-09
6940,306,162,6,600.01,9.06,3600.06,shipped,2024-01-17
6941,646,195,10,515.75,0,5157.5,delivered,2025-10-17
6942,1105,192,18,576.21,0,10371.78,returned,2024-05-17
6943,1411,135,1,674.59,27.01,674.59,pending,2022-06-13
6944,806,58,8,583.34,23.64,4666.72,delivered,2022-11-17
6945,797,88,3,646.25,20.24,1938.75,shipped,2022-06-17
6946,885,160,14,574.94,13.13,8049.16,cancelled,2025-02-14
6947,20,112,16,393.73,0,6299.68,cancelled,2023-07-21
6948,1773,102,7,573.77,0,4016.39,returned,2025-07-22
6949,1118,127,9,623.12,0,5608.08,shipped,2024-01-24
6950,771,41,19,693.85,0,13183.15,pending,2024-06-15
6951,1194,112,11,393.73,25.55,4331.03,returned,2022-06-02
6952,1813,164,10,527.51,0,5275.1,shipped,2022-06-19
6953,1775,176,14,850.78,0,11910.92,pending,2024-09-01
6954,329,119,1,371.17,0,371.17,cancelled,2025-07-18
6955,1256,20,1,481.5,8.95,481.5,cancelled,2024-06-08
6956,450,9,3,332.46,0,997.38,shipped,2022-11-03
6957,252,38,15,458.13,16.82,6871.95,cancelled,2024-11-11
6958,824,144,16,247.92,0,3966.72,returned,2025-06-08
6959,1753,157,2,83.71,0,167.42,returned,2022-01-17
6960,944,162,7,600.01,0,4200.07,delivered,2025-04-14
6961,1306,41,16,693.85,0,11101.6,cancelled,2022-10-10
6962,661,184,6,385.1,0,2310.6,returned,2025-01-28
6963,1435,29,19,717.02,0,13623.38,delivered,2024-01-24
6964,1496,183,12,656.46,0,7877.52,delivered,2025-01-23
6965,1181,160,16,574.94,0,9199.04,cancelled,2023-11-04
6966,1520,49,13,875.58,0,11382.54,shipped,2024-11-12
6967,478,106,14,596.1,0,8345.4,delivered,2024-08-19
6968,807,151,10,770.69,0,7706.9,shipped,2025-12-01
6969,1215,3,1,536.43,21.88,536.43,pending,2022-04-15
6970,604,168,9,701.25,0,6311.25,returned,2025-03-21
6971,884,162,8,600.01,0,4800.08,delivered,2022-10-19
6972,646,6,1,183.59,0,183.59,returned,2022-10-25
6973,1594,167,17,277.82,2.08,4722.94,cancelled,2024-02-17
6974,788,56,18,561.69,0,10110.42,shipped,2023-12-03
6975,1665,101,16,100.03,28.8,1600.48,cancelled,2025-11-27
6976,50,80,18,59.51,0,1071.18,returned,2022-05-16
6977,778,133,17,298.55,0,5075.35,cancelled,2024-06-28
6978,935,97,1,305.05,0,305.05,cancelled,2023-03-07
6979,500,178,10,354.22,0,3542.2,returned,2025-04-05
6980,327,152,4,911.9,15.31,3647.6,shipped,2024-03-12
6981,676,2,11,667,0,7337,pending,2022-11-01
6982,1074,43,18,64.03,0,1152.54,cancelled,2025-10-03
6983,468,172,2,95.98,0,191.96,delivered,2023-03-21
6984,1374,120,16,239.25,18.76,3828,cancelled,2024-03-20
6985,2000,35,13,645.79,0,8395.27,cancelled,2022-12-23
6986,130,69,1,409.64,14.07,409.64,pending,2025-02-26
6987,134,32,3,244.09,0,732.27,delivered,2025-11-11
6988,1819,197,17,822.64,8.05,13984.88,shipped,2022-08-25
6989,880,108,16,541.06,0,8656.96,pending,2025-01-06
6990,344,142,14,446.08,0,6245.12,delivered,2023-02-26
6991,307,21,8,554.6,27.29,4436.8,delivered,2025-06-17
6992,1567,75,7,95.54,27.38,668.78,shipped,2025-08-04
6993,148,36,11,406.43,9.44,4470.73,delivered,2022-12-21
6994,468,89,8,968.98,0,7751.84,returned,2024-11-13
6995,259,84,1,903.84,0,903.84,pending,2024-08-23
6996,517,140,8,966.17,0,7729.36,returned,2025-06-16
6997,42,199,4,565.45,0,2261.8,delivered,2025-04-26
6998,503,88,11,646.25,0,7108.75,shipped,2024-06-19
6999,891,185,6,326.55,8.31,1959.3,delivered,2022-10-01
7000,1495,91,12,916.22,22.8,10994.64,cancelled,2024-06-14
7001,1093,164,8,527.51,2.29,4220.08,delivered,2022-08-19
7002,1706,164,19,527.51,0,10022.69,delivered,2023-04-08
7003,899,79,9,60.77,0,546.93,pending,2024-01-14
7004,865,69,18,409.64,0,7373.52,delivered,2025-11-14
7005,730,112,18,393.73,0,7087.14,shipped,2023-08-08
7006,114,2,4,667,0,2668,pending,2022-03-08
7007,276,186,5,627.64,0,3138.2,returned,2022-03-19
7008,913,117,6,660.46,0,3962.76,shipped,2025-09-14
7009,653,117,12,660.46,0,7925.52,cancelled,2025-01-26
7010,1564,112,1,393.73,24.49,393.73,pending,2023-11-07
7011,1174,199,8,565.45,0,4523.6,delivered,2023-12-02
7012,1061,34,16,827.62,12.21,13241.92,returned,2022-08-13
7013,608,157,16,83.71,0,1339.36,cancelled,2025-09-14
7014,1768,48,15,184.21,0,2763.15,pending,2022-01-15
7015,552,198,14,380.95,0,5333.3,pending,2024-07-24
7016,1854,64,2,663.35,0,1326.7,returned,2024-05-19
7017,1507,199,15,565.45,0,8481.75,delivered,2024-09-10
7018,1704,148,16,72.74,25.58,1163.84,pending,2024-01-13
7019,66,55,13,112.9,0,1467.7,delivered,2022-06-10
7020,722,146,18,629.33,0,11327.94,pending,2025-06-03
7021,1643,99,12,47.38,0,568.56,returned,2024-08-03
7022,487,162,1,600.01,1.66,600.01,returned,2025-12-18
7023,45,100,2,779.66,0,1559.32,pending,2022-04-09
7024,376,43,15,64.03,9.52,960.45,cancelled,2025-09-07
7025,209,91,17,916.22,0,15575.74,pending,2024-06-26
7026,1878,25,5,219.32,3.47,1096.6,returned,2024-07-23
7027,1161,128,16,216.83,19.24,3469.28,returned,2023-11-23
7028,261,17,15,122.61,0,1839.15,shipped,2022-06-23
7029,1145,199,7,565.45,0,3958.15,returned,2022-03-12
7030,513,42,17,874.09,0,14859.53,returned,2022-05-08
7031,1338,91,19,916.22,0,17408.18,shipped,2025-06-09
7032,277,66,2,397.63,0,795.26,shipped,2023-09-12
7033,58,7,5,669.43,17.78,3347.15,cancelled,2025-10-20
7034,1677,32,3,244.09,1.21,732.27,cancelled,2024-11-15
7035,282,127,16,623.12,27.33,9969.92,pending,2025-07-28
7036,392,145,7,593.41,17.47,4153.87,delivered,2023-05-03
7037,119,181,14,824.33,0,11540.62,delivered,2025-08-01
7038,953,106,14,596.1,0,8345.4,cancelled,2025-03-16
7039,1720,117,3,660.46,0,1981.38,pending,2024-04-15
7040,1671,30,19,125.04,0,2375.76,cancelled,2022-11-12
7041,1912,162,9,600.01,0,5400.09,shipped,2022-10-01
7042,1859,191,13,778.27,8.8,10117.51,shipped,2023-07-04
7043,1886,17,1,122.61,0,122.61,shipped,2025-12-21
7044,738,93,18,750.35,0,13506.3,shipped,2023-07-10
7045,1569,18,14,83.56,7.11,1169.84,delivered,2025-07-14
7046,1020,35,13,645.79,0,8395.27,cancelled,2025-05-06
7047,383,192,9,576.21,20.99,5185.89,pending,2023-03-21
7048,493,15,9,825.2,0,7426.8,pending,2023-06-21
7049,828,41,3,693.85,19.12,2081.55,cancelled,2022-03-18
7050,1512,177,4,350.23,25.28,1400.92,returned,2022-05-08
7051,1600,73,19,238.38,0.78,4529.22,returned,2024-04-17
7052,1299,47,3,645.14,0,1935.42,delivered,2023-09-07
7053,1259,159,3,174.14,0,522.42,delivered,2022-08-01
7054,154,149,6,515.34,26.99,3092.04,pending,2025-06-06
7055,623,67,14,692.69,22.74,9697.66,delivered,2022-05-01
7056,546,123,3,58.49,0,175.47,delivered,2022-05-21
7057,1331,16,4,846.4,0,3385.6,cancelled,2025-10-01
7058,1599,92,2,52.57,0,105.14,cancelled,2023-09-09
7059,1612,119,9,371.17,0,3340.53,returned,2024-05-28
7060,259,184,16,385.1,0,6161.6,cancelled,2023-01-24
7061,1363,3,5,536.43,28.34,2682.15,pending,2022-11-28
7062,213,78,10,335.71,0,3357.1,returned,2025-01-17
7063,790,6,16,183.59,0,2937.44,delivered,2022-07-18
7064,1106,95,15,988.58,4.31,14828.7,shipped,2022-01-06
7065,675,119,10,371.17,0,3711.7,pending,2024-01-24
7066,1164,159,6,174.14,0,1044.84,pending,2023-06-07
7067,1402,66,2,397.63,27.09,795.26,pending,2023-11-12
7068,1752,62,3,166.62,0,499.86,cancelled,2025-03-25
7069,156,77,18,97.67,12.04,1758.06,returned,2025-01-16
7070,246,25,13,219.32,0,2851.16,pending,2022-05-11
7071,164,184,1,385.1,3.2,385.1,shipped,2024-05-13
7072,796,20,8,481.5,3.08,3852,shipped,2024-02-04
7073,1473,124,9,809.49,0,7285.41,delivered,2023-04-09
7074,414,80,19,59.51,26.83,1130.69,shipped,2024-07-11
7075,1471,44,17,690.47,18.83,11737.99,cancelled,2024-10-25
7076,1643,162,9,600.01,0,5400.09,shipped,2024-03-07
7077,1601,43,8,64.03,0,512.24,pending,2023-04-15
7078,323,20,16,481.5,28.15,7704,cancelled,2024-11-03
7079,679,15,11,825.2,0,9077.2,shipped,2024-07-09
7080,444,189,5,492.26,0,2461.3,cancelled,2025-10-09
7081,1043,29,4,717.02,0,2868.08,pending,2025-11-14
7082,1804,155,7,431.01,2.3,3017.07,delivered,2023-01-10
7083,4,149,14,515.34,22.88,7214.76,pending,2025-05-25
7084,70,120,2,239.25,14.99,478.5,delivered,2025-10-26
7085,1987,23,17,713.25,0,12125.25,pending,2022-01-10
7086,161,69,17,409.64,8.24,6963.88,pending,2023-08-01
7087,306,64,10,663.35,2.3,6633.5,cancelled,2025-09-26
7088,642,172,19,95.98,8.8,1823.62,cancelled,2024-09-25
7089,1966,65,18,202.76,22.51,3649.68,cancelled,2023-06-17
7090,735,70,18,100.2,0,1803.6,pending,2023-06-09
7091,1777,53,13,655.86,26.42,8526.18,pending,2024-06-27
7092,405,4,12,943.2,0,11318.4,cancelled,2025-04-19
7093,634,200,1,990.22,0,990.22,cancelled,2025-10-26
7094,375,198,16,380.95,8.47,6095.2,cancelled,2024-03-25
7095,1418,10,13,859.56,13.34,11174.28,cancelled,2022-01-10
7096,376,92,1,52.57,20.74,52.57,delivered,2022-10-12
7097,1576,178,14,354.22,0,4959.08,delivered,2025-10-04
7098,843,85,19,378.98,0,7200.62,shipped,2024-11-04
7099,1924,145,9,593.41,0,5340.69,cancelled,2025-10-23
7100,558,87,18,600.01,0,10800.18,cancelled,2023-02-15
7101,302,137,12,358.4,0,4300.8,cancelled,2025-08-10
7102,381,43,12,64.03,15.21,768.36,delivered,2023-09-13
7103,328,44,17,690.47,0,11737.99,cancelled,2024-02-13
7104,1925,55,14,112.9,0,1580.6,returned,2023-06-19
7105,1555,180,1,774.95,0,774.95,delivered,2025-02-24
7106,404,124,13,809.49,0,10523.37,pending,2022-02-22
7107,192,123,17,58.49,0,994.33,returned,2023-04-04
7108,1348,102,2,573.77,0,1147.54,shipped,2023-08-07
7109,1114,100,15,779.66,0,11694.9,cancelled,2025-04-01
7110,876,1,15,932.66,0,13989.9,pending,2022-08-23
7111,62,25,2,219.32,0,438.64,cancelled,2025-05-17
7112,24,31,4,158.16,0,632.64,shipped,2024-11-16
7113,1495,99,17,47.38,0,805.46,shipped,2025-01-24
7114,1877,33,18,253.97,25.04,4571.46,pending,2023-12-19
7115,555,88,10,646.25,11.15,6462.5,pending,2025-01-14
7116,1052,47,1,645.14,26.4,645.14,shipped,2023-06-15
7117,721,70,14,100.2,0,1402.8,cancelled,2023-04-08
7118,1052,23,13,713.25,0,9272.25,cancelled,2023-02-18
7119,1892,96,1,697.43,27.57,697.43,pending,2024-10-25
7120,205,63,9,560.31,0,5042.79,delivered,2025-05-12
7121,1870,91,16,916.22,13.03,14659.52,pending,2023-03-09
7122,733,33,14,253.97,13.29,3555.58,delivered,2022-04-07
7123,520,43,1,64.03,0,64.03,delivered,2024-11-16
7124,904,98,9,66.06,0,594.54,returned,2025-10-17
7125,689,46,19,253.15,7.33,4809.85,returned,2022-12-15
7126,354,33,7,253.97,0,1777.79,delivered,2023-08-01
7127,780,99,8,47.38,0,379.04,pending,2023-03-05
7128,1903,112,14,393.73,20.32,5512.22,cancelled,2023-10-15
7129,1041,160,8,574.94,20.61,4599.52,pending,2023-12-04
7130,840,130,2,420.65,0,841.3,pending,2023-03-15
7131,1196,11,2,67.82,0,135.64,cancelled,2023-01-25
7132,1360,41,12,693.85,0,8326.2,pending,2022-03-03
7133,1158,41,16,693.85,0,11101.6,delivered,2023-01-04
7134,1669,48,3,184.21,0,552.63,shipped,2023-12-17
7135,55,71,6,903.42,0,5420.52,delivered,2023-08-19
7136,204,15,19,825.2,0,15678.8,returned,2025-05-13
7137,317,133,1,298.55,0,298.55,delivered,2025-06-26
7138,1132,165,4,583.18,19.34,2332.72,pending,2023-10-01
7139,164,197,15,822.64,0,12339.6,returned,2022-09-07
7140,1641,179,9,450.55,21.25,4054.95,returned,2022-11-25
7141,1602,194,16,510.14,0,8162.24,returned,2025-07-18
7142,1873,23,1,713.25,0,713.25,returned,2025-08-28
7143,364,106,9,596.1,0,5364.9,returned,2022-07-21
7144,1850,93,9,750.35,0,6753.15,pending,2023-10-03
7145,1941,158,5,150.99,0,754.95,pending,2022-12-08
7146,588,152,17,911.9,0,15502.3,delivered,2022-09-02
7147,889,173,16,580.62,0,9289.92,pending,2025-06-18
7148,1819,59,12,631.88,0,7582.56,returned,2024-03-14
7149,1195,51,9,328.87,0,2959.83,cancelled,2024-09-19
7150,567,81,1,637.31,0,637.31,delivered,2023-06-09
7151,693,152,4,911.9,24.33,3647.6,delivered,2024-06-19
7152,1063,188,9,176.18,0,1585.62,delivered,2023-09-28
7153,1410,46,5,253.15,0,1265.75,pending,2025-02-13
7154,977,105,14,317.66,2.35,4447.24,cancelled,2023-12-13
7155,200,22,18,119.41,14.12,2149.38,shipped,2025-11-18
7156,395,17,3,122.61,0,367.83,returned,2025-04-04
7157,746,60,19,774.36,0,14712.84,delivered,2023-03-24
7158,858,86,18,789.99,0,14219.82,delivered,2022-06-20
7159,1230,133,12,298.55,0,3582.6,pending,2022-02-24
7160,672,73,18,238.38,0,4290.84,shipped,2022-12-08
7161,104,143,9,59.58,0,536.22,shipped,2023-11-13
7162,1584,112,7,393.73,0,2756.11,delivered,2024-02-10
7163,1273,44,10,690.47,0,6904.7,cancelled,2023-02-24
7164,338,92,4,52.57,0,210.28,delivered,2025-09-02
7165,128,106,9,596.1,24.76,5364.9,shipped,2025-01-28
7166,242,41,11,693.85,0,7632.35,delivered,2024-11-15
7167,1065,104,7,386.74,0,2707.18,pending,2023-06-24
7168,936,20,7,481.5,0,3370.5,cancelled,2023-12-11
7169,936,185,3,326.55,0,979.65,delivered,2025-10-09
7170,916,161,10,81.95,0,819.5,shipped,2024-09-13
7171,1675,25,7,219.32,21.8,1535.24,pending,2022-12-23
7172,811,138,16,557.12,0,8913.92,delivered,2023-03-27
7173,934,54,4,976.53,0,3906.12,shipped,2024-08-16
7174,1311,132,6,173.13,0,1038.78,returned,2023-08-02
7175,931,23,11,713.25,0,7845.75,delivered,2022-05-17
7176,109,11,3,67.82,0,203.46,shipped,2022-10-10
7177,1929,8,15,581.03,0,8715.45,shipped,2023-06-17
7178,1521,112,7,393.73,0,2756.11,pending,2024-08-18
7179,1058,107,15,829.1,0,12436.5,delivered,2023-04-04
7180,1021,55,5,112.9,0,564.5,returned,2024-03-01
7181,1886,117,3,660.46,0,1981.38,delivered,2025-05-17
7182,1723,148,19,72.74,0,1382.06,shipped,2023-06-21
7183,1993,187,18,626.35,0,11274.3,shipped,2022-11-07
7184,457,88,8,646.25,0,5170,delivered,2022-06-01
7185,1633,148,10,72.74,0,727.4,returned,2022-05-22
7186,960,90,18,592.32,0,10661.76,cancelled,2022-10-27
7187,1477,37,12,235.47,10.11,2825.64,delivered,2024-04-06
7188,499,132,14,173.13,8.21,2423.82,pending,2025-01-02
7189,1171,162,13,600.01,25.94,7800.13,returned,2024-08-19
7190,504,70,18,100.2,17.51,1803.6,delivered,2024-02-09
7191,1818,193,5,271.72,0,1358.6,cancelled,2025-05-19
7192,1245,131,4,652.89,0,2611.56,pending,2025-03-25
7193,1066,126,6,118.97,20.81,713.82,shipped,2022-09-11
7194,302,193,15,271.72,0,4075.8,delivered,2023-12-01
7195,507,187,2,626.35,6.46,1252.7,pending,2022-09-05
7196,1135,165,18,583.18,6.63,10497.24,cancelled,2025-09-03
7197,1041,17,7,122.61,7.49,858.27,pending,2024-04-20
7198,761,65,3,202.76,19.54,608.28,returned,2022-03-19
7199,366,73,19,238.38,0,4529.22,delivered,2024-08-13
7200,886,197,1,822.64,0,822.64,returned,2022-07-15
7201,1287,86,3,789.99,0,2369.97,pending,2025-02-02
7202,1453,148,7,72.74,0,509.18,returned,2025-04-04
7203,1337,79,9,60.77,0,546.93,delivered,2023-09-06
7204,1170,75,18,95.54,0,1719.72,cancelled,2025-02-21
7205,1073,165,13,583.18,9.34,7581.34,shipped,2025-04-24
7206,893,164,17,527.51,0,8967.67,shipped,2023-08-11
7207,1380,146,8,629.33,0,5034.64,returned,2025-05-22
7208,196,72,2,633.89,0,1267.78,delivered,2023-12-23
7209,1349,108,18,541.06,0,9739.08,returned,2023-08-19
7210,1407,40,19,892.78,0,16962.82,pending,2025-09-25
7211,163,100,11,779.66,0,8576.26,delivered,2025-04-07
7212,1616,186,9,627.64,0,5648.76,cancelled,2025-09-14
7213,447,119,8,371.17,0,2969.36,cancelled,2023-05-10
7214,995,199,11,565.45,0,6219.95,returned,2022-03-03
7215,1046,81,15,637.31,0,9559.65,cancelled,2022-03-17
7216,394,88,8,646.25,0,5170,delivered,2023-02-02
7217,355,198,14,380.95,0,5333.3,cancelled,2023-04-21
7218,1687,188,7,176.18,0,1233.26,delivered,2022-11-02
7219,590,37,2,235.47,0,470.94,returned,2023-12-11
7220,852,15,14,825.2,3.97,11552.8,delivered,2024-08-08
7221,1981,68,13,447.71,0,5820.23,delivered,2025-06-23
7222,1135,122,18,816.6,0,14698.8,delivered,2025-10-18
7223,165,45,19,639.61,0.17,12152.59,returned,2025-03-02
7224,478,122,15,816.6,16.75,12249,pending,2025-09-01
7225,152,11,17,67.82,0,1152.94,pending,2022-11-16
7226,1976,83,10,806.73,0,8067.3,returned,2022-10-24
7227,1127,193,10,271.72,4.54,2717.2,returned,2023-06-15
7228,1472,60,9,774.36,0,6969.24,pending,2024-09-10
7229,1462,87,11,600.01,4.48,6600.11,pending,2024-03-16
7230,587,162,9,600.01,0,5400.09,pending,2024-04-09
7231,124,10,14,859.56,8.75,12033.84,returned,2022-01-17
7232,806,173,7,580.62,0,4064.34,shipped,2025-03-10
7233,298,67,10,692.69,0,6926.9,cancelled,2024-03-06
7234,404,151,9,770.69,0,6936.21,delivered,2024-04-15
7235,603,134,7,53.33,0,373.31,cancelled,2025-05-06
7236,1027,74,9,221.84,0,1996.56,pending,2023-11-18
7237,1894,183,4,656.46,0,2625.84,delivered,2024-02-23
7238,300,192,19,576.21,15.5,10947.99,pending,2022-06-15
7239,300,104,11,386.74,0,4254.14,shipped,2023-03-24
7240,508,17,18,122.61,13.28,2206.98,returned,2022-05-15
7241,1526,170,10,944.19,24.43,9441.9,shipped,2025-05-24
7242,728,179,16,450.55,0,7208.8,returned,2024-03-26
7243,1357,148,15,72.74,0,1091.1,cancelled,2025-05-01
7244,451,6,8,183.59,0,1468.72,returned,2023-07-21
7245,1347,28,12,829.59,0,9955.08,delivered,2022-02-12
7246,481,163,8,241.1,12.57,1928.8,cancelled,2025-08-18
7247,1591,4,15,943.2,22.15,14148,pending,2023-06-07
7248,55,121,17,963.7,0,16382.9,shipped,2023-11-02
7249,165,50,9,724.2,0,6517.8,pending,2024-09-18
7250,445,75,11,95.54,0,1050.94,shipped,2025-11-18
7251,1581,195,18,515.75,0,9283.5,shipped,2025-09-11
7252,1272,52,3,370.49,0,1111.47,cancelled,2022-05-20
7253,367,85,15,378.98,0,5684.7,delivered,2025-10-05
7254,1195,57,9,141.75,0,1275.75,pending,2024-12-14
7255,513,153,11,22.28,0,245.08,delivered,2025-08-11
7256,742,117,8,660.46,0,5283.68,pending,2024-06-19
7257,784,122,16,816.6,0,13065.6,cancelled,2023-08-27
7258,390,69,7,409.64,0,2867.48,delivered,2022-11-11
7259,597,33,7,253.97,0,1777.79,pending,2022-12-20
7260,463,190,16,524.31,0,8388.96,pending,2023-09-07
7261,251,68,7,447.71,0,3133.97,returned,2022-07-22
7262,289,111,5,281.59,0,1407.95,shipped,2023-04-09
7263,1508,179,3,450.55,0,1351.65,returned,2022-05-13
7264,725,9,2,332.46,0,664.92,delivered,2024-07-14
7265,1705,19,13,437.6,0,5688.8,delivered,2025-08-14
7266,1358,194,8,510.14,0,4081.12,pending,2025-02-13
7267,766,61,5,968.17,0,4840.85,cancelled,2025-12-04
7268,1949,123,4,58.49,0,233.96,returned,2025-04-20
7269,447,55,18,112.9,21.3,2032.2,delivered,2025-09-15
7270,1752,143,10,59.58,0,595.8,cancelled,2025-02-04
7271,1730,171,2,845.83,0,1691.66,delivered,2023-02-27
7272,805,106,1,596.1,10.19,596.1,pending,2022-09-15
7273,1276,196,15,542.59,0,8138.85,cancelled,2024-02-27
7274,1878,83,3,806.73,0,2420.19,returned,2025-12-18
7275,283,175,19,211.16,0,4012.04,pending,2022-09-16
7276,812,153,8,22.28,12.57,178.24,delivered,2025-08-19
7277,323,84,12,903.84,10.89,10846.08,shipped,2025-08-10
7278,1411,192,9,576.21,0,5185.89,shipped,2024-09-05
7279,1535,2,9,667,5.81,6003,cancelled,2025-05-13
7280,27,152,8,911.9,0,7295.2,pending,2023-02-13
7281,794,149,12,515.34,0,6184.08,pending,2024-12-26
7282,1049,142,8,446.08,0,3568.64,delivered,2023-10-24
7283,626,93,3,750.35,0,2251.05,cancelled,2023-10-20
7284,1614,28,13,829.59,0,10784.67,returned,2025-03-04
7285,120,113,4,129.9,0,519.6,pending,2022-02-11
7286,1723,59,8,631.88,0,5055.04,cancelled,2023-10-24
7287,1492,129,19,730.46,0,13878.74,shipped,2023-09-22
7288,303,195,8,515.75,0,4126,delivered,2022-11-14
7289,1654,38,19,458.13,20.12,8704.47,delivered,2023-04-27
7290,1818,81,18,637.31,4.2,11471.58,cancelled,2025-04-28
7291,1694,126,11,118.97,0,1308.67,cancelled,2025-11-22
7292,686,83,4,806.73,8.96,3226.92,delivered,2024-06-09
7293,305,129,6,730.46,0,4382.76,cancelled,2022-03-10
7294,1059,93,19,750.35,0,14256.65,pending,2025-04-13
7295,199,43,6,64.03,1.67,384.18,shipped,2024-12-11
7296,319,41,17,693.85,0,11795.45,shipped,2022-11-18
7297,70,38,8,458.13,0,3665.04,delivered,2022-02-04
7298,591,1,10,932.66,0,9326.6,pending,2025-08-26
7299,72,24,2,58.24,0,116.48,shipped,2023-07-15
7300,1349,68,16,447.71,0,7163.36,cancelled,2025-07-08
7301,890,38,5,458.13,0,2290.65,cancelled,2023-06-28
7302,305,167,5,277.82,0,1389.1,delivered,2022-05-28
7303,1584,117,5,660.46,0,3302.3,shipped,2023-12-19
7304,1862,113,3,129.9,0,389.7,pending,2024-11-23
7305,1434,134,14,53.33,0,746.62,cancelled,2022-08-09
7306,974,141,11,621.99,0,6841.89,shipped,2022-07-11
7307,1383,139,1,43.53,0,43.53,returned,2025-12-02
7308,1247,26,13,362.01,0,4706.13,cancelled,2025-05-21
7309,468,108,5,541.06,0,2705.3,shipped,2022-11-02
7310,1967,82,19,286.13,0,5436.47,delivered,2022-11-07
7311,1905,51,11,328.87,0,3617.57,returned,2022-01-03
7312,1127,142,7,446.08,23.05,3122.56,cancelled,2022-07-13
7313,1273,180,5,774.95,0,3874.75,delivered,2025-04-06
7314,247,52,13,370.49,0,4816.37,cancelled,2023-03-11
7315,422,181,1,824.33,0,824.33,delivered,2024-06-16
7316,1092,112,19,393.73,8.54,7480.87,returned,2022-09-12
7317,556,83,5,806.73,0,4033.65,delivered,2022-03-24
7318,1916,181,1,824.33,0,824.33,shipped,2024-01-18
7319,1254,109,9,21.24,0,191.16,returned,2023-02-21
7320,1172,35,10,645.79,0,6457.9,shipped,2024-02-04
7321,1070,53,2,655.86,0,1311.72,returned,2024-06-20
7322,1065,113,2,129.9,17.23,259.8,cancelled,2024-03-05
7323,575,174,15,231.71,0,3475.65,pending,2025-12-10
7324,1439,199,16,565.45,0,9047.2,shipped,2022-08-05
7325,1813,11,9,67.82,28.06,610.38,shipped,2023-02-16
7326,108,28,10,829.59,3.29,8295.9,delivered,2023-02-07
7327,1470,184,3,385.1,0,1155.3,cancelled,2025-11-14
7328,562,98,18,66.06,0,1189.08,delivered,2023-12-17
7329,1532,35,3,645.79,1.2,1937.37,pending,2025-03-22
7330,1269,131,7,652.89,0,4570.23,cancelled,2022-05-27
7331,1652,121,17,963.7,0,16382.9,returned,2023-04-04
7332,1860,1,8,932.66,0,7461.28,shipped,2022-07-11
7333,1419,20,6,481.5,0,2889,delivered,2025-01-17
7334,82,62,16,166.62,0,2665.92,delivered,2024-07-20
7335,1469,12,6,654.54,0,3927.24,returned,2025-09-02
7336,1937,24,19,58.24,0,1106.56,pending,2024-12-15
7337,1951,145,6,593.41,0,3560.46,cancelled,2022-04-04
7338,947,86,18,789.99,0,14219.82,pending,2022-12-07
7339,1997,139,13,43.53,0,565.89,pending,2024-07-13
7340,228,183,19,656.46,0,12472.74,pending,2022-10-12
7341,275,63,12,560.31,25.48,6723.72,pending,2025-12-04
7342,207,131,17,652.89,0,11099.13,returned,2025-08-06
7343,278,83,16,806.73,13.01,12907.68,delivered,2022-06-26
7344,896,67,19,692.69,6.27,13161.11,shipped,2025-01-09
7345,949,184,1,385.1,0,385.1,returned,2023-08-01
7346,24,43,8,64.03,0,512.24,shipped,2025-03-08
7347,435,87,8,600.01,0,4800.08,delivered,2023-02-04
7348,1696,79,2,60.77,8.11,121.54,shipped,2025-05-19
7349,53,41,2,693.85,20.81,1387.7,pending,2024-10-13
7350,946,194,6,510.14,0,3060.84,returned,2023-03-03
7351,210,139,18,43.53,0,783.54,returned,2022-02-15
7352,507,182,2,718.6,4.15,1437.2,delivered,2023-05-05
7353,1108,72,9,633.89,0,5705.01,shipped,2023-07-21
7354,655,192,1,576.21,19.63,576.21,pending,2022-12-19
7355,1809,5,6,604.81,5.06,3628.86,delivered,2025-10-08
7356,910,73,4,238.38,13.1,953.52,pending,2022-10-26
7357,166,32,14,244.09,0,3417.26,shipped,2025-12-13
7358,542,116,8,208.96,0,1671.68,cancelled,2023-11-15
7359,1833,94,15,8.03,16.21,120.45,pending,2024-10-17
7360,337,66,3,397.63,0,1192.89,pending,2025-07-13
7361,1401,88,11,646.25,0,7108.75,shipped,2022-09-14
7362,1301,160,15,574.94,0,8624.1,delivered,2022-04-23
7363,97,172,15,95.98,0,1439.7,returned,2024-08-18
7364,205,91,15,916.22,0,13743.3,delivered,2025-07-07
7365,798,30,18,125.04,20.1,2250.72,shipped,2025-03-06
7366,579,109,8,21.24,0,169.92,returned,2025-05-05
7367,945,115,2,763.04,21.05,1526.08,shipped,2024-12-22
7368,1568,33,19,253.97,0,4825.43,returned,2023-09-14
7369,415,45,6,639.61,0,3837.66,shipped,2022-02-05
7370,1346,173,17,580.62,0,9870.54,cancelled,2024-06-24
7371,92,8,6,581.03,28.28,3486.18,pending,2024-09-11
7372,690,57,3,141.75,0,425.25,cancelled,2024-02-10
7373,1825,5,13,604.81,0,7862.53,pending,2022-04-01
7374,1396,55,13,112.9,0,1467.7,shipped,2023-12-26
7375,499,183,14,656.46,0,9190.44,shipped,2024-09-19
7376,247,133,7,298.55,6.53,2089.85,cancelled,2022-07-23
7377,424,18,16,83.56,0,1336.96,shipped,2023-07-25
7378,74,19,6,437.6,0,2625.6,returned,2022-05-27
7379,1344,112,12,393.73,0,4724.76,pending,2024-08-19
7380,989,179,3,450.55,18.75,1351.65,pending,2023-05-27
7381,1865,74,16,221.84,9.13,3549.44,pending,2023-04-20
7382,1482,156,15,200.01,18.53,3000.15,pending,2022-10-03
7383,1426,128,19,216.83,4.96,4119.77,pending,2022-05-17
7384,143,70,12,100.2,0,1202.4,delivered,2024-05-23
7385,66,115,19,763.04,2.71,14497.76,returned,2023-10-25
7386,673,20,18,481.5,0,8667,returned,2025-02-14
7387,1760,62,18,166.62,0,2999.16,returned,2024-01-27
7388,401,187,6,626.35,0,3758.1,returned,2025-11-18
7389,17,165,18,583.18,0,10497.24,cancelled,2022-03-18
7390,1881,155,19,431.01,0,8189.19,pending,2022-03-03
7391,127,47,3,645.14,0,1935.42,cancelled,2024-02-24
7392,1871,50,2,724.2,0,1448.4,shipped,2024-12-02
7393,1003,170,5,944.19,0,4720.95,shipped,2022-06-20
7394,588,27,16,141.19,0.8,2259.04,cancelled,2023-01-06
7395,567,176,12,850.78,0,10209.36,pending,2023-01-27
7396,387,146,4,629.33,19.31,2517.32,shipped,2024-12-27
7397,1559,185,1,326.55,4.22,326.55,cancelled,2024-12-07
7398,707,75,10,95.54,0,955.4,returned,2022-08-07
7399,689,70,4,100.2,0,400.8,cancelled,2025-06-12
7400,315,163,14,241.1,0,3375.4,pending,2025-06-01
7401,1047,63,12,560.31,22.32,6723.72,pending,2022-04-17
7402,88,183,10,656.46,0,6564.6,cancelled,2022-01-22
7403,1386,25,4,219.32,0,877.28,returned,2024-05-01
7404,1865,51,7,328.87,0,2302.09,delivered,2024-04-19
7405,354,188,1,176.18,0,176.18,delivered,2022-07-21
7406,785,24,13,58.24,0,757.12,cancelled,2025-06-07
7407,1778,4,3,943.2,0,2829.6,returned,2022-11-03
7408,281,85,19,378.98,0,7200.62,cancelled,2023-04-10
7409,1498,49,13,875.58,0,11382.54,cancelled,2024-06-08
7410,1976,116,18,208.96,28.78,3761.28,pending,2022-07-10
7411,883,155,4,431.01,24.36,1724.04,cancelled,2025-03-04
7412,1815,175,14,211.16,0,2956.24,pending,2023-09-24
7413,1991,80,9,59.51,0,535.59,returned,2025-09-26
7414,1336,157,1,83.71,0.88,83.71,cancelled,2024-06-05
7415,1097,189,13,492.26,0,6399.38,delivered,2023-09-24
7416,254,91,12,916.22,0,10994.64,pending,2025-11-18
7417,1535,56,6,561.69,0,3370.14,delivered,2022-10-20
7418,701,197,12,822.64,0,9871.68,pending,2024-06-18
7419,719,163,12,241.1,0,2893.2,pending,2025-05-23
7420,1188,187,10,626.35,23.87,6263.5,delivered,2022-05-14
7421,1105,183,10,656.46,0,6564.6,delivered,2024-04-04
7422,1913,26,19,362.01,0,6878.19,shipped,2022-09-04
7423,893,150,8,533.49,0,4267.92,shipped,2022-11-14
7424,40,130,19,420.65,6.46,7992.35,delivered,2022-02-27
7425,1370,63,7,560.31,3.08,3922.17,pending,2022-07-23
7426,274,101,7,100.03,0,700.21,returned,2023-11-24
7427,675,192,3,576.21,0,1728.63,shipped,2022-09-25
7428,141,59,4,631.88,0,2527.52,pending,2022-04-12
7429,490,137,7,358.4,4.62,2508.8,cancelled,2023-07-01
7430,30,115,5,763.04,11.18,3815.2,pending,2023-05-08
7431,501,145,11,593.41,0,6527.51,cancelled,2023-10-24
7432,177,40,13,892.78,0,11606.14,delivered,2023-08-16
7433,1009,80,5,59.51,13.7,297.55,delivered,2024-10-28
7434,1561,86,9,789.99,0,7109.91,shipped,2025-04-27
7435,559,84,9,903.84,29.39,8134.56,shipped,2025-01-26
7436,415,6,17,183.59,0,3121.03,shipped,2025-01-25
7437,35,141,2,621.99,22.66,1243.98,shipped,2024-08-24
7438,1302,68,5,447.71,26.2,2238.55,shipped,2022-02-14
7439,1657,38,2,458.13,0,916.26,cancelled,2022-11-19
7440,1885,138,13,557.12,29.06,7242.56,delivered,2024-08-18
7441,760,63,11,560.31,13.28,6163.41,shipped,2022-07-11
7442,959,112,16,393.73,0,6299.68,returned,2025-11-25
7443,807,32,9,244.09,0,2196.81,shipped,2024-11-22
7444,148,124,17,809.49,0,13761.33,shipped,2023-03-23
7445,1127,145,16,593.41,0,9494.56,cancelled,2024-08-17
7446,651,148,10,72.74,0,727.4,cancelled,2025-09-11
7447,1503,33,14,253.97,0,3555.58,returned,2024-08-02
7448,1131,174,4,231.71,21.54,926.84,cancelled,2023-11-21
7449,262,136,1,28.67,0,28.67,shipped,2023-02-17
7450,60,87,11,600.01,10.65,6600.11,delivered,2025-04-21
7451,275,165,17,583.18,0,9914.06,delivered,2023-10-17
7452,369,100,8,779.66,0,6237.28,cancelled,2025-08-02
7453,1093,7,3,669.43,2.83,2008.29,returned,2023-04-05
7454,1701,146,2,629.33,16.17,1258.66,shipped,2025-07-26
7455,411,33,6,253.97,0,1523.82,pending,2023-01-04
7456,1117,65,9,202.76,0,1824.84,delivered,2022-11-19
7457,1364,73,18,238.38,0,4290.84,returned,2023-03-26
7458,902,96,14,697.43,0,9764.02,delivered,2023-01-09
7459,584,59,12,631.88,0,7582.56,returned,2022-08-04
7460,762,63,18,560.31,0,10085.58,shipped,2024-01-03
7461,191,11,8,67.82,0,542.56,shipped,2024-02-11
7462,664,20,5,481.5,0,2407.5,pending,2022-02-14
7463,1806,70,8,100.2,0,801.6,pending,2023-02-18
7464,1236,49,9,875.58,0,7880.22,pending,2025-03-18
7465,1712,51,15,328.87,0,4933.05,pending,2022-12-03
7466,1467,64,5,663.35,0,3316.75,pending,2022-06-06
7467,695,144,13,247.92,24.93,3222.96,cancelled,2025-03-19
7468,933,19,9,437.6,0,3938.4,returned,2022-09-16
7469,665,94,4,8.03,0,32.12,pending,2023-06-02
7470,818,33,17,253.97,0,4317.49,cancelled,2024-01-14
7471,797,170,1,944.19,0,944.19,cancelled,2024-12-21
7472,1354,113,12,129.9,0,1558.8,shipped,2022-01-06
7473,1808,110,14,77.9,10.58,1090.6,pending,2024-01-07
7474,844,181,8,824.33,0,6594.64,pending,2025-03-26
7475,752,49,8,875.58,0,7004.64,cancelled,2025-06-23
7476,1341,106,12,596.1,0,7153.2,pending,2025-08-27
7477,299,128,12,216.83,0,2601.96,delivered,2024-08-14
7478,389,12,18,654.54,29.06,11781.72,cancelled,2022-10-01
7479,207,59,12,631.88,0,7582.56,delivered,2024-08-24
7480,1610,184,4,385.1,25.46,1540.4,returned,2024-03-02
7481,1394,15,13,825.2,0,10727.6,pending,2023-09-10
7482,1865,181,2,824.33,0,1648.66,delivered,2022-10-11
7483,446,102,15,573.77,0,8606.55,cancelled,2024-06-23
7484,1491,48,7,184.21,0,1289.47,pending,2022-06-24
7485,154,55,6,112.9,0,677.4,delivered,2022-07-08
7486,383,13,8,30.37,0,242.96,returned,2022-04-15
7487,86,47,11,645.14,11.82,7096.54,delivered,2024-10-26
7488,899,114,19,139.28,0,2646.32,cancelled,2022-11-07
7489,1446,75,4,95.54,0,382.16,delivered,2023-02-05
7490,407,66,10,397.63,0,3976.3,pending,2022-09-14
7491,350,31,8,158.16,0,1265.28,delivered,2025-01-20
7492,229,63,7,560.31,0,3922.17,delivered,2022-04-23
7493,1189,180,14,774.95,0,10849.3,shipped,2023-07-24
7494,733,153,7,22.28,0,155.96,pending,2022-07-12
7495,1586,27,8,141.19,0,1129.52,cancelled,2022-01-23
7496,1287,160,16,574.94,0,9199.04,pending,2022-12-14
7497,534,129,3,730.46,0,2191.38,returned,2025-08-11
7498,1639,192,8,576.21,0,4609.68,delivered,2022-01-12
7499,959,26,9,362.01,0,3258.09,returned,2025-09-05
7500,270,138,6,557.12,0,3342.72,returned,2023-04-22
7501,1687,30,5,125.04,16.86,625.2,shipped,2022-02-11
7502,1672,47,4,645.14,0,2580.56,returned,2025-10-11
7503,72,8,13,581.03,0,7553.39,shipped,2022-05-08
7504,541,143,7,59.58,2.59,417.06,shipped,2023-05-17
7505,471,98,8,66.06,0,528.48,delivered,2023-10-27
7506,834,132,17,173.13,0,2943.21,returned,2023-10-17
7507,1516,125,17,142.11,15.85,2415.87,pending,2024-08-25
7508,815,156,2,200.01,29.05,400.02,cancelled,2022-08-23
7509,884,28,11,829.59,0,9125.49,delivered,2023-06-24
7510,230,181,18,824.33,0,14837.94,returned,2022-12-18
7511,238,83,12,806.73,0,9680.76,cancelled,2024-03-27
7512,1915,44,16,690.47,22.77,11047.52,returned,2024-05-13
7513,843,55,8,112.9,0,903.2,shipped,2023-04-09
7514,1240,13,13,30.37,0,394.81,pending,2023-10-03
7515,1107,34,4,827.62,0,3310.48,shipped,2022-10-10
7516,591,183,19,656.46,0,12472.74,pending,2024-06-02
7517,1525,188,1,176.18,0,176.18,delivered,2025-09-14
7518,67,93,11,750.35,24.56,8253.85,pending,2024-07-13
7519,1575,56,14,561.69,0,7863.66,cancelled,2025-03-15
7520,156,92,11,52.57,0,578.27,cancelled,2024-02-15
7521,264,8,3,581.03,0,1743.09,cancelled,2023-04-28
7522,1932,6,19,183.59,0,3488.21,shipped,2022-12-18
7523,537,20,16,481.5,23.46,7704,delivered,2023-07-24
7524,413,185,8,326.55,0,2612.4,pending,2025-06-21
7525,1925,184,15,385.1,0,5776.5,shipped,2025-04-24
7526,923,161,12,81.95,7.82,983.4,delivered,2022-03-04
7527,1255,157,9,83.71,10.5,753.39,delivered,2025-03-03
7528,501,79,5,60.77,0,303.85,delivered,2022-06-03
7529,1909,188,7,176.18,0,1233.26,delivered,2025-11-27
7530,1074,27,3,141.19,0,423.57,shipped,2024-07-12
7531,650,98,15,66.06,0,990.9,pending,2023-03-16
7532,449,183,7,656.46,0,4595.22,shipped,2022-09-01
7533,35,19,10,437.6,11.76,4376,delivered,2023-11-12
7534,734,36,15,406.43,0,6096.45,cancelled,2023-04-21
7535,1045,15,14,825.2,0,11552.8,pending,2025-03-17
7536,519,152,11,911.9,0,10030.9,returned,2022-05-14
7537,1224,33,3,253.97,22.85,761.91,cancelled,2024-03-20
7538,340,31,9,158.16,0,1423.44,delivered,2025-03-17
7539,1156,48,9,184.21,0,1657.89,pending,2022-01-02
7540,596,140,18,966.17,17.24,17391.06,delivered,2023-09-27
7541,1397,172,13,95.98,0,1247.74,pending,2023-01-25
7542,1005,178,10,354.22,0,3542.2,shipped,2024-12-23
7543,637,117,4,660.46,0,2641.84,returned,2023-02-12
7544,1230,84,11,903.84,0,9942.24,cancelled,2022-05-08
7545,1519,13,16,30.37,6.17,485.92,returned,2024-08-09
7546,2000,178,12,354.22,0,4250.64,returned,2022-06-16
7547,27,72,15,633.89,8.73,9508.35,shipped,2023-11-17
7548,1769,170,19,944.19,0,17939.61,shipped,2025-08-22
7549,183,179,9,450.55,0,4054.95,shipped,2023-02-17
7550,416,117,18,660.46,0,11888.28,shipped,2022-03-24
7551,1934,41,16,693.85,0,11101.6,cancelled,2022-06-10
7552,352,182,18,718.6,0,12934.8,cancelled,2022-09-18
7553,972,158,13,150.99,0,1962.87,delivered,2025-05-10
7554,1595,83,7,806.73,0,5647.11,returned,2024-07-19
7555,445,90,3,592.32,0,1776.96,delivered,2025-06-05
7556,1548,13,15,30.37,13.05,455.55,returned,2025-10-02
7557,466,88,7,646.25,0,4523.75,returned,2024-05-11
7558,1889,43,1,64.03,19.64,64.03,delivered,2025-05-23
7559,768,139,8,43.53,0,348.24,delivered,2022-11-11
7560,201,65,10,202.76,0,2027.6,returned,2025-09-13
7561,1252,92,18,52.57,0,946.26,delivered,2023-01-18
7562,837,129,9,730.46,16.46,6574.14,pending,2022-06-22
7563,402,53,14,655.86,0,9182.04,delivered,2022-10-13
7564,931,110,6,77.9,0,467.4,shipped,2025-08-23
7565,82,48,15,184.21,0,2763.15,returned,2024-08-07
7566,1913,115,4,763.04,0,3052.16,cancelled,2024-07-13
7567,537,133,7,298.55,0,2089.85,delivered,2023-05-15
7568,908,149,17,515.34,29.56,8760.78,cancelled,2024-05-27
7569,1269,131,1,652.89,16.21,652.89,pending,2023-08-06
7570,1471,24,16,58.24,0,931.84,returned,2023-12-27
7571,1328,76,9,948.25,0,8534.25,returned,2025-08-23
7572,1127,199,11,565.45,0,6219.95,shipped,2024-09-28
7573,293,123,9,58.49,0,526.41,pending,2024-11-28
7574,1047,5,18,604.81,25.64,10886.58,returned,2023-01-01
7575,102,176,4,850.78,0,3403.12,delivered,2025-12-07
7576,1047,65,19,202.76,0,3852.44,pending,2022-09-24
7577,1900,112,12,393.73,0,4724.76,delivered,2025-08-20
7578,81,87,11,600.01,0,6600.11,cancelled,2022-04-17
7579,271,150,4,533.49,0,2133.96,cancelled,2024-03-03
7580,1365,138,5,557.12,0,2785.6,shipped,2024-01-13
7581,1893,157,5,83.71,19.96,418.55,shipped,2023-06-24
7582,981,148,13,72.74,0,945.62,cancelled,2022-10-21
7583,1056,6,8,183.59,0,1468.72,cancelled,2025-04-03
7584,1486,80,11,59.51,23.7,654.61,returned,2024-06-01
7585,1484,22,4,119.41,0,477.64,delivered,2025-07-14
7586,345,194,16,510.14,9.96,8162.24,cancelled,2023-06-05
7587,1354,150,8,533.49,28.79,4267.92,shipped,2025-09-15
7588,1444,67,9,692.69,0,6234.21,shipped,2025-07-19
7589,1182,34,15,827.62,0,12414.3,cancelled,2025-04-13
7590,697,151,6,770.69,8.65,4624.14,cancelled,2025-04-05
7591,344,179,16,450.55,7.44,7208.8,shipped,2022-05-14
7592,104,15,12,825.2,0,9902.4,cancelled,2025-04-28
7593,4,60,13,774.36,14.65,10066.68,cancelled,2022-05-25
7594,1707,69,19,409.64,28.73,7783.16,shipped,2024-09-24
7595,989,42,5,874.09,25.78,4370.45,cancelled,2023-05-18
7596,45,133,6,298.55,0,1791.3,cancelled,2022-10-06
7597,227,75,7,95.54,0,668.78,shipped,2023-10-16
7598,1435,197,6,822.64,17.36,4935.84,returned,2022-08-09
7599,919,58,14,583.34,0,8166.76,returned,2024-10-27
7600,560,10,17,859.56,18.61,14612.52,returned,2023-09-07
7601,1130,183,10,656.46,1.7,6564.6,cancelled,2025-08-12
7602,583,39,17,211.25,29.3,3591.25,shipped,2025-10-12
7603,93,63,4,560.31,0,2241.24,shipped,2022-09-26
7604,1366,160,14,574.94,0,8049.16,cancelled,2025-03-26
7605,656,113,4,129.9,9.39,519.6,returned,2025-10-20
7606,419,178,5,354.22,0,1771.1,shipped,2024-12-17
7607,613,93,10,750.35,0,7503.5,pending,2023-02-02
7608,1999,164,16,527.51,0,8440.16,shipped,2024-08-12
7609,865,81,6,637.31,0,3823.86,pending,2024-11-06
7610,1027,196,14,542.59,27.11,7596.26,pending,2023-11-23
7611,1810,144,1,247.92,0,247.92,delivered,2022-02-02
7612,269,102,1,573.77,23.47,573.77,returned,2023-01-20
7613,1472,16,6,846.4,0,5078.4,pending,2023-03-15
7614,1939,97,8,305.05,0,2440.4,pending,2023-12-17
7615,62,3,19,536.43,17.91,10192.17,delivered,2023-03-14
7616,639,15,15,825.2,0,12378,delivered,2023-02-06
7617,83,152,1,911.9,0,911.9,returned,2024-06-03
7618,1850,154,19,890.6,0,16921.4,shipped,2023-10-08
7619,9,121,4,963.7,6.08,3854.8,pending,2025-09-16
7620,1740,94,18,8.03,0,144.54,shipped,2023-09-01
7621,747,172,5,95.98,0,479.9,cancelled,2025-02-08
7622,1557,114,11,139.28,0,1532.08,delivered,2024-01-16
7623,824,100,18,779.66,29.28,14033.88,cancelled,2025-08-03
7624,215,124,10,809.49,0,8094.9,delivered,2022-03-04
7625,1235,13,17,30.37,17.48,516.29,pending,2024-01-12
7626,1278,13,10,30.37,22.52,303.7,returned,2024-12-17
7627,1624,22,11,119.41,24.61,1313.51,delivered,2025-05-06
7628,889,165,8,583.18,1.32,4665.44,delivered,2024-02-06
7629,1999,6,18,183.59,0,3304.62,delivered,2025-05-05
7630,109,10,10,859.56,0,8595.6,cancelled,2022-09-13
7631,1306,86,7,789.99,0,5529.93,pending,2022-05-22
7632,697,74,17,221.84,0,3771.28,cancelled,2025-09-02
7633,1671,128,9,216.83,0,1951.47,shipped,2023-09-18
7634,1884,68,17,447.71,0,7611.07,delivered,2025-10-06
7635,1888,146,19,629.33,0,11957.27,returned,2024-02-25
7636,1389,96,12,697.43,0,8369.16,delivered,2023-02-24
7637,1110,74,12,221.84,7.88,2662.08,cancelled,2023-12-26
7638,270,85,2,378.98,10.38,757.96,shipped,2025-06-03
7639,698,91,19,916.22,0,17408.18,delivered,2025-07-17
7640,1274,102,4,573.77,0,2295.08,cancelled,2025-05-15
7641,901,114,15,139.28,0,2089.2,cancelled,2023-07-15
7642,749,48,6,184.21,0,1105.26,cancelled,2022-12-08
7643,1486,95,9,988.58,0,8897.22,delivered,2024-12-20
7644,366,76,18,948.25,25.45,17068.5,shipped,2024-01-21
7645,943,4,6,943.2,15.87,5659.2,shipped,2024-06-26
7646,478,183,10,656.46,6.64,6564.6,delivered,2023-09-02
7647,236,114,3,139.28,0,417.84,pending,2022-11-25
7648,1194,200,7,990.22,0,6931.54,cancelled,2024-04-15
7649,1597,65,7,202.76,0,1419.32,cancelled,2022-03-22
7650,257,29,14,717.02,0,10038.28,delivered,2025-04-16
7651,747,69,10,409.64,0,4096.4,returned,2025-08-06
7652,1134,168,5,701.25,0,3506.25,delivered,2024-08-07
7653,1799,106,13,596.1,0,7749.3,returned,2025-02-22
7654,1519,164,4,527.51,0,2110.04,delivered,2023-05-11
7655,119,82,19,286.13,0,5436.47,returned,2025-03-26
7656,1681,195,8,515.75,0,4126,pending,2023-03-13
7657,1980,109,1,21.24,0,21.24,returned,2025-09-20
7658,708,124,13,809.49,0,10523.37,shipped,2024-10-05
7659,79,27,17,141.19,0.94,2400.23,delivered,2022-10-01
7660,1531,130,8,420.65,16.33,3365.2,delivered,2022-12-01
7661,48,142,17,446.08,3.31,7583.36,pending,2025-11-10
7662,773,168,16,701.25,0,11220,pending,2024-11-03
7663,1662,54,19,976.53,13.78,18554.07,shipped,2023-02-20
7664,1927,145,19,593.41,17.75,11274.79,returned,2022-02-14
7665,943,89,18,968.98,20.69,17441.64,shipped,2024-01-04
7666,717,141,4,621.99,29.57,2487.96,pending,2025-12-14
7667,1223,182,5,718.6,0,3593,delivered,2025-01-05
7668,935,145,18,593.41,16.65,10681.38,returned,2022-12-07
7669,281,120,12,239.25,0,2871,delivered,2025-05-01
7670,245,3,1,536.43,0,536.43,returned,2023-11-01
7671,147,144,19,247.92,0,4710.48,shipped,2025-10-21
7672,75,193,5,271.72,0,1358.6,shipped,2022-11-05
7673,1638,99,6,47.38,0,284.28,returned,2024-04-11
7674,323,113,2,129.9,0,259.8,pending,2025-10-06
7675,137,171,3,845.83,0,2537.49,delivered,2023-05-10
7676,856,79,10,60.77,0,607.7,shipped,2025-04-24
7677,1794,92,5,52.57,0,262.85,delivered,2025-04-28
7678,1568,82,5,286.13,0,1430.65,pending,2025-12-16
7679,1197,82,10,286.13,0,2861.3,shipped,2023-09-12
7680,1737,165,12,583.18,0,6998.16,delivered,2024-12-24
7681,1951,13,9,30.37,0,273.33,shipped,2023-10-10
7682,207,172,19,95.98,0,1823.62,delivered,2022-01-15
7683,49,56,17,561.69,0,9548.73,pending,2022-12-07
7684,756,46,16,253.15,9.24,4050.4,delivered,2024-03-17
7685,35,112,1,393.73,0,393.73,cancelled,2025-07-27
7686,1586,189,10,492.26,0,4922.6,pending,2022-09-10
7687,719,41,2,693.85,0,1387.7,pending,2023-04-28
7688,988,85,18,378.98,0,6821.64,cancelled,2024-07-18
7689,305,11,8,67.82,0,542.56,delivered,2022-12-12
7690,417,150,13,533.49,23.05,6935.37,pending,2025-01-25
7691,86,144,4,247.92,0,991.68,pending,2025-04-05
7692,1804,158,9,150.99,0,1358.91,pending,2023-07-21
7693,382,66,5,397.63,18.56,1988.15,shipped,2025-10-12
7694,617,65,15,202.76,0,3041.4,returned,2023-11-16
7695,425,32,8,244.09,0,1952.72,cancelled,2022-10-01
7696,874,162,1,600.01,14.44,600.01,shipped,2023-01-21
7697,1668,101,2,100.03,0,200.06,shipped,2024-02-23
7698,52,123,19,58.49,0,1111.31,cancelled,2024-05-21
7699,804,178,14,354.22,4.6,4959.08,delivered,2022-04-12
7700,564,25,12,219.32,0,2631.84,returned,2023-08-17
7701,290,142,3,446.08,0,1338.24,delivered,2024-01-08
7702,717,37,1,235.47,0,235.47,returned,2025-06-12
7703,1974,140,18,966.17,0,17391.06,returned,2023-11-26
7704,272,28,18,829.59,9.1,14932.62,shipped,2022-03-17
7705,773,102,7,573.77,24.91,4016.39,returned,2023-03-13
7706,92,60,1,774.36,18.12,774.36,pending,2022-07-20
7707,1821,195,7,515.75,0,3610.25,returned,2024-02-10
7708,547,74,19,221.84,0,4214.96,cancelled,2025-12-08
7709,1407,190,10,524.31,9.51,5243.1,pending,2022-03-16
7710,1517,52,7,370.49,6,2593.43,returned,2023-03-22
7711,1483,42,17,874.09,0,14859.53,delivered,2024-11-24
7712,762,37,2,235.47,0,470.94,delivered,2025-04-19
7713,891,22,5,119.41,0,597.05,delivered,2022-06-25
7714,1220,48,6,184.21,15.05,1105.26,shipped,2024-10-10
7715,1279,175,4,211.16,28.34,844.64,pending,2023-10-07
7716,1765,104,3,386.74,0,1160.22,returned,2022-09-25
7717,1075,132,18,173.13,6.29,3116.34,pending,2024-10-04
7718,577,70,15,100.2,25.76,1503,shipped,2023-05-05
7719,876,83,8,806.73,0,6453.84,delivered,2022-05-01
7720,1287,36,10,406.43,0,4064.3,cancelled,2023-03-13
7721,844,145,9,593.41,0,5340.69,delivered,2023-08-07
7722,1203,157,10,83.71,0,837.1,returned,2025-10-13
7723,1860,45,1,639.61,0.57,639.61,delivered,2024-10-21
7724,772,50,17,724.2,0,12311.4,cancelled,2023-09-01
7725,1004,25,4,219.32,0,877.28,returned,2022-01-16
7726,1737,88,15,646.25,0,9693.75,shipped,2024-01-21
7727,1941,121,6,963.7,29.82,5782.2,cancelled,2022-05-06
7728,1932,51,17,328.87,0.48,5590.79,shipped,2024-12-04
7729,1813,48,10,184.21,0,1842.1,returned,2022-09-05
7730,1850,36,17,406.43,0,6909.31,delivered,2022-02-01
7731,1969,109,9,21.24,0,191.16,shipped,2023-10-22
7732,1575,7,12,669.43,0,8033.16,pending,2025-10-04
7733,67,49,14,875.58,0,12258.12,returned,2025-06-26
7734,1770,37,12,235.47,0,2825.64,shipped,2024-11-12
7735,344,108,18,541.06,0,9739.08,pending,2024-08-21
7736,514,97,19,305.05,0,5795.95,cancelled,2022-03-16
7737,598,194,16,510.14,0,8162.24,cancelled,2023-05-23
7738,1800,194,4,510.14,0,2040.56,cancelled,2022-03-22
7739,378,134,1,53.33,28.82,53.33,pending,2023-02-16
7740,977,77,4,97.67,0,390.68,shipped,2024-09-17
7741,362,39,16,211.25,0,3380,shipped,2024-06-11
7742,337,67,12,692.69,0,8312.28,shipped,2025-12-22
7743,1887,116,3,208.96,0,626.88,delivered,2025-10-03
7744,1491,104,19,386.74,0,7348.06,shipped,2022-08-17
7745,1855,12,17,654.54,0,11127.18,cancelled,2024-12-09
7746,728,179,7,450.55,0.48,3153.85,returned,2025-02-25
7747,1412,73,4,238.38,0,953.52,delivered,2023-07-21
7748,1604,121,18,963.7,0,17346.6,returned,2023-09-15
7749,216,161,19,81.95,0,1557.05,delivered,2024-11-03
7750,1458,157,13,83.71,0,1088.23,delivered,2024-03-20
7751,1616,114,1,139.28,0.41,139.28,returned,2025-01-19
7752,770,15,13,825.2,0,10727.6,shipped,2025-01-09
7753,442,117,16,660.46,10.83,10567.36,delivered,2025-07-28
7754,1277,14,6,550.62,27.44,3303.72,pending,2022-10-15
7755,40,178,12,354.22,0,4250.64,shipped,2025-04-09
7756,803,54,2,976.53,0,1953.06,cancelled,2024-08-24
7757,591,127,4,623.12,0,2492.48,cancelled,2024-09-13
7758,45,79,5,60.77,0,303.85,shipped,2022-05-07
7759,1590,150,12,533.49,0,6401.88,returned,2024-02-06
7760,1900,133,18,298.55,7.52,5373.9,pending,2023-04-17
7761,1849,96,17,697.43,17.1,11856.31,returned,2024-09-15
7762,749,31,10,158.16,20.2,1581.6,returned,2023-08-23
7763,41,144,8,247.92,0,1983.36,cancelled,2023-02-18
7764,1241,113,17,129.9,0,2208.3,shipped,2023-10-22
7765,121,88,4,646.25,17.54,2585,cancelled,2022-12-17
7766,936,57,17,141.75,15.27,2409.75,returned,2023-11-04
7767,552,55,13,112.9,28.98,1467.7,pending,2025-01-03
7768,212,174,1,231.71,0,231.71,pending,2022-06-25
7769,50,73,8,238.38,0,1907.04,shipped,2025-10-10
7770,1367,27,10,141.19,0,1411.9,returned,2022-01-01
7771,1467,154,16,890.6,0.18,14249.6,returned,2024-09-20
7772,1740,87,10,600.01,0,6000.1,shipped,2023-05-18
7773,1752,20,12,481.5,0,5778,pending,2022-09-01
7774,307,100,16,779.66,24.55,12474.56,returned,2022-03-27
7775,66,157,16,83.71,26.45,1339.36,pending,2022-03-15
7776,934,190,1,524.31,13.83,524.31,pending,2022-01-20
7777,245,58,10,583.34,0,5833.4,returned,2022-06-22
7778,384,176,9,850.78,0,7657.02,delivered,2024-09-04
7779,141,26,5,362.01,0,1810.05,pending,2023-09-26
7780,1105,68,11,447.71,0,4924.81,delivered,2023-03-28
7781,1304,18,2,83.56,0,167.12,cancelled,2022-05-01
7782,1132,47,10,645.14,0,6451.4,shipped,2022-06-28
7783,1717,101,4,100.03,29.33,400.12,returned,2023-04-16
7784,1938,3,17,536.43,14.46,9119.31,shipped,2025-10-27
7785,94,43,16,64.03,0,1024.48,delivered,2022-11-16
7786,305,189,15,492.26,0,7383.9,cancelled,2025-05-26
7787,529,28,13,829.59,18.85,10784.67,returned,2024-10-16
7788,893,167,14,277.82,0,3889.48,pending,2023-06-25
7789,1555,123,6,58.49,0,350.94,pending,2023-06-24
7790,1587,136,9,28.67,0,258.03,shipped,2025-11-20
7791,1133,12,19,654.54,0,12436.26,shipped,2022-07-25
7792,424,126,1,118.97,0,118.97,shipped,2024-09-10
7793,1378,68,7,447.71,0,3133.97,shipped,2022-07-27
7794,248,141,4,621.99,0,2487.96,cancelled,2024-11-18
7795,1022,30,16,125.04,0,2000.64,pending,2024-02-01
7796,1806,24,10,58.24,0,582.4,cancelled,2024-08-23
7797,1434,64,12,663.35,11.3,7960.2,delivered,2025-09-22
7798,1936,121,14,963.7,0,13491.8,delivered,2022-12-11
7799,1839,80,10,59.51,6.59,595.1,delivered,2025-04-06
7800,471,68,6,447.71,0,2686.26,shipped,2024-08-10
7801,159,162,12,600.01,2.38,7200.12,delivered,2023-04-25
7802,846,174,17,231.71,0,3939.07,delivered,2025-11-14
7803,30,79,4,60.77,0,243.08,cancelled,2023-01-12
7804,1969,110,6,77.9,27.95,467.4,pending,2022-11-28
7805,381,5,18,604.81,0,10886.58,delivered,2025-12-16
7806,1656,123,13,58.49,0,760.37,shipped,2022-05-04
7807,145,69,10,409.64,4.3,4096.4,delivered,2022-01-19
7808,256,182,13,718.6,0,9341.8,delivered,2024-07-17
7809,1335,4,17,943.2,0,16034.4,shipped,2023-03-04
7810,43,67,8,692.69,0,5541.52,cancelled,2025-07-14
7811,1939,176,6,850.78,0,5104.68,shipped,2024-06-19
7812,919,46,8,253.15,0,2025.2,pending,2023-12-01
7813,1926,166,11,616.72,0,6783.92,shipped,2025-03-08
7814,574,89,17,968.98,0,16472.66,pending,2025-11-13
7815,739,24,8,58.24,0,465.92,cancelled,2025-06-22
7816,1878,118,10,380.05,18.43,3800.5,cancelled,2023-04-07
7817,1200,100,9,779.66,0,7016.94,delivered,2025-08-25
7818,1792,196,17,542.59,6.8,9224.03,shipped,2024-04-02
7819,339,138,15,557.12,0,8356.8,returned,2025-05-02
7820,1888,75,18,95.54,0,1719.72,shipped,2023-05-14
7821,1426,59,17,631.88,0,10741.96,cancelled,2023-07-08
7822,2000,172,16,95.98,0,1535.68,pending,2023-12-01
7823,1334,131,11,652.89,0,7181.79,cancelled,2023-01-05
7824,1251,121,3,963.7,18.98,2891.1,delivered,2024-05-03
7825,1736,29,17,717.02,0,12189.34,shipped,2022-04-27
7826,911,196,12,542.59,0,6511.08,pending,2025-08-09
7827,295,120,11,239.25,0,2631.75,pending,2024-02-09
7828,1015,13,17,30.37,0,516.29,cancelled,2023-08-07
7829,449,5,17,604.81,0,10281.77,delivered,2024-01-21
7830,224,110,15,77.9,0,1168.5,pending,2025-11-13
7831,735,20,16,481.5,0,7704,returned,2024-09-03
7832,1718,4,7,943.2,5.75,6602.4,pending,2023-06-20
7833,1704,23,2,713.25,0,1426.5,returned,2023-02-05
7834,1871,85,5,378.98,0,1894.9,cancelled,2023-10-21
7835,1199,61,2,968.17,0,1936.34,shipped,2025-10-25
7836,935,110,16,77.9,0,1246.4,pending,2024-10-24
7837,1221,187,3,626.35,0,1879.05,returned,2025-05-09
7838,7,132,5,173.13,23.05,865.65,delivered,2023-08-06
7839,912,41,14,693.85,0,9713.9,delivered,2022-11-05
7840,1610,13,19,30.37,0,577.03,returned,2022-07-14
7841,1576,81,11,637.31,0,7010.41,cancelled,2023-04-15
7842,1535,90,12,592.32,0,7107.84,delivered,2024-10-21
7843,1378,163,8,241.1,0,1928.8,pending,2025-02-07
7844,1198,40,2,892.78,0,1785.56,returned,2025-04-05
7845,348,50,4,724.2,0,2896.8,cancelled,2025-09-17
7846,709,134,3,53.33,0,159.99,delivered,2025-09-09
7847,1965,101,16,100.03,0,1600.48,cancelled,2025-06-16
7848,1399,199,7,565.45,0,3958.15,pending,2022-11-17
7849,244,198,17,380.95,0,6476.15,returned,2022-03-16
7850,739,190,14,524.31,0,7340.34,delivered,2022-08-13
7851,938,185,2,326.55,0,653.1,returned,2022-06-06
7852,454,194,14,510.14,0,7141.96,delivered,2023-04-25
7853,1436,91,11,916.22,18.04,10078.42,shipped,2023-06-15
7854,300,132,5,173.13,12.76,865.65,returned,2024-08-22
7855,1740,58,3,583.34,12.58,1750.02,returned,2022-04-26
7856,1620,154,12,890.6,0,10687.2,cancelled,2023-09-18
7857,385,69,8,409.64,0,3277.12,pending,2024-10-22
7858,373,191,8,778.27,0,6226.16,cancelled,2024-05-27
7859,1721,26,6,362.01,0,2172.06,pending,2025-06-14
7860,1324,142,17,446.08,0,7583.36,pending,2023-12-24
7861,913,92,4,52.57,16.28,210.28,returned,2023-07-21
7862,1162,100,1,779.66,0,779.66,cancelled,2023-03-17
7863,177,78,4,335.71,0,1342.84,cancelled,2022-04-26
7864,1477,30,19,125.04,0,2375.76,pending,2022-08-11
7865,1366,53,4,655.86,0,2623.44,delivered,2022-09-07
7866,1354,52,8,370.49,0,2963.92,shipped,2022-04-12
7867,999,169,7,786,0,5502,returned,2023-07-03
7868,1478,64,14,663.35,0,9286.9,shipped,2025-04-25
7869,970,20,19,481.5,0,9148.5,returned,2025-04-26
7870,272,61,3,968.17,0,2904.51,delivered,2022-10-12
7871,1375,77,10,97.67,0,976.7,cancelled,2025-08-22
7872,746,128,10,216.83,0,2168.3,delivered,2022-07-06
7873,568,32,9,244.09,0,2196.81,shipped,2022-07-02
7874,335,196,8,542.59,19.54,4340.72,delivered,2025-10-03
7875,794,166,5,616.72,0,3083.6,shipped,2024-07-25
7876,892,136,1,28.67,0,28.67,pending,2024-10-01
7877,290,72,17,633.89,0,10776.13,delivered,2022-07-11
7878,450,133,16,298.55,0,4776.8,pending,2022-10-05
7879,810,98,11,66.06,22.18,726.66,returned,2022-06-07
7880,1801,108,10,541.06,0,5410.6,returned,2023-02-06
7881,20,81,14,637.31,0,8922.34,shipped,2024-06-25
7882,1644,23,8,713.25,17.69,5706,cancelled,2023-04-03
7883,412,50,6,724.2,19.79,4345.2,shipped,2024-05-12
7884,35,172,1,95.98,0,95.98,delivered,2025-04-12
7885,1607,83,7,806.73,0.09,5647.11,returned,2022-07-05
7886,1791,53,14,655.86,0,9182.04,cancelled,2022-07-21
7887,1462,171,7,845.83,0,5920.81,cancelled,2022-03-12
7888,794,12,14,654.54,0,9163.56,pending,2024-09-27
7889,799,9,7,332.46,0,2327.22,delivered,2023-01-05
7890,1296,102,3,573.77,0,1721.31,cancelled,2022-08-22
7891,1359,112,5,393.73,0,1968.65,returned,2023-03-28
7892,1217,70,12,100.2,22.64,1202.4,cancelled,2024-08-24
7893,252,50,19,724.2,0,13759.8,delivered,2023-06-03
7894,1315,47,8,645.14,0,5161.12,shipped,2022-01-28
7895,596,122,8,816.6,0,6532.8,delivered,2024-03-26
7896,1578,101,15,100.03,0,1500.45,returned,2022-10-21
7897,1901,79,13,60.77,0,790.01,shipped,2024-06-27
7898,553,125,17,142.11,0,2415.87,pending,2022-01-07
7899,1766,73,19,238.38,0,4529.22,shipped,2022-01-26
7900,91,62,16,166.62,0,2665.92,delivered,2022-02-08
7901,869,162,18,600.01,0,10800.18,returned,2025-03-10
7902,11,6,2,183.59,0,367.18,delivered,2022-06-07
7903,363,166,18,616.72,0,11100.96,returned,2024-11-19
7904,1269,88,13,646.25,0,8401.25,returned,2022-12-18
7905,1120,173,8,580.62,0,4644.96,pending,2024-09-15
7906,920,67,2,692.69,0,1385.38,shipped,2022-02-09
7907,823,22,16,119.41,0,1910.56,cancelled,2024-08-16
7908,639,74,18,221.84,27.71,3993.12,pending,2025-09-14
7909,1688,151,16,770.69,0,12331.04,shipped,2023-01-11
7910,2,154,12,890.6,10.46,10687.2,delivered,2023-06-28
7911,524,119,12,371.17,0,4454.04,shipped,2024-04-01
7912,1225,78,17,335.71,0,5707.07,returned,2025-05-12
7913,1026,194,15,510.14,0,7652.1,shipped,2024-11-24
7914,469,193,18,271.72,0,4890.96,delivered,2024-06-01
7915,143,111,18,281.59,0,5068.62,cancelled,2025-03-10
7916,393,82,18,286.13,11.31,5150.34,pending,2024-07-27
7917,1165,69,4,409.64,0.21,1638.56,shipped,2023-11-06
7918,579,194,4,510.14,0,2040.56,cancelled,2022-12-09
7919,1485,4,4,943.2,0,3772.8,cancelled,2024-02-09
7920,1259,112,13,393.73,0,5118.49,pending,2025-01-23
7921,221,64,13,663.35,0,8623.55,cancelled,2024-12-04
7922,768,34,13,827.62,23.23,10759.06,cancelled,2025-04-01
7923,1470,134,10,53.33,0,533.3,delivered,2025-10-28
7924,1242,100,12,779.66,0,9355.92,delivered,2024-06-05
7925,550,76,19,948.25,26.91,18016.75,returned,2022-06-02
7926,1375,199,11,565.45,0,6219.95,pending,2024-01-10
7927,6,167,2,277.82,22.61,555.64,pending,2023-03-02
7928,846,93,6,750.35,0,4502.1,returned,2022-05-27
7929,827,36,19,406.43,0,7722.17,cancelled,2023-04-16
7930,788,79,9,60.77,24.82,546.93,shipped,2025-02-15
7931,671,175,9,211.16,0,1900.44,pending,2022-10-06
7932,461,135,10,674.59,0,6745.9,pending,2023-05-15
7933,485,48,18,184.21,0,3315.78,returned,2024-12-09
7934,1359,173,1,580.62,6.39,580.62,cancelled,2024-10-25
7935,1565,141,16,621.99,0,9951.84,returned,2022-07-28
7936,385,147,6,214.28,9.43,1285.68,shipped,2025-07-14
7937,230,65,10,202.76,0,2027.6,delivered,2023-08-02
7938,1046,152,17,911.9,25.61,15502.3,shipped,2024-04-06
7939,1030,31,8,158.16,0,1265.28,cancelled,2023-07-24
7940,1263,114,11,139.28,0,1532.08,pending,2023-08-22
7941,1542,149,6,515.34,0,3092.04,cancelled,2022-10-07
7942,1444,166,18,616.72,23.26,11100.96,returned,2023-12-03
7943,474,132,15,173.13,5.45,2596.95,delivered,2023-03-27
7944,1253,155,3,431.01,0.58,1293.03,cancelled,2025-08-07
7945,839,58,18,583.34,25.56,10500.12,delivered,2024-12-20
7946,932,135,4,674.59,0,2698.36,returned,2023-03-13
7947,187,52,1,370.49,0,370.49,shipped,2024-08-16
7948,155,138,2,557.12,14.04,1114.24,returned,2024-05-25
7949,861,28,2,829.59,18.77,1659.18,shipped,2024-03-23
7950,1389,186,3,627.64,7.43,1882.92,delivered,2023-02-10
7951,281,46,6,253.15,0,1518.9,shipped,2022-11-15
7952,1072,83,13,806.73,0,10487.49,returned,2025-01-20
7953,102,108,8,541.06,0,4328.48,returned,2022-01-19
7954,575,23,1,713.25,0,713.25,returned,2023-10-24
7955,1595,140,3,966.17,0,2898.51,delivered,2024-06-10
7956,1104,9,7,332.46,0,2327.22,delivered,2024-10-07
7957,486,191,6,778.27,14.95,4669.62,shipped,2022-02-04
7958,1236,70,4,100.2,0,400.8,delivered,2022-03-09
7959,1880,2,12,667,29.27,8004,pending,2023-03-03
7960,591,33,16,253.97,0,4063.52,cancelled,2022-03-25
7961,1257,134,13,53.33,0,693.29,delivered,2024-07-01
7962,1152,71,18,903.42,0,16261.56,cancelled,2025-10-14
7963,1140,162,16,600.01,0,9600.16,returned,2023-04-27
7964,1552,48,18,184.21,9.84,3315.78,delivered,2025-05-17
7965,1091,32,1,244.09,0,244.09,shipped,2023-02-14
7966,1962,8,13,581.03,7.84,7553.39,delivered,2022-12-10
7967,1475,143,5,59.58,0,297.9,shipped,2025-09-06
7968,789,3,7,536.43,0,3755.01,pending,2024-07-01
7969,440,193,8,271.72,29.28,2173.76,cancelled,2025-11-05
7970,1549,52,8,370.49,3.2,2963.92,delivered,2022-06-12
7971,1662,200,19,990.22,0.02,18814.18,shipped,2023-07-01
7972,703,137,17,358.4,3.3,6092.8,shipped,2025-03-21
7973,243,58,11,583.34,0,6416.74,pending,2025-07-14
7974,1620,124,3,809.49,0,2428.47,shipped,2025-06-17
7975,1809,29,19,717.02,0,13623.38,delivered,2023-12-06
7976,1920,114,15,139.28,0,2089.2,pending,2023-11-22
7977,187,31,19,158.16,0,3005.04,pending,2024-11-05
7978,1318,117,6,660.46,14.83,3962.76,shipped,2025-11-07
7979,695,114,19,139.28,28.74,2646.32,delivered,2023-07-06
7980,389,43,7,64.03,0,448.21,pending,2023-02-12
7981,1891,10,18,859.56,0,15472.08,returned,2022-07-03
7982,1944,85,8,378.98,2.27,3031.84,delivered,2022-11-07
7983,521,194,17,510.14,0,8672.38,delivered,2023-12-24
7984,468,118,10,380.05,20.03,3800.5,returned,2024-02-25
7985,869,124,4,809.49,14.99,3237.96,returned,2022-08-07
7986,538,129,10,730.46,0,7304.6,delivered,2024-06-14
7987,1974,90,3,592.32,28.73,1776.96,shipped,2024-09-03
7988,436,51,18,328.87,0,5919.66,cancelled,2023-12-09
7989,1744,187,1,626.35,0,626.35,cancelled,2024-10-19
7990,452,41,11,693.85,26.76,7632.35,shipped,2025-12-06
7991,7,82,10,286.13,0,2861.3,shipped,2025-09-13
7992,685,85,11,378.98,3.67,4168.78,shipped,2024-01-24
7993,976,105,11,317.66,0,3494.26,pending,2024-10-24
7994,6,161,1,81.95,0,81.95,returned,2024-10-19
7995,386,162,11,600.01,0,6600.11,returned,2023-11-11
7996,1236,35,6,645.79,0,3874.74,delivered,2023-09-06
7997,151,80,15,59.51,0,892.65,cancelled,2025-10-23
7998,12,25,18,219.32,5.88,3947.76,delivered,2024-06-03
7999,1933,161,8,81.95,0,655.6,pending,2022-12-27
8000,541,148,18,72.74,0,1309.32,cancelled,2022-09-24
8001,638,65,11,202.76,0,2230.36,cancelled,2024-04-22
8002,1613,118,5,380.05,0,1900.25,cancelled,2022-08-24
8003,651,14,11,550.62,0,6056.82,cancelled,2022-05-07
8004,1527,75,3,95.54,8.55,286.62,pending,2023-06-13
8005,796,67,19,692.69,0,13161.11,delivered,2024-08-16
8006,233,138,9,557.12,0,5014.08,shipped,2025-02-19
8007,462,82,10,286.13,0,2861.3,delivered,2024-03-27
8008,1445,175,13,211.16,0,2745.08,pending,2023-02-28
8009,1149,40,8,892.78,0,7142.24,returned,2025-08-23
8010,1739,94,13,8.03,19.85,104.39,delivered,2022-11-06
8011,868,70,7,100.2,0,701.4,delivered,2025-03-20
8012,1310,36,3,406.43,0,1219.29,shipped,2023-01-12
8013,534,64,11,663.35,0,7296.85,pending,2024-05-22
8014,1899,148,16,72.74,0,1163.84,pending,2025-01-16
8015,1700,187,13,626.35,0,8142.55,shipped,2025-08-06
8016,826,76,5,948.25,18.98,4741.25,pending,2024-12-16
8017,1266,5,9,604.81,0,5443.29,delivered,2022-05-20
8018,249,174,13,231.71,0,3012.23,delivered,2024-07-09
8019,591,10,16,859.56,0,13752.96,delivered,2025-09-18
8020,416,85,4,378.98,0,1515.92,returned,2022-08-06
8021,1111,73,11,238.38,0,2622.18,shipped,2023-06-15
8022,247,3,2,536.43,0,1072.86,delivered,2025-12-06
8023,932,121,4,963.7,12.22,3854.8,returned,2023-08-19
8024,1821,188,15,176.18,0,2642.7,pending,2025-01-10
8025,414,68,14,447.71,0,6267.94,shipped,2022-01-18
8026,1387,102,10,573.77,0.69,5737.7,shipped,2023-08-25
8027,1723,50,12,724.2,0,8690.4,pending,2025-11-15
8028,1574,30,15,125.04,23.22,1875.6,pending,2024-08-24
8029,1749,59,14,631.88,3.64,8846.32,delivered,2023-08-14
8030,1714,152,4,911.9,23.91,3647.6,pending,2022-08-09
8031,509,106,13,596.1,0,7749.3,shipped,2022-01-21
8032,46,10,15,859.56,15.83,12893.4,returned,2024-09-07
8033,1919,98,4,66.06,0,264.24,cancelled,2025-03-13
8034,1673,175,18,211.16,0,3800.88,delivered,2023-03-01
8035,620,200,3,990.22,0,2970.66,shipped,2025-07-11
8036,750,114,7,139.28,0,974.96,cancelled,2025-02-03
8037,525,153,9,22.28,0,200.52,pending,2025-05-12
8038,1615,40,6,892.78,5.58,5356.68,shipped,2024-09-25
8039,509,192,12,576.21,0,6914.52,pending,2024-05-06
8040,465,154,8,890.6,0,7124.8,shipped,2023-08-05
8041,342,125,17,142.11,4.06,2415.87,delivered,2022-05-08
8042,815,58,1,583.34,28.02,583.34,returned,2023-02-08
8043,605,134,8,53.33,23.28,426.64,pending,2023-07-11
8044,1752,167,14,277.82,0,3889.48,shipped,2023-07-26
8045,1765,3,6,536.43,3.56,3218.58,shipped,2022-02-19
8046,685,136,2,28.67,0,57.34,returned,2024-11-12
8047,1707,83,4,806.73,21.73,3226.92,returned,2024-03-06
8048,1680,65,1,202.76,26.21,202.76,delivered,2023-09-21
8049,359,168,10,701.25,4.7,7012.5,cancelled,2025-05-22
8050,1259,170,5,944.19,0,4720.95,returned,2023-11-13
8051,252,54,13,976.53,0,12694.89,shipped,2024-09-12
8052,509,168,1,701.25,0,701.25,delivered,2024-04-01
8053,148,97,1,305.05,0,305.05,delivered,2022-11-15
8054,1354,196,10,542.59,0,5425.9,returned,2023-11-18
8055,1832,193,2,271.72,1.74,543.44,pending,2025-09-03
8056,1357,139,4,43.53,4.99,174.12,returned,2022-05-08
8057,817,116,6,208.96,18.91,1253.76,delivered,2022-04-11
8058,1467,60,8,774.36,27.05,6194.88,returned,2022-05-20
8059,104,140,16,966.17,0,15458.72,pending,2022-03-10
8060,1236,2,4,667,0,2668,returned,2023-09-06
8061,680,75,16,95.54,0,1528.64,pending,2025-02-01
8062,1416,49,14,875.58,0,12258.12,cancelled,2023-09-16
8063,176,114,16,139.28,19.16,2228.48,shipped,2022-02-14
8064,690,165,12,583.18,0,6998.16,cancelled,2025-08-27
8065,1393,5,17,604.81,23.58,10281.77,shipped,2024-01-25
8066,1012,52,2,370.49,0,740.98,delivered,2022-01-22
8067,1795,72,16,633.89,0,10142.24,returned,2024-10-25
8068,977,196,2,542.59,0,1085.18,pending,2024-11-17
8069,1446,200,14,990.22,0,13863.08,cancelled,2024-04-19
8070,1787,31,8,158.16,0,1265.28,cancelled,2022-03-19
8071,1215,188,1,176.18,0,176.18,cancelled,2024-02-21
8072,1331,19,14,437.6,15.01,6126.4,pending,2025-08-02
8073,623,147,9,214.28,0,1928.52,shipped,2022-07-23
8074,783,188,14,176.18,0,2466.52,pending,2022-11-17
8075,1960,69,10,409.64,0,4096.4,pending,2025-10-24
8076,945,14,5,550.62,0,2753.1,delivered,2022-09-05
8077,1052,76,4,948.25,19.44,3793,shipped,2023-05-18
8078,435,33,12,253.97,19.14,3047.64,returned,2022-08-21
8079,713,128,16,216.83,0,3469.28,shipped,2025-06-08
8080,120,11,13,67.82,0,881.66,pending,2025-11-27
8081,64,39,17,211.25,0,3591.25,returned,2024-08-01
8082,59,50,8,724.2,0,5793.6,returned,2022-09-24
8083,1434,127,12,623.12,0,7477.44,delivered,2025-04-20
8084,1540,12,8,654.54,0,5236.32,shipped,2023-11-05
8085,1170,102,16,573.77,0,9180.32,pending,2022-04-13
8086,1207,90,16,592.32,16.01,9477.12,returned,2024-02-20
8087,1694,110,4,77.9,0,311.6,delivered,2023-11-10
8088,778,159,19,174.14,0,3308.66,cancelled,2025-10-20
8089,1734,61,5,968.17,0,4840.85,cancelled,2022-07-15
8090,870,43,12,64.03,0,768.36,delivered,2023-12-16
8091,1099,195,14,515.75,0,7220.5,returned,2025-12-13
8092,1253,46,4,253.15,0,1012.6,pending,2022-02-28
8093,649,191,9,778.27,0,7004.43,pending,2024-09-10
8094,967,65,10,202.76,0,2027.6,pending,2024-06-16
8095,1941,184,8,385.1,27.32,3080.8,shipped,2023-09-15
8096,1529,99,15,47.38,25.52,710.7,shipped,2023-05-09
8097,881,116,18,208.96,0,3761.28,cancelled,2024-02-03
8098,278,71,2,903.42,0,1806.84,cancelled,2023-04-14
8099,1726,157,17,83.71,6.9,1423.07,returned,2024-06-16
8100,1148,170,8,944.19,0,7553.52,cancelled,2022-07-05
8101,1327,177,5,350.23,0,1751.15,delivered,2022-03-15
8102,1392,53,6,655.86,0,3935.16,delivered,2023-02-28
8103,876,44,16,690.47,0,11047.52,delivered,2025-06-08
8104,268,174,6,231.71,0,1390.26,returned,2022-08-08
8105,628,56,8,561.69,0,4493.52,shipped,2025-04-12
8106,1956,14,1,550.62,0,550.62,cancelled,2024-08-02
8107,1200,121,10,963.7,7.28,9637,shipped,2023-03-02
8108,932,191,10,778.27,0,7782.7,returned,2024-10-04
8109,494,104,13,386.74,4.24,5027.62,shipped,2024-08-25
8110,309,123,5,58.49,0,292.45,returned,2023-08-03
8111,702,78,17,335.71,0,5707.07,returned,2024-08-08
8112,1162,10,1,859.56,13.3,859.56,shipped,2022-06-15
8113,974,35,17,645.79,0,10978.43,shipped,2025-01-28
8114,227,103,4,661.57,8.38,2646.28,cancelled,2023-02-12
8115,1127,180,2,774.95,0,1549.9,cancelled,2024-08-08
8116,1793,122,14,816.6,0,11432.4,shipped,2023-05-20
8117,345,165,9,583.18,0,5248.62,cancelled,2024-07-19
8118,540,155,9,431.01,0,3879.09,cancelled,2025-04-18
8119,1745,182,9,718.6,0,6467.4,shipped,2025-12-09
8120,588,152,12,911.9,0,10942.8,returned,2023-04-16
8121,1899,90,8,592.32,0,4738.56,delivered,2023-08-11
8122,1005,73,12,238.38,0,2860.56,delivered,2025-02-05
8123,1509,69,10,409.64,0,4096.4,cancelled,2022-07-20
8124,1536,199,1,565.45,0,565.45,pending,2024-04-14
8125,1290,158,18,150.99,0,2717.82,delivered,2024-12-01
8126,1334,130,14,420.65,0,5889.1,delivered,2022-08-06
8127,1144,109,17,21.24,4.12,361.08,shipped,2025-02-25
8128,504,92,2,52.57,0,105.14,delivered,2025-01-16
8129,614,12,13,654.54,0,8509.02,cancelled,2025-12-06
8130,78,25,10,219.32,0,2193.2,pending,2022-01-04
8131,1405,29,8,717.02,0.83,5736.16,cancelled,2022-07-06
8132,763,143,2,59.58,0,119.16,cancelled,2025-11-15
8133,34,16,17,846.4,23.81,14388.8,delivered,2023-12-23
8134,983,6,1,183.59,0,183.59,shipped,2023-02-27
8135,374,33,7,253.97,0,1777.79,delivered,2022-01-17
8136,1299,101,2,100.03,0,200.06,returned,2023-09-04
8137,1789,185,11,326.55,0,3592.05,delivered,2025-10-21
8138,1967,9,2,332.46,0,664.92,returned,2024-01-02
8139,1447,188,5,176.18,0,880.9,pending,2024-03-23
8140,413,175,18,211.16,8.56,3800.88,cancelled,2025-06-14
8141,698,114,7,139.28,0,974.96,shipped,2024-01-14
8142,11,195,5,515.75,0,2578.75,pending,2025-02-28
8143,700,186,5,627.64,0,3138.2,returned,2025-01-05
8144,729,120,8,239.25,12.68,1914,pending,2023-05-14
8145,1119,103,12,661.57,0,7938.84,returned,2025-10-23
8146,1702,159,13,174.14,6.69,2263.82,pending,2025-07-02
8147,1977,177,19,350.23,0,6654.37,pending,2022-07-16
8148,1832,75,12,95.54,0,1146.48,shipped,2024-11-17
8149,1921,188,1,176.18,0,176.18,pending,2022-06-26
8150,1581,135,6,674.59,0,4047.54,pending,2023-03-09
8151,102,148,9,72.74,2.77,654.66,delivered,2024-08-28
8152,1926,139,10,43.53,0,435.3,pending,2023-06-13
8153,1175,142,6,446.08,18.13,2676.48,delivered,2022-01-04
8154,412,29,7,717.02,0.56,5019.14,delivered,2025-08-27
8155,881,77,19,97.67,28.55,1855.73,returned,2023-02-16
8156,1854,46,1,253.15,0,253.15,shipped,2022-02-28
8157,247,12,5,654.54,15.63,3272.7,returned,2025-09-22
8158,937,124,12,809.49,18.72,9713.88,shipped,2024-07-08
8159,245,199,15,565.45,0,8481.75,cancelled,2024-06-02
8160,1440,51,2,328.87,15.12,657.74,delivered,2025-05-24
8161,195,153,16,22.28,0,356.48,delivered,2024-01-03
8162,1632,155,8,431.01,5.96,3448.08,delivered,2024-05-10
8163,1610,135,10,674.59,0,6745.9,delivered,2022-05-06
8164,1628,123,11,58.49,0,643.39,returned,2025-09-12
8165,116,62,3,166.62,0,499.86,shipped,2023-04-19
8166,763,146,2,629.33,0,1258.66,returned,2024-11-07
8167,1506,199,2,565.45,0,1130.9,shipped,2023-11-08
8168,734,59,18,631.88,0,11373.84,returned,2024-06-03
8169,1983,175,14,211.16,20.4,2956.24,returned,2025-10-13
8170,889,49,11,875.58,0,9631.38,cancelled,2022-06-08
8171,1163,94,3,8.03,0,24.09,cancelled,2023-06-08
8172,1309,75,15,95.54,0,1433.1,pending,2023-03-14
8173,434,23,14,713.25,0,9985.5,cancelled,2024-07-12
8174,549,59,7,631.88,0,4423.16,shipped,2022-03-05
8175,1765,137,2,358.4,0,716.8,delivered,2023-10-24
8176,1327,66,11,397.63,0,4373.93,delivered,2022-04-10
8177,523,57,12,141.75,0,1701,shipped,2024-10-04
8178,681,179,10,450.55,27.55,4505.5,returned,2022-04-23
8179,109,193,8,271.72,12.89,2173.76,cancelled,2022-01-28
8180,1596,112,17,393.73,22.18,6693.41,pending,2023-02-06
8181,1459,28,4,829.59,19.38,3318.36,cancelled,2023-06-06
8182,790,77,8,97.67,4.27,781.36,delivered,2023-11-24
8183,1400,182,15,718.6,0,10779,pending,2023-10-28
8184,1026,21,19,554.6,0,10537.4,returned,2022-12-21
8185,1449,79,3,60.77,17.03,182.31,cancelled,2022-12-18
8186,1671,10,9,859.56,0,7736.04,returned,2024-06-20
8187,118,195,3,515.75,0,1547.25,pending,2023-03-23
8188,1811,184,16,385.1,12.16,6161.6,cancelled,2023-05-24
8189,1993,114,9,139.28,0,1253.52,pending,2024-11-04
8190,1449,131,13,652.89,0,8487.57,delivered,2023-01-12
8191,63,77,11,97.67,17.04,1074.37,pending,2025-07-07
8192,452,185,3,326.55,0.72,979.65,cancelled,2025-07-11
8193,793,137,1,358.4,24.55,358.4,shipped,2025-06-26
8194,122,175,16,211.16,9.89,3378.56,delivered,2024-09-01
8195,34,9,13,332.46,0,4321.98,cancelled,2024-09-10
8196,663,5,1,604.81,18.36,604.81,returned,2022-01-23
8197,1893,173,1,580.62,0,580.62,cancelled,2023-11-26
8198,1282,108,6,541.06,13.67,3246.36,delivered,2024-09-20
8199,332,157,14,83.71,12.24,1171.94,shipped,2024-09-25
8200,552,63,8,560.31,0,4482.48,returned,2023-06-01
8201,422,159,1,174.14,24.8,174.14,returned,2025-04-09
8202,306,162,6,600.01,9.06,3600.06,shipped,2024-01-17
8203,646,195,10,515.75,0,5157.5,delivered,2025-10-17
8204,1105,192,18,576.21,0,10371.78,returned,2024-05-17
8205,1411,135,1,674.59,27.01,674.59,pending,2022-06-13
8206,806,58,8,583.34,23.64,4666.72,delivered,2022-11-17
8207,797,88,3,646.25,20.24,1938.75,shipped,2022-06-17
8208,885,160,14,574.94,13.13,8049.16,cancelled,2025-02-14
8209,20,112,16,393.73,0,6299.68,cancelled,2023-07-21
8210,1773,102,7,573.77,0,4016.39,returned,2025-07-22
8211,1118,127,9,623.12,0,5608.08,shipped,2024-01-24
8212,771,41,19,693.85,0,13183.15,pending,2024-06-15
8213,1194,112,11,393.73,25.55,4331.03,returned,2022-06-02
8214,1813,164,10,527.51,0,5275.1,shipped,2022-06-19
8215,1775,176,14,850.78,0,11910.92,pending,2024-09-01
8216,329,119,1,371.17,0,371.17,cancelled,2025-07-18
8217,1256,20,1,481.5,8.95,481.5,cancelled,2024-06-08
8218,450,9,3,332.46,0,997.38,shipped,2022-11-03
8219,252,38,15,458.13,16.82,6871.95,cancelled,2024-11-11
8220,824,144,16,247.92,0,3966.72,returned,2025-06-08
8221,1753,157,2,83.71,0,167.42,returned,2022-01-17
8222,944,162,7,600.01,0,4200.07,delivered,2025-04-14
8223,1306,41,16,693.85,0,11101.6,cancelled,2022-10-10
8224,661,184,6,385.1,0,2310.6,returned,2025-01-28
8225,1435,29,19,717.02,0,13623.38,delivered,2024-01-24
8226,1496,183,12,656.46,0,7877.52,delivered,2025-01-23
8227,1181,160,16,574.94,0,9199.04,cancelled,2023-11-04
8228,1520,49,13,875.58,0,11382.54,shipped,2024-11-12
8229,478,106,14,596.1,0,8345.4,delivered,2024-08-19
8230,807,151,10,770.69,0,7706.9,shipped,2025-12-01
8231,1215,3,1,536.43,21.88,536.43,pending,2022-04-15
8232,604,168,9,701.25,0,6311.25,returned,2025-03-21
8233,884,162,8,600.01,0,4800.08,delivered,2022-10-19
8234,646,6,1,183.59,0,183.59,returned,2022-10-25
8235,1594,167,17,277.82,2.08,4722.94,cancelled,2024-02-17
8236,788,56,18,561.69,0,10110.42,shipped,2023-12-03
8237,1665,101,16,100.03,28.8,1600.48,cancelled,2025-11-27
8238,50,80,18,59.51,0,1071.18,returned,2022-05-16
8239,778,133,17,298.55,0,5075.35,cancelled,2024-06-28
8240,935,97,1,305.05,0,305.05,cancelled,2023-03-07
8241,500,178,10,354.22,0,3542.2,returned,2025-04-05
8242,327,152,4,911.9,15.31,3647.6,shipped,2024-03-12
8243,676,2,11,667,0,7337,pending,2022-11-01
8244,1074,43,18,64.03,0,1152.54,cancelled,2025-10-03
8245,468,172,2,95.98,0,191.96,delivered,2023-03-21
8246,1374,120,16,239.25,18.76,3828,cancelled,2024-03-20
8247,2000,35,13,645.79,0,8395.27,cancelled,2022-12-23
8248,130,69,1,409.64,14.07,409.64,pending,2025-02-26
8249,134,32,3,244.09,0,732.27,delivered,2025-11-11
8250,1819,197,17,822.64,8.05,13984.88,shipped,2022-08-25
8251,880,108,16,541.06,0,8656.96,pending,2025-01-06
8252,344,142,14,446.08,0,6245.12,delivered,2023-02-26
8253,307,21,8,554.6,27.29,4436.8,delivered,2025-06-17
8254,1567,75,7,95.54,27.38,668.78,shipped,2025-08-04
8255,148,36,11,406.43,9.44,4470.73,delivered,2022-12-21
8256,468,89,8,968.98,0,7751.84,returned,2024-11-13
8257,259,84,1,903.84,0,903.84,pending,2024-08-23
8258,517,140,8,966.17,0,7729.36,returned,2025-06-16
8259,42,199,4,565.45,0,2261.8,delivered,2025-04-26
8260,503,88,11,646.25,0,7108.75,shipped,2024-06-19
8261,891,185,6,326.55,8.31,1959.3,delivered,2022-10-01
8262,1495,91,12,916.22,22.8,10994.64,cancelled,2024-06-14
8263,1093,164,8,527.51,2.29,4220.08,delivered,2022-08-19
8264,1706,164,19,527.51,0,10022.69,delivered,2023-04-08
8265,899,79,9,60.77,0,546.93,pending,2024-01-14
8266,865,69,18,409.64,0,7373.52,delivered,2025-11-14
8267,730,112,18,393.73,0,7087.14,shipped,2023-08-08
8268,114,2,4,667,0,2668,pending,2022-03-08
8269,276,186,5,627.64,0,3138.2,returned,2022-03-19
8270,913,117,6,660.46,0,3962.76,shipped,2025-09-14
8271,653,117,12,660.46,0,7925.52,cancelled,2025-01-26
8272,1564,112,1,393.73,24.49,393.73,pending,2023-11-07
8273,1174,199,8,565.45,0,4523.6,delivered,2023-12-02
8274,1061,34,16,827.62,12.21,13241.92,returned,2022-08-13
8275,608,157,16,83.71,0,1339.36,cancelled,2025-09-14
8276,1768,48,15,184.21,0,2763.15,pending,2022-01-15
8277,552,198,14,380.95,0,5333.3,pending,2024-07-24
8278,1854,64,2,663.35,0,1326.7,returned,2024-05-19
8279,1507,199,15,565.45,0,8481.75,delivered,2024-09-10
8280,1704,148,16,72.74,25.58,1163.84,pending,2024-01-13
8281,66,55,13,112.9,0,1467.7,delivered,2022-06-10
8282,722,146,18,629.33,0,11327.94,pending,2025-06-03
8283,1643,99,12,47.38,0,568.56,returned,2024-08-03
8284,487,162,1,600.01,1.66,600.01,returned,2025-12-18
8285,45,100,2,779.66,0,1559.32,pending,2022-04-09
8286,376,43,15,64.03,9.52,960.45,cancelled,2025-09-07
8287,209,91,17,916.22,0,15575.74,pending,2024-06-26
8288,1878,25,5,219.32,3.47,1096.6,returned,2024-07-23
8289,1161,128,16,216.83,19.24,3469.28,returned,2023-11-23
8290,261,17,15,122.61,0,1839.15,shipped,2022-06-23
8291,1145,199,7,565.45,0,3958.15,returned,2022-03-12
8292,513,42,17,874.09,0,14859.53,returned,2022-05-08
8293,1338,91,19,916.22,0,17408.18,shipped,2025-06-09
8294,277,66,2,397.63,0,795.26,shipped,2023-09-12
8295,58,7,5,669.43,17.78,3347.15,cancelled,2025-10-20
8296,1677,32,3,244.09,1.21,732.27,cancelled,2024-11-15
8297,282,127,16,623.12,27.33,9969.92,pending,2025-07-28
8298,392,145,7,593.41,17.47,4153.87,delivered,2023-05-03
8299,119,181,14,824.33,0,11540.62,delivered,2025-08-01
8300,953,106,14,596.1,0,8345.4,cancelled,2025-03-16
8301,1720,117,3,660.46,0,1981.38,pending,2024-04-15
8302,1671,30,19,125.04,0,2375.76,cancelled,2022-11-12
8303,1912,162,9,600.01,0,5400.09,shipped,2022-10-01
8304,1859,191,13,778.27,8.8,10117.51,shipped,2023-07-04
8305,1886,17,1,122.61,0,122.61,shipped,2025-12-21
8306,738,93,18,750.35,0,13506.3,shipped,2023-07-10
8307,1569,18,14,83.56,7.11,1169.84,delivered,2025-07-14
8308,1020,35,13,645.79,0,8395.27,cancelled,2025-05-06
8309,383,192,9,576.21,20.99,5185.89,pending,2023-03-21
8310,493,15,9,825.2,0,7426.8,pending,2023-06-21
8311,828,41,3,693.85,19.12,2081.55,cancelled,2022-03-18
8312,1512,177,4,350.23,25.28,1400.92,returned,2022-05-08
8313,1600,73,19,238.38,0.78,4529.22,returned,2024-04-17
8314,1299,47,3,645.14,0,1935.42,delivered,2023-09-07
8315,1259,159,3,174.14,0,522.42,delivered,2022-08-01
8316,154,149,6,515.34,26.99,3092.04,pending,2025-06-06
8317,623,67,14,692.69,22.74,9697.66,delivered,2022-05-01
8318,546,123,3,58.49,0,175.47,delivered,2022-05-21
8319,1331,16,4,846.4,0,3385.6,cancelled,2025-10-01
8320,1599,92,2,52.57,0,105.14,cancelled,2023-09-09
8321,1612,119,9,371.17,0,3340.53,returned,2024-05-28
8322,259,184,16,385.1,0,6161.6,cancelled,2023-01-24
8323,1363,3,5,536.43,28.34,2682.15,pending,2022-11-28
8324,213,78,10,335.71,0,3357.1,returned,2025-01-17
8325,790,6,16,183.59,0,2937.44,delivered,2022-07-18
8326,1106,95,15,988.58,4.31,14828.7,shipped,2022-01-06
8327,675,119,10,371.17,0,3711.7,pending,2024-01-24
8328,1164,159,6,174.14,0,1044.84,pending,2023-06-07
8329,1402,66,2,397.63,27.09,795.26,pending,2023-11-12
8330,1752,62,3,166.62,0,499.86,cancelled,2025-03-25
8331,156,77,18,97.67,12.04,1758.06,returned,2025-01-16
8332,246,25,13,219.32,0,2851.16,pending,2022-05-11
8333,164,184,1,385.1,3.2,385.1,shipped,2024-05-13
8334,796,20,8,481.5,3.08,3852,shipped,2024-02-04
8335,1473,124,9,809.49,0,7285.41,delivered,2023-04-09
8336,414,80,19,59.51,26.83,1130.69,shipped,2024-07-11
8337,1471,44,17,690.47,18.83,11737.99,cancelled,2024-10-25
8338,1643,162,9,600.01,0,5400.09,shipped,2024-03-07
8339,1601,43,8,64.03,0,512.24,pending,2023-04-15
8340,323,20,16,481.5,28.15,7704,cancelled,2024-11-03
8341,679,15,11,825.2,0,9077.2,shipped,2024-07-09
8342,444,189,5,492.26,0,2461.3,cancelled,2025-10-09
8343,1043,29,4,717.02,0,2868.08,pending,2025-11-14
8344,1804,155,7,431.01,2.3,3017.07,delivered,2023-01-10
8345,4,149,14,515.34,22.88,7214.76,pending,2025-05-25
8346,70,120,2,239.25,14.99,478.5,delivered,2025-10-26
8347,1987,23,17,713.25,0,12125.25,pending,2022-01-10
8348,161,69,17,409.64,8.24,6963.88,pending,2023-08-01
8349,306,64,10,663.35,2.3,6633.5,cancelled,2025-09-26
8350,642,172,19,95.98,8.8,1823.62,cancelled,2024-09-25
8351,1966,65,18,202.76,22.51,3649.68,cancelled,2023-06-17
8352,735,70,18,100.2,0,1803.6,pending,2023-06-09
8353,1777,53,13,655.86,26.42,8526.18,pending,2024-06-27
8354,405,4,12,943.2,0,11318.4,cancelled,2025-04-19
8355,634,200,1,990.22,0,990.22,cancelled,2025-10-26
8356,375,198,16,380.95,8.47,6095.2,cancelled,2024-03-25
8357,1418,10,13,859.56,13.34,11174.28,cancelled,2022-01-10
8358,376,92,1,52.57,20.74,52.57,delivered,2022-10-12
8359,1576,178,14,354.22,0,4959.08,delivered,2025-10-04
8360,843,85,19,378.98,0,7200.62,shipped,2024-11-04
8361,1924,145,9,593.41,0,5340.69,cancelled,2025-10-23
8362,558,87,18,600.01,0,10800.18,cancelled,2023-02-15
8363,302,137,12,358.4,0,4300.8,cancelled,2025-08-10
8364,381,43,12,64.03,15.21,768.36,delivered,2023-09-13
8365,328,44,17,690.47,0,11737.99,cancelled,2024-02-13
8366,1925,55,14,112.9,0,1580.6,returned,2023-06-19
8367,1555,180,1,774.95,0,774.95,delivered,2025-02-24
8368,404,124,13,809.49,0,10523.37,pending,2022-02-22
8369,192,123,17,58.49,0,994.33,returned,2023-04-04
8370,1348,102,2,573.77,0,1147.54,shipped,2023-08-07
8371,1114,100,15,779.66,0,11694.9,cancelled,2025-04-01
8372,876,1,15,932.66,0,13989.9,pending,2022-08-23
8373,62,25,2,219.32,0,438.64,cancelled,2025-05-17
8374,24,31,4,158.16,0,632.64,shipped,2024-11-16
8375,1495,99,17,47.38,0,805.46,shipped,2025-01-24
8376,1877,33,18,253.97,25.04,4571.46,pending,2023-12-19
8377,555,88,10,646.25,11.15,6462.5,pending,2025-01-14
8378,1052,47,1,645.14,26.4,645.14,shipped,2023-06-15
8379,721,70,14,100.2,0,1402.8,cancelled,2023-04-08
8380,1052,23,13,713.25,0,9272.25,cancelled,2023-02-18
8381,1892,96,1,697.43,27.57,697.43,pending,2024-10-25
8382,205,63,9,560.31,0,5042.79,delivered,2025-05-12
8383,1870,91,16,916.22,13.03,14659.52,pending,2023-03-09
8384,733,33,14,253.97,13.29,3555.58,delivered,2022-04-07
8385,520,43,1,64.03,0,64.03,delivered,2024-11-16
8386,904,98,9,66.06,0,594.54,returned,2025-10-17
8387,689,46,19,253.15,7.33,4809.85,returned,2022-12-15
8388,354,33,7,253.97,0,1777.79,delivered,2023-08-01
8389,780,99,8,47.38,0,379.04,pending,2023-03-05
8390,1903,112,14,393.73,20.32,5512.22,cancelled,2023-10-15
8391,1041,160,8,574.94,20.61,4599.52,pending,2023-12-04
8392,840,130,2,420.65,0,841.3,pending,2023-03-15
8393,1196,11,2,67.82,0,135.64,cancelled,2023-01-25
8394,1360,41,12,693.85,0,8326.2,pending,2022-03-03
8395,1158,41,16,693.85,0,11101.6,delivered,2023-01-04
8396,1669,48,3,184.21,0,552.63,shipped,2023-12-17
8397,55,71,6,903.42,0,5420.52,delivered,2023-08-19
8398,204,15,19,825.2,0,15678.8,returned,2025-05-13
8399,317,133,1,298.55,0,298.55,delivered,2025-06-26
8400,1132,165,4,583.18,19.34,2332.72,pending,2023-10-01
8401,164,197,15,822.64,0,12339.6,returned,2022-09-07
8402,1641,179,9,450.55,21.25,4054.95,returned,2022-11-25
8403,1602,194,16,510.14,0,8162.24,returned,2025-07-18
8404,1873,23,1,713.25,0,713.25,returned,2025-08-28
8405,364,106,9,596.1,0,5364.9,returned,2022-07-21
8406,1850,93,9,750.35,0,6753.15,pending,2023-10-03
8407,1941,158,5,150.99,0,754.95,pending,2022-12-08
8408,588,152,17,911.9,0,15502.3,delivered,2022-09-02
8409,889,173,16,580.62,0,9289.92,pending,2025-06-18
8410,1819,59,12,631.88,0,7582.56,returned,2024-03-14
8411,1195,51,9,328.87,0,2959.83,cancelled,2024-09-19
8412,567,81,1,637.31,0,637.31,delivered,2023-06-09
8413,693,152,4,911.9,24.33,3647.6,delivered,2024-06-19
8414,1063,188,9,176.18,0,1585.62,delivered,2023-09-28
8415,1410,46,5,253.15,0,1265.75,pending,2025-02-13
8416,977,105,14,317.66,2.35,4447.24,cancelled,2023-12-13
8417,200,22,18,119.41,14.12,2149.38,shipped,2025-11-18
8418,395,17,3,122.61,0,367.83,returned,2025-04-04
8419,746,60,19,774.36,0,14712.84,delivered,2023-03-24
8420,858,86,18,789.99,0,14219.82,delivered,2022-06-20
8421,1230,133,12,298.55,0,3582.6,pending,2022-02-24
8422,672,73,18,238.38,0,4290.84,shipped,2022-12-08
8423,104,143,9,59.58,0,536.22,shipped,2023-11-13
8424,1584,112,7,393.73,0,2756.11,delivered,2024-02-10
8425,1273,44,10,690.47,0,6904.7,cancelled,2023-02-24
8426,338,92,4,52.57,0,210.28,delivered,2025-09-02
8427,128,106,9,596.1,24.76,5364.9,shipped,2025-01-28
8428,242,41,11,693.85,0,7632.35,delivered,2024-11-15
8429,1065,104,7,386.74,0,2707.18,pending,2023-06-24
8430,936,20,7,481.5,0,3370.5,cancelled,2023-12-11
8431,936,185,3,326.55,0,979.65,delivered,2025-10-09
8432,916,161,10,81.95,0,819.5,shipped,2024-09-13
8433,1675,25,7,219.32,21.8,1535.24,pending,2022-12-23
8434,811,138,16,557.12,0,8913.92,delivered,2023-03-27
8435,934,54,4,976.53,0,3906.12,shipped,2024-08-16
8436,1311,132,6,173.13,0,1038.78,returned,2023-08-02
8437,931,23,11,713.25,0,7845.75,delivered,2022-05-17
8438,109,11,3,67.82,0,203.46,shipped,2022-10-10
8439,1929,8,15,581.03,0,8715.45,shipped,2023-06-17
8440,1521,112,7,393.73,0,2756.11,pending,2024-08-18
8441,1058,107,15,829.1,0,12436.5,delivered,2023-04-04
8442,1021,55,5,112.9,0,564.5,returned,2024-03-01
8443,1886,117,3,660.46,0,1981.38,delivered,2025-05-17
8444,1723,148,19,72.74,0,1382.06,shipped,2023-06-21
8445,1993,187,18,626.35,0,11274.3,shipped,2022-11-07
8446,457,88,8,646.25,0,5170,delivered,2022-06-01
8447,1633,148,10,72.74,0,727.4,returned,2022-05-22
8448,960,90,18,592.32,0,10661.76,cancelled,2022-10-27
8449,1477,37,12,235.47,10.11,2825.64,delivered,2024-04-06
8450,499,132,14,173.13,8.21,2423.82,pending,2025-01-02
8451,1171,162,13,600.01,25.94,7800.13,returned,2024-08-19
8452,504,70,18,100.2,17.51,1803.6,delivered,2024-02-09
8453,1818,193,5,271.72,0,1358.6,cancelled,2025-05-19
8454,1245,131,4,652.89,0,2611.56,pending,2025-03-25
8455,1066,126,6,118.97,20.81,713.82,shipped,2022-09-11
8456,302,193,15,271.72,0,4075.8,delivered,2023-12-01
8457,507,187,2,626.35,6.46,1252.7,pending,2022-09-05
8458,1135,165,18,583.18,6.63,10497.24,cancelled,2025-09-03
8459,1041,17,7,122.61,7.49,858.27,pending,2024-04-20
8460,761,65,3,202.76,19.54,608.28,returned,2022-03-19
8461,366,73,19,238.38,0,4529.22,delivered,2024-08-13
8462,886,197,1,822.64,0,822.64,returned,2022-07-15
8463,1287,86,3,789.99,0,2369.97,pending,2025-02-02
8464,1453,148,7,72.74,0,509.18,returned,2025-04-04
8465,1337,79,9,60.77,0,546.93,delivered,2023-09-06
8466,1170,75,18,95.54,0,1719.72,cancelled,2025-02-21
8467,1073,165,13,583.18,9.34,7581.34,shipped,2025-04-24
8468,893,164,17,527.51,0,8967.67,shipped,2023-08-11
8469,1380,146,8,629.33,0,5034.64,returned,2025-05-22
8470,196,72,2,633.89,0,1267.78,delivered,2023-12-23
8471,1349,108,18,541.06,0,9739.08,returned,2023-08-19
8472,1407,40,19,892.78,0,16962.82,pending,2025-09-25
8473,163,100,11,779.66,0,8576.26,delivered,2025-04-07
8474,1616,186,9,627.64,0,5648.76,cancelled,2025-09-14
8475,447,119,8,371.17,0,2969.36,cancelled,2023-05-10
8476,995,199,11,565.45,0,6219.95,returned,2022-03-03
8477,1046,81,15,637.31,0,9559.65,cancelled,2022-03-17
8478,394,88,8,646.25,0,5170,delivered,2023-02-02
8479,355,198,14,380.95,0,5333.3,cancelled,2023-04-21
8480,1687,188,7,176.18,0,1233.26,delivered,2022-11-02
8481,590,37,2,235.47,0,470.94,returned,2023-12-11
8482,852,15,14,825.2,3.97,11552.8,delivered,2024-08-08
8483,1981,68,13,447.71,0,5820.23,delivered,2025-06-23
8484,1135,122,18,816.6,0,14698.8,delivered,2025-10-18
8485,165,45,19,639.61,0.17,12152.59,returned,2025-03-02
8486,478,122,15,816.6,16.75,12249,pending,2025-09-01
8487,152,11,17,67.82,0,1152.94,pending,2022-11-16
8488,1976,83,10,806.73,0,8067.3,returned,2022-10-24
8489,1127,193,10,271.72,4.54,2717.2,returned,2023-06-15
8490,1472,60,9,774.36,0,6969.24,pending,2024-09-10
8491,1462,87,11,600.01,4.48,6600.11,pending,2024-03-16
8492,587,162,9,600.01,0,5400.09,pending,2024-04-09
8493,124,10,14,859.56,8.75,12033.84,returned,2022-01-17
8494,806,173,7,580.62,0,4064.34,shipped,2025-03-10
8495,298,67,10,692.69,0,6926.9,cancelled,2024-03-06
8496,404,151,9,770.69,0,6936.21,delivered,2024-04-15
8497,603,134,7,53.33,0,373.31,cancelled,2025-05-06
8498,1027,74,9,221.84,0,1996.56,pending,2023-11-18
8499,1894,183,4,656.46,0,2625.84,delivered,2024-02-23
8500,300,192,19,576.21,15.5,10947.99,pending,2022-06-15
8501,300,104,11,386.74,0,4254.14,shipped,2023-03-24
8502,508,17,18,122.61,13.28,2206.98,returned,2022-05-15
8503,1526,170,10,944.19,24.43,9441.9,shipped,2025-05-24
8504,728,179,16,450.55,0,7208.8,returned,2024-03-26
8505,1357,148,15,72.74,0,1091.1,cancelled,2025-05-01
8506,451,6,8,183.59,0,1468.72,returned,2023-07-21
8507,1347,28,12,829.59,0,9955.08,delivered,2022-02-12
8508,481,163,8,241.1,12.57,1928.8,cancelled,2025-08-18
8509,1591,4,15,943.2,22.15,14148,pending,2023-06-07
8510,55,121,17,963.7,0,16382.9,shipped,2023-11-02
8511,165,50,9,724.2,0,6517.8,pending,2024-09-18
8512,445,75,11,95.54,0,1050.94,shipped,2025-11-18
8513,1581,195,18,515.75,0,9283.5,shipped,2025-09-11
8514,1272,52,3,370.49,0,1111.47,cancelled,2022-05-20
8515,367,85,15,378.98,0,5684.7,delivered,2025-10-05
8516,1195,57,9,141.75,0,1275.75,pending,2024-12-14
8517,513,153,11,22.28,0,245.08,delivered,2025-08-11
8518,742,117,8,660.46,0,5283.68,pending,2024-06-19
8519,784,122,16,816.6,0,13065.6,cancelled,2023-08-27
8520,390,69,7,409.64,0,2867.48,delivered,2022-11-11
8521,597,33,7,253.97,0,1777.79,pending,2022-12-20
8522,463,190,16,524.31,0,8388.96,pending,2023-09-07
8523,251,68,7,447.71,0,3133.97,returned,2022-07-22
8524,289,111,5,281.59,0,1407.95,shipped,2023-04-09
8525,1508,179,3,450.55,0,1351.65,returned,2022-05-13
8526,725,9,2,332.46,0,664.92,delivered,2024-07-14
8527,1705,19,13,437.6,0,5688.8,delivered,2025-08-14
8528,1358,194,8,510.14,0,4081.12,pending,2025-02-13
8529,766,61,5,968.17,0,4840.85,cancelled,2025-12-04
8530,1949,123,4,58.49,0,233.96,returned,2025-04-20
8531,447,55,18,112.9,21.3,2032.2,delivered,2025-09-15
8532,1752,143,10,59.58,0,595.8,cancelled,2025-02-04
8533,1730,171,2,845.83,0,1691.66,delivered,2023-02-27
8534,805,106,1,596.1,10.19,596.1,pending,2022-09-15
8535,1276,196,15,542.59,0,8138.85,cancelled,2024-02-27
8536,1878,83,3,806.73,0,2420.19,returned,2025-12-18
8537,283,175,19,211.16,0,4012.04,pending,2022-09-16
8538,812,153,8,22.28,12.57,178.24,delivered,2025-08-19
8539,323,84,12,903.84,10.89,10846.08,shipped,2025-08-10
8540,1411,192,9,576.21,0,5185.89,shipped,2024-09-05
8541,1535,2,9,667,5.81,6003,cancelled,2025-05-13
8542,27,152,8,911.9,0,7295.2,pending,2023-02-13
8543,794,149,12,515.34,0,6184.08,pending,2024-12-26
8544,1049,142,8,446.08,0,3568.64,delivered,2023-10-24
8545,626,93,3,750.35,0,2251.05,cancelled,2023-10-20
8546,1614,28,13,829.59,0,10784.67,returned,2025-03-04
8547,120,113,4,129.9,0,519.6,pending,2022-02-11
8548,1723,59,8,631.88,0,5055.04,cancelled,2023-10-24
8549,1492,129,19,730.46,0,13878.74,shipped,2023-09-22
8550,303,195,8,515.75,0,4126,delivered,2022-11-14
8551,1654,38,19,458.13,20.12,8704.47,delivered,2023-04-27
8552,1818,81,18,637.31,4.2,11471.58,cancelled,2025-04-28
8553,1694,126,11,118.97,0,1308.67,cancelled,2025-11-22
8554,686,83,4,806.73,8.96,3226.92,delivered,2024-06-09
8555,305,129,6,730.46,0,4382.76,cancelled,2022-03-10
8556,1059,93,19,750.35,0,14256.65,pending,2025-04-13
8557,199,43,6,64.03,1.67,384.18,shipped,2024-12-11
8558,319,41,17,693.85,0,11795.45,shipped,2022-11-18
8559,70,38,8,458.13,0,3665.04,delivered,2022-02-04
8560,591,1,10,932.66,0,9326.6,pending,2025-08-26
8561,72,24,2,58.24,0,116.48,shipped,2023-07-15
8562,1349,68,16,447.71,0,7163.36,cancelled,2025-07-08
8563,890,38,5,458.13,0,2290.65,cancelled,2023-06-28
8564,305,167,5,277.82,0,1389.1,delivered,2022-05-28
8565,1584,117,5,660.46,0,3302.3,shipped,2023-12-19
8566,1862,113,3,129.9,0,389.7,pending,2024-11-23
8567,1434,134,14,53.33,0,746.62,cancelled,2022-08-09
8568,974,141,11,621.99,0,6841.89,shipped,2022-07-11
8569,1383,139,1,43.53,0,43.53,returned,2025-12-02
8570,1247,26,13,362.01,0,4706.13,cancelled,2025-05-21
8571,468,108,5,541.06,0,2705.3,shipped,2022-11-02
8572,1967,82,19,286.13,0,5436.47,delivered,2022-11-07
8573,1905,51,11,328.87,0,3617.57,returned,2022-01-03
8574,1127,142,7,446.08,23.05,3122.56,cancelled,2022-07-13
8575,1273,180,5,774.95,0,3874.75,delivered,2025-04-06
8576,247,52,13,370.49,0,4816.37,cancelled,2023-03-11
8577,422,181,1,824.33,0,824.33,delivered,2024-06-16
8578,1092,112,19,393.73,8.54,7480.87,returned,2022-09-12
8579,556,83,5,806.73,0,4033.65,delivered,2022-03-24
8580,1916,181,1,824.33,0,824.33,shipped,2024-01-18
8581,1254,109,9,21.24,0,191.16,returned,2023-02-21
8582,1172,35,10,645.79,0,6457.9,shipped,2024-02-04
8583,1070,53,2,655.86,0,1311.72,returned,2024-06-20
8584,1065,113,2,129.9,17.23,259.8,cancelled,2024-03-05
8585,575,174,15,231.71,0,3475.65,pending,2025-12-10
8586,1439,199,16,565.45,0,9047.2,shipped,2022-08-05
8587,1813,11,9,67.82,28.06,610.38,shipped,2023-02-16
8588,108,28,10,829.59,3.29,8295.9,delivered,2023-02-07
8589,1470,184,3,385.1,0,1155.3,cancelled,2025-11-14
8590,562,98,18,66.06,0,1189.08,delivered,2023-12-17
8591,1532,35,3,645.79,1.2,1937.37,pending,2025-03-22
8592,1269,131,7,652.89,0,4570.23,cancelled,2022-05-27
8593,1652,121,17,963.7,0,16382.9,returned,2023-04-04
8594,1860,1,8,932.66,0,7461.28,shipped,2022-07-11
8595,1419,20,6,481.5,0,2889,delivered,2025-01-17
8596,82,62,16,166.62,0,2665.92,delivered,2024-07-20
8597,1469,12,6,654.54,0,3927.24,returned,2025-09-02
8598,1937,24,19,58.24,0,1106.56,pending,2024-12-15
8599,1951,145,6,593.41,0,3560.46,cancelled,2022-04-04
8600,947,86,18,789.99,0,14219.82,pending,2022-12-07
8601,1997,139,13,43.53,0,565.89,pending,2024-07-13
8602,228,183,19,656.46,0,12472.74,pending,2022-10-12
8603,275,63,12,560.31,25.48,6723.72,pending,2025-12-04
8604,207,131,17,652.89,0,11099.13,returned,2025-08-06
8605,278,83,16,806.73,13.01,12907.68,delivered,2022-06-26
8606,896,67,19,692.69,6.27,13161.11,shipped,2025-01-09
8607,949,184,1,385.1,0,385.1,returned,2023-08-01
8608,24,43,8,64.03,0,512.24,shipped,2025-03-08
8609,435,87,8,600.01,0,4800.08,delivered,2023-02-04
8610,1696,79,2,60.77,8.11,121.54,shipped,2025-05-19
8611,53,41,2,693.85,20.81,1387.7,pending,2024-10-13
8612,946,194,6,510.14,0,3060.84,returned,2023-03-03
8613,210,139,18,43.53,0,783.54,returned,2022-02-15
8614,507,182,2,718.6,4.15,1437.2,delivered,2023-05-05
8615,1108,72,9,633.89,0,5705.01,shipped,2023-07-21
8616,655,192,1,576.21,19.63,576.21,pending,2022-12-19
8617,1809,5,6,604.81,5.06,3628.86,delivered,2025-10-08
8618,910,73,4,238.38,13.1,953.52,pending,2022-10-26
8619,166,32,14,244.09,0,3417.26,shipped,2025-12-13
8620,542,116,8,208.96,0,1671.68,cancelled,2023-11-15
8621,1833,94,15,8.03,16.21,120.45,pending,2024-10-17
8622,337,66,3,397.63,0,1192.89,pending,2025-07-13
8623,1401,88,11,646.25,0,7108.75,shipped,2022-09-14
8624,1301,160,15,574.94,0,8624.1,delivered,2022-04-23
8625,97,172,15,95.98,0,1439.7,returned,2024-08-18
8626,205,91,15,916.22,0,13743.3,delivered,2025-07-07
8627,798,30,18,125.04,20.1,2250.72,shipped,2025-03-06
8628,579,109,8,21.24,0,169.92,returned,2025-05-05
8629,945,115,2,763.04,21.05,1526.08,shipped,2024-12-22
8630,1568,33,19,253.97,0,4825.43,returned,2023-09-14
8631,415,45,6,639.61,0,3837.66,shipped,2022-02-05
8632,1346,173,17,580.62,0,9870.54,cancelled,2024-06-24
8633,92,8,6,581.03,28.28,3486.18,pending,2024-09-11
8634,690,57,3,141.75,0,425.25,cancelled,2024-02-10
8635,1825,5,13,604.81,0,7862.53,pending,2022-04-01
8636,1396,55,13,112.9,0,1467.7,shipped,2023-12-26
8637,499,183,14,656.46,0,9190.44,shipped,2024-09-19
8638,247,133,7,298.55,6.53,2089.85,cancelled,2022-07-23
8639,424,18,16,83.56,0,1336.96,shipped,2023-07-25
8640,74,19,6,437.6,0,2625.6,returned,2022-05-27
8641,1344,112,12,393.73,0,4724.76,pending,2024-08-19
8642,989,179,3,450.55,18.75,1351.65,pending,2023-05-27
8643,1865,74,16,221.84,9.13,3549.44,pending,2023-04-20
8644,1482,156,15,200.01,18.53,3000.15,pending,2022-10-03
8645,1426,128,19,216.83,4.96,4119.77,pending,2022-05-17
8646,143,70,12,100.2,0,1202.4,delivered,2024-05-23
8647,66,115,19,763.04,2.71,14497.76,returned,2023-10-25
8648,673,20,18,481.5,0,8667,returned,2025-02-14
8649,1760,62,18,166.62,0,2999.16,returned,2024-01-27
8650,401,187,6,626.35,0,3758.1,returned,2025-11-18
8651,17,165,18,583.18,0,10497.24,cancelled,2022-03-18
8652,1881,155,19,431.01,0,8189.19,pending,2022-03-03
8653,127,47,3,645.14,0,1935.42,cancelled,2024-02-24
8654,1871,50,2,724.2,0,1448.4,shipped,2024-12-02
8655,1003,170,5,944.19,0,4720.95,shipped,2022-06-20
8656,588,27,16,141.19,0.8,2259.04,cancelled,2023-01-06
8657,567,176,12,850.78,0,10209.36,pending,2023-01-27
8658,387,146,4,629.33,19.31,2517.32,shipped,2024-12-27
8659,1559,185,1,326.55,4.22,326.55,cancelled,2024-12-07
8660,707,75,10,95.54,0,955.4,returned,2022-08-07
8661,689,70,4,100.2,0,400.8,cancelled,2025-06-12
8662,315,163,14,241.1,0,3375.4,pending,2025-06-01
8663,1047,63,12,560.31,22.32,6723.72,pending,2022-04-17
8664,88,183,10,656.46,0,6564.6,cancelled,2022-01-22
8665,1386,25,4,219.32,0,877.28,returned,2024-05-01
8666,1865,51,7,328.87,0,2302.09,delivered,2024-04-19
8667,354,188,1,176.18,0,176.18,delivered,2022-07-21
8668,785,24,13,58.24,0,757.12,cancelled,2025-06-07
8669,1778,4,3,943.2,0,2829.6,returned,2022-11-03
8670,281,85,19,378.98,0,7200.62,cancelled,2023-04-10
8671,1498,49,13,875.58,0,11382.54,cancelled,2024-06-08
8672,1976,116,18,208.96,28.78,3761.28,pending,2022-07-10
8673,883,155,4,431.01,24.36,1724.04,cancelled,2025-03-04
8674,1815,175,14,211.16,0,2956.24,pending,2023-09-24
8675,1991,80,9,59.51,0,535.59,returned,2025-09-26
8676,1336,157,1,83.71,0.88,83.71,cancelled,2024-06-05
8677,1097,189,13,492.26,0,6399.38,delivered,2023-09-24
8678,254,91,12,916.22,0,10994.64,pending,2025-11-18
8679,1535,56,6,561.69,0,3370.14,delivered,2022-10-20
8680,701,197,12,822.64,0,9871.68,pending,2024-06-18
8681,719,163,12,241.1,0,2893.2,pending,2025-05-23
8682,1188,187,10,626.35,23.87,6263.5,delivered,2022-05-14
8683,1105,183,10,656.46,0,6564.6,delivered,2024-04-04
8684,1913,26,19,362.01,0,6878.19,shipped,2022-09-04
8685,893,150,8,533.49,0,4267.92,shipped,2022-11-14
8686,40,130,19,420.65,6.46,7992.35,delivered,2022-02-27
8687,1370,63,7,560.31,3.08,3922.17,pending,2022-07-23
8688,274,101,7,100.03,0,700.21,returned,2023-11-24
8689,675,192,3,576.21,0,1728.63,shipped,2022-09-25
8690,141,59,4,631.88,0,2527.52,pending,2022-04-12
8691,490,137,7,358.4,4.62,2508.8,cancelled,2023-07-01
8692,30,115,5,763.04,11.18,3815.2,pending,2023-05-08
8693,501,145,11,593.41,0,6527.51,cancelled,2023-10-24
8694,177,40,13,892.78,0,11606.14,delivered,2023-08-16
8695,1009,80,5,59.51,13.7,297.55,delivered,2024-10-28
8696,1561,86,9,789.99,0,7109.91,shipped,2025-04-27
8697,559,84,9,903.84,29.39,8134.56,shipped,2025-01-26
8698,415,6,17,183.59,0,3121.03,shipped,2025-01-25
8699,35,141,2,621.99,22.66,1243.98,shipped,2024-08-24
8700,1302,68,5,447.71,26.2,2238.55,shipped,2022-02-14
8701,1657,38,2,458.13,0,916.26,cancelled,2022-11-19
8702,1885,138,13,557.12,29.06,7242.56,delivered,2024-08-18
8703,760,63,11,560.31,13.28,6163.41,shipped,2022-07-11
8704,959,112,16,393.73,0,6299.68,returned,2025-11-25
8705,807,32,9,244.09,0,2196.81,shipped,2024-11-22
8706,148,124,17,809.49,0,13761.33,shipped,2023-03-23
8707,1127,145,16,593.41,0,9494.56,cancelled,2024-08-17
8708,651,148,10,72.74,0,727.4,cancelled,2025-09-11
8709,1503,33,14,253.97,0,3555.58,returned,2024-08-02
8710,1131,174,4,231.71,21.54,926.84,cancelled,2023-11-21
8711,262,136,1,28.67,0,28.67,shipped,2023-02-17
8712,60,87,11,600.01,10.65,6600.11,delivered,2025-04-21
8713,275,165,17,583.18,0,9914.06,delivered,2023-10-17
8714,369,100,8,779.66,0,6237.28,cancelled,2025-08-02
8715,1093,7,3,669.43,2.83,2008.29,returned,2023-04-05
8716,1701,146,2,629.33,16.17,1258.66,shipped,2025-07-26
8717,411,33,6,253.97,0,1523.82,pending,2023-01-04
8718,1117,65,9,202.76,0,1824.84,delivered,2022-11-19
8719,1364,73,18,238.38,0,4290.84,returned,2023-03-26
8720,902,96,14,697.43,0,9764.02,delivered,2023-01-09
8721,584,59,12,631.88,0,7582.56,returned,2022-08-04
8722,762,63,18,560.31,0,10085.58,shipped,2024-01-03
8723,191,11,8,67.82,0,542.56,shipped,2024-02-11
8724,664,20,5,481.5,0,2407.5,pending,2022-02-14
8725,1806,70,8,100.2,0,801.6,pending,2023-02-18
8726,1236,49,9,875.58,0,7880.22,pending,2025-03-18
8727,1712,51,15,328.87,0,4933.05,pending,2022-12-03
8728,1467,64,5,663.35,0,3316.75,pending,2022-06-06
8729,695,144,13,247.92,24.93,3222.96,cancelled,2025-03-19
8730,933,19,9,437.6,0,3938.4,returned,2022-09-16
8731,665,94,4,8.03,0,32.12,pending,2023-06-02
8732,818,33,17,253.97,0,4317.49,cancelled,2024-01-14
8733,797,170,1,944.19,0,944.19,cancelled,2024-12-21
8734,1354,113,12,129.9,0,1558.8,shipped,2022-01-06
8735,1808,110,14,77.9,10.58,1090.6,pending,2024-01-07
8736,844,181,8,824.33,0,6594.64,pending,2025-03-26
8737,752,49,8,875.58,0,7004.64,cancelled,2025-06-23
8738,1341,106,12,596.1,0,7153.2,pending,2025-08-27
8739,299,128,12,216.83,0,2601.96,delivered,2024-08-14
8740,389,12,18,654.54,29.06,11781.72,cancelled,2022-10-01
8741,207,59,12,631.88,0,7582.56,delivered,2024-08-24
8742,1610,184,4,385.1,25.46,1540.4,returned,2024-03-02
8743,1394,15,13,825.2,0,10727.6,pending,2023-09-10
8744,1865,181,2,824.33,0,1648.66,delivered,2022-10-11
8745,446,102,15,573.77,0,8606.55,cancelled,2024-06-23
8746,1491,48,7,184.21,0,1289.47,pending,2022-06-24
8747,154,55,6,112.9,0,677.4,delivered,2022-07-08
8748,383,13,8,30.37,0,242.96,returned,2022-04-15
8749,86,47,11,645.14,11.82,7096.54,delivered,2024-10-26
8750,899,114,19,139.28,0,2646.32,cancelled,2022-11-07
8751,1446,75,4,95.54,0,382.16,delivered,2023-02-05
8752,407,66,10,397.63,0,3976.3,pending,2022-09-14
8753,350,31,8,158.16,0,1265.28,delivered,2025-01-20
8754,229,63,7,560.31,0,3922.17,delivered,2022-04-23
8755,1189,180,14,774.95,0,10849.3,shipped,2023-07-24
8756,733,153,7,22.28,0,155.96,pending,2022-07-12
8757,1586,27,8,141.19,0,1129.52,cancelled,2022-01-23
8758,1287,160,16,574.94,0,9199.04,pending,2022-12-14
8759,534,129,3,730.46,0,2191.38,returned,2025-08-11
8760,1639,192,8,576.21,0,4609.68,delivered,2022-01-12
8761,959,26,9,362.01,0,3258.09,returned,2025-09-05
8762,270,138,6,557.12,0,3342.72,returned,2023-04-22
8763,1687,30,5,125.04,16.86,625.2,shipped,2022-02-11
8764,1672,47,4,645.14,0,2580.56,returned,2025-10-11
8765,72,8,13,581.03,0,7553.39,shipped,2022-05-08
8766,541,143,7,59.58,2.59,417.06,shipped,2023-05-17
8767,471,98,8,66.06,0,528.48,delivered,2023-10-27
8768,834,132,17,173.13,0,2943.21,returned,2023-10-17
8769,1516,125,17,142.11,15.85,2415.87,pending,2024-08-25
8770,815,156,2,200.01,29.05,400.02,cancelled,2022-08-23
8771,884,28,11,829.59,0,9125.49,delivered,2023-06-24
8772,230,181,18,824.33,0,14837.94,returned,2022-12-18
8773,238,83,12,806.73,0,9680.76,cancelled,2024-03-27
8774,1915,44,16,690.47,22.77,11047.52,returned,2024-05-13
8775,843,55,8,112.9,0,903.2,shipped,2023-04-09
8776,1240,13,13,30.37,0,394.81,pending,2023-10-03
8777,1107,34,4,827.62,0,3310.48,shipped,2022-10-10
8778,591,183,19,656.46,0,12472.74,pending,2024-06-02
8779,1525,188,1,176.18,0,176.18,delivered,2025-09-14
8780,67,93,11,750.35,24.56,8253.85,pending,2024-07-13
8781,1575,56,14,561.69,0,7863.66,cancelled,2025-03-15
8782,156,92,11,52.57,0,578.27,cancelled,2024-02-15
8783,264,8,3,581.03,0,1743.09,cancelled,2023-04-28
8784,1932,6,19,183.59,0,3488.21,shipped,2022-12-18
8785,537,20,16,481.5,23.46,7704,delivered,2023-07-24
8786,413,185,8,326.55,0,2612.4,pending,2025-06-21
8787,1925,184,15,385.1,0,5776.5,shipped,2025-04-24
8788,923,161,12,81.95,7.82,983.4,delivered,2022-03-04
8789,1255,157,9,83.71,10.5,753.39,delivered,2025-03-03
8790,501,79,5,60.77,0,303.85,delivered,2022-06-03
8791,1909,188,7,176.18,0,1233.26,delivered,2025-11-27
8792,1074,27,3,141.19,0,423.57,shipped,2024-07-12
8793,650,98,15,66.06,0,990.9,pending,2023-03-16
8794,449,183,7,656.46,0,4595.22,shipped,2022-09-01
8795,35,19,10,437.6,11.76,4376,delivered,2023-11-12
8796,734,36,15,406.43,0,6096.45,cancelled,2023-04-21
8797,1045,15,14,825.2,0,11552.8,pending,2025-03-17
8798,519,152,11,911.9,0,10030.9,returned,2022-05-14
8799,1224,33,3,253.97,22.85,761.91,cancelled,2024-03-20
8800,340,31,9,158.16,0,1423.44,delivered,2025-03-17
8801,1156,48,9,184.21,0,1657.89,pending,2022-01-02
8802,596,140,18,966.17,17.24,17391.06,delivered,2023-09-27
8803,1397,172,13,95.98,0,1247.74,pending,2023-01-25
8804,1005,178,10,354.22,0,3542.2,shipped,2024-12-23
8805,637,117,4,660.46,0,2641.84,returned,2023-02-12
8806,1230,84,11,903.84,0,9942.24,cancelled,2022-05-08
8807,1519,13,16,30.37,6.17,485.92,returned,2024-08-09
8808,2000,178,12,354.22,0,4250.64,returned,2022-06-16
8809,27,72,15,633.89,8.73,9508.35,shipped,2023-11-17
8810,1769,170,19,944.19,0,17939.61,shipped,2025-08-22
8811,183,179,9,450.55,0,4054.95,shipped,2023-02-17
8812,416,117,18,660.46,0,11888.28,shipped,2022-03-24
8813,1934,41,16,693.85,0,11101.6,cancelled,2022-06-10
8814,352,182,18,718.6,0,12934.8,cancelled,2022-09-18
8815,972,158,13,150.99,0,1962.87,delivered,2025-05-10
8816,1595,83,7,806.73,0,5647.11,returned,2024-07-19
8817,445,90,3,592.32,0,1776.96,delivered,2025-06-05
8818,1548,13,15,30.37,13.05,455.55,returned,2025-10-02
8819,466,88,7,646.25,0,4523.75,returned,2024-05-11
8820,1889,43,1,64.03,19.64,64.03,delivered,2025-05-23
8821,768,139,8,43.53,0,348.24,delivered,2022-11-11
8822,201,65,10,202.76,0,2027.6,returned,2025-09-13
8823,1252,92,18,52.57,0,946.26,delivered,2023-01-18
8824,837,129,9,730.46,16.46,6574.14,pending,2022-06-22
8825,402,53,14,655.86,0,9182.04,delivered,2022-10-13
8826,931,110,6,77.9,0,467.4,shipped,2025-08-23
8827,82,48,15,184.21,0,2763.15,returned,2024-08-07
8828,1913,115,4,763.04,0,3052.16,cancelled,2024-07-13
8829,537,133,7,298.55,0,2089.85,delivered,2023-05-15
8830,908,149,17,515.34,29.56,8760.78,cancelled,2024-05-27
8831,1269,131,1,652.89,16.21,652.89,pending,2023-08-06
8832,1471,24,16,58.24,0,931.84,returned,2023-12-27
8833,1328,76,9,948.25,0,8534.25,returned,2025-08-23
8834,1127,199,11,565.45,0,6219.95,shipped,2024-09-28
8835,293,123,9,58.49,0,526.41,pending,2024-11-28
8836,1047,5,18,604.81,25.64,10886.58,returned,2023-01-01
8837,102,176,4,850.78,0,3403.12,delivered,2025-12-07
8838,1047,65,19,202.76,0,3852.44,pending,2022-09-24
8839,1900,112,12,393.73,0,4724.76,delivered,2025-08-20
8840,81,87,11,600.01,0,6600.11,cancelled,2022-04-17
8841,271,150,4,533.49,0,2133.96,cancelled,2024-03-03
8842,1365,138,5,557.12,0,2785.6,shipped,2024-01-13
8843,1893,157,5,83.71,19.96,418.55,shipped,2023-06-24
8844,981,148,13,72.74,0,945.62,cancelled,2022-10-21
8845,1056,6,8,183.59,0,1468.72,cancelled,2025-04-03
8846,1486,80,11,59.51,23.7,654.61,returned,2024-06-01
8847,1484,22,4,119.41,0,477.64,delivered,2025-07-14
8848,345,194,16,510.14,9.96,8162.24,cancelled,2023-06-05
8849,1354,150,8,533.49,28.79,4267.92,shipped,2025-09-15
8850,1444,67,9,692.69,0,6234.21,shipped,2025-07-19
8851,1182,34,15,827.62,0,12414.3,cancelled,2025-04-13
8852,697,151,6,770.69,8.65,4624.14,cancelled,2025-04-05
8853,344,179,16,450.55,7.44,7208.8,shipped,2022-05-14
8854,104,15,12,825.2,0,9902.4,cancelled,2025-04-28
8855,4,60,13,774.36,14.65,10066.68,cancelled,2022-05-25
8856,1707,69,19,409.64,28.73,7783.16,shipped,2024-09-24
8857,989,42,5,874.09,25.78,4370.45,cancelled,2023-05-18
8858,45,133,6,298.55,0,1791.3,cancelled,2022-10-06
8859,227,75,7,95.54,0,668.78,shipped,2023-10-16
8860,1435,197,6,822.64,17.36,4935.84,returned,2022-08-09
8861,919,58,14,583.34,0,8166.76,returned,2024-10-27
8862,560,10,17,859.56,18.61,14612.52,returned,2023-09-07
8863,1130,183,10,656.46,1.7,6564.6,cancelled,2025-08-12
8864,583,39,17,211.25,29.3,3591.25,shipped,2025-10-12
8865,93,63,4,560.31,0,2241.24,shipped,2022-09-26
8866,1366,160,14,574.94,0,8049.16,cancelled,2025-03-26
8867,656,113,4,129.9,9.39,519.6,returned,2025-10-20
8868,419,178,5,354.22,0,1771.1,shipped,2024-12-17
8869,613,93,10,750.35,0,7503.5,pending,2023-02-02
8870,1999,164,16,527.51,0,8440.16,shipped,2024-08-12
8871,865,81,6,637.31,0,3823.86,pending,2024-11-06
8872,1027,196,14,542.59,27.11,7596.26,pending,2023-11-23
8873,1810,144,1,247.92,0,247.92,delivered,2022-02-02
8874,269,102,1,573.77,23.47,573.77,returned,2023-01-20
8875,1472,16,6,846.4,0,5078.4,pending,2023-03-15
8876,1939,97,8,305.05,0,2440.4,pending,2023-12-17
8877,62,3,19,536.43,17.91,10192.17,delivered,2023-03-14
8878,639,15,15,825.2,0,12378,delivered,2023-02-06
8879,83,152,1,911.9,0,911.9,returned,2024-06-03
8880,1850,154,19,890.6,0,16921.4,shipped,2023-10-08
8881,9,121,4,963.7,6.08,3854.8,pending,2025-09-16
8882,1740,94,18,8.03,0,144.54,shipped,2023-09-01
8883,747,172,5,95.98,0,479.9,cancelled,2025-02-08
8884,1557,114,11,139.28,0,1532.08,delivered,2024-01-16
8885,824,100,18,779.66,29.28,14033.88,cancelled,2025-08-03
8886,215,124,10,809.49,0,8094.9,delivered,2022-03-04
8887,1235,13,17,30.37,17.48,516.29,pending,2024-01-12
8888,1278,13,10,30.37,22.52,303.7,returned,2024-12-17
8889,1624,22,11,119.41,24.61,1313.51,delivered,2025-05-06
8890,889,165,8,583.18,1.32,4665.44,delivered,2024-02-06
8891,1999,6,18,183.59,0,3304.62,delivered,2025-05-05
8892,109,10,10,859.56,0,8595.6,cancelled,2022-09-13
8893,1306,86,7,789.99,0,5529.93,pending,2022-05-22
8894,697,74,17,221.84,0,3771.28,cancelled,2025-09-02
8895,1671,128,9,216.83,0,1951.47,shipped,2023-09-18
8896,1884,68,17,447.71,0,7611.07,delivered,2025-10-06
8897,1888,146,19,629.33,0,11957.27,returned,2024-02-25
8898,1389,96,12,697.43,0,8369.16,delivered,2023-02-24
8899,1110,74,12,221.84,7.88,2662.08,cancelled,2023-12-26
8900,270,85,2,378.98,10.38,757.96,shipped,2025-06-03
8901,698,91,19,916.22,0,17408.18,delivered,2025-07-17
8902,1274,102,4,573.77,0,2295.08,cancelled,2025-05-15
8903,901,114,15,139.28,0,2089.2,cancelled,2023-07-15
8904,749,48,6,184.21,0,1105.26,cancelled,2022-12-08
8905,1486,95,9,988.58,0,8897.22,delivered,2024-12-20
8906,366,76,18,948.25,25.45,17068.5,shipped,2024-01-21
8907,943,4,6,943.2,15.87,5659.2,shipped,2024-06-26
8908,478,183,10,656.46,6.64,6564.6,delivered,2023-09-02
8909,236,114,3,139.28,0,417.84,pending,2022-11-25
8910,1194,200,7,990.22,0,6931.54,cancelled,2024-04-15
8911,1597,65,7,202.76,0,1419.32,cancelled,2022-03-22
8912,257,29,14,717.02,0,10038.28,delivered,2025-04-16
8913,747,69,10,409.64,0,4096.4,returned,2025-08-06
8914,1134,168,5,701.25,0,3506.25,delivered,2024-08-07
8915,1799,106,13,596.1,0,7749.3,returned,2025-02-22
8916,1519,164,4,527.51,0,2110.04,delivered,2023-05-11
8917,119,82,19,286.13,0,5436.47,returned,2025-03-26
8918,1681,195,8,515.75,0,4126,pending,2023-03-13
8919,1980,109,1,21.24,0,21.24,returned,2025-09-20
8920,708,124,13,809.49,0,10523.37,shipped,2024-10-05
8921,79,27,17,141.19,0.94,2400.23,delivered,2022-10-01
8922,1531,130,8,420.65,16.33,3365.2,delivered,2022-12-01
8923,48,142,17,446.08,3.31,7583.36,pending,2025-11-10
8924,773,168,16,701.25,0,11220,pending,2024-11-03
8925,1662,54,19,976.53,13.78,18554.07,shipped,2023-02-20
8926,1927,145,19,593.41,17.75,11274.79,returned,2022-02-14
8927,943,89,18,968.98,20.69,17441.64,shipped,2024-01-04
8928,717,141,4,621.99,29.57,2487.96,pending,2025-12-14
8929,1223,182,5,718.6,0,3593,delivered,2025-01-05
8930,935,145,18,593.41,16.65,10681.38,returned,2022-12-07
8931,281,120,12,239.25,0,2871,delivered,2025-05-01
8932,245,3,1,536.43,0,536.43,returned,2023-11-01
8933,147,144,19,247.92,0,4710.48,shipped,2025-10-21
8934,75,193,5,271.72,0,1358.6,shipped,2022-11-05
8935,1638,99,6,47.38,0,284.28,returned,2024-04-11
8936,323,113,2,129.9,0,259.8,pending,2025-10-06
8937,137,171,3,845.83,0,2537.49,delivered,2023-05-10
8938,856,79,10,60.77,0,607.7,shipped,2025-04-24
8939,1794,92,5,52.57,0,262.85,delivered,2025-04-28
8940,1568,82,5,286.13,0,1430.65,pending,2025-12-16
8941,1197,82,10,286.13,0,2861.3,shipped,2023-09-12
8942,1737,165,12,583.18,0,6998.16,delivered,2024-12-24
8943,1951,13,9,30.37,0,273.33,shipped,2023-10-10
8944,207,172,19,95.98,0,1823.62,delivered,2022-01-15
8945,49,56,17,561.69,0,9548.73,pending,2022-12-07
8946,756,46,16,253.15,9.24,4050.4,delivered,2024-03-17
8947,35,112,1,393.73,0,393.73,cancelled,2025-07-27
8948,1586,189,10,492.26,0,4922.6,pending,2022-09-10
8949,719,41,2,693.85,0,1387.7,pending,2023-04-28
8950,988,85,18,378.98,0,6821.64,cancelled,2024-07-18
8951,305,11,8,67.82,0,542.56,delivered,2022-12-12
8952,417,150,13,533.49,23.05,6935.37,pending,2025-01-25
8953,86,144,4,247.92,0,991.68,pending,2025-04-05
8954,1804,158,9,150.99,0,1358.91,pending,2023-07-21
8955,382,66,5,397.63,18.56,1988.15,shipped,2025-10-12
8956,617,65,15,202.76,0,3041.4,returned,2023-11-16
8957,425,32,8,244.09,0,1952.72,cancelled,2022-10-01
8958,874,162,1,600.01,14.44,600.01,shipped,2023-01-21
8959,1668,101,2,100.03,0,200.06,shipped,2024-02-23
8960,52,123,19,58.49,0,1111.31,cancelled,2024-05-21
8961,804,178,14,354.22,4.6,4959.08,delivered,2022-04-12
8962,564,25,12,219.32,0,2631.84,returned,2023-08-17
8963,290,142,3,446.08,0,1338.24,delivered,2024-01-08
8964,717,37,1,235.47,0,235.47,returned,2025-06-12
8965,1974,140,18,966.17,0,17391.06,returned,2023-11-26
8966,272,28,18,829.59,9.1,14932.62,shipped,2022-03-17
8967,773,102,7,573.77,24.91,4016.39,returned,2023-03-13
8968,92,60,1,774.36,18.12,774.36,pending,2022-07-20
8969,1821,195,7,515.75,0,3610.25,returned,2024-02-10
8970,547,74,19,221.84,0,4214.96,cancelled,2025-12-08
8971,1407,190,10,524.31,9.51,5243.1,pending,2022-03-16
8972,1517,52,7,370.49,6,2593.43,returned,2023-03-22
8973,1483,42,17,874.09,0,14859.53,delivered,2024-11-24
8974,762,37,2,235.47,0,470.94,delivered,2025-04-19
8975,891,22,5,119.41,0,597.05,delivered,2022-06-25
8976,1220,48,6,184.21,15.05,1105.26,shipped,2024-10-10
8977,1279,175,4,211.16,28.34,844.64,pending,2023-10-07
8978,1765,104,3,386.74,0,1160.22,returned,2022-09-25
8979,1075,132,18,173.13,6.29,3116.34,pending,2024-10-04
8980,577,70,15,100.2,25.76,1503,shipped,2023-05-05
8981,876,83,8,806.73,0,6453.84,delivered,2022-05-01
8982,1287,36,10,406.43,0,4064.3,cancelled,2023-03-13
8983,844,145,9,593.41,0,5340.69,delivered,2023-08-07
8984,1203,157,10,83.71,0,837.1,returned,2025-10-13
8985,1860,45,1,639.61,0.57,639.61,delivered,2024-10-21
8986,772,50,17,724.2,0,12311.4,cancelled,2023-09-01
8987,1004,25,4,219.32,0,877.28,returned,2022-01-16
8988,1737,88,15,646.25,0,9693.75,shipped,2024-01-21
8989,1941,121,6,963.7,29.82,5782.2,cancelled,2022-05-06
8990,1932,51,17,328.87,0.48,5590.79,shipped,2024-12-04
8991,1813,48,10,184.21,0,1842.1,returned,2022-09-05
8992,1850,36,17,406.43,0,6909.31,delivered,2022-02-01
8993,1969,109,9,21.24,0,191.16,shipped,2023-10-22
8994,1575,7,12,669.43,0,8033.16,pending,2025-10-04
8995,67,49,14,875.58,0,12258.12,returned,2025-06-26
8996,1770,37,12,235.47,0,2825.64,shipped,2024-11-12
8997,344,108,18,541.06,0,9739.08,pending,2024-08-21
8998,514,97,19,305.05,0,5795.95,cancelled,2022-03-16
8999,598,194,16,510.14,0,8162.24,cancelled,2023-05-23
9000,1800,194,4,510.14,0,2040.56,cancelled,2022-03-22
9001,378,134,1,53.33,28.82,53.33,pending,2023-02-16
9002,977,77,4,97.67,0,390.68,shipped,2024-09-17
9003,362,39,16,211.25,0,3380,shipped,2024-06-11
9004,337,67,12,692.69,0,8312.28,shipped,2025-12-22
9005,1887,116,3,208.96,0,626.88,delivered,2025-10-03
9006,1491,104,19,386.74,0,7348.06,shipped,2022-08-17
9007,1855,12,17,654.54,0,11127.18,cancelled,2024-12-09
9008,728,179,7,450.55,0.48,3153.85,returned,2025-02-25
9009,1412,73,4,238.38,0,953.52,delivered,2023-07-21
9010,1604,121,18,963.7,0,17346.6,returned,2023-09-15
9011,216,161,19,81.95,0,1557.05,delivered,2024-11-03
9012,1458,157,13,83.71,0,1088.23,delivered,2024-03-20
9013,1616,114,1,139.28,0.41,139.28,returned,2025-01-19
9014,770,15,13,825.2,0,10727.6,shipped,2025-01-09
9015,442,117,16,660.46,10.83,10567.36,delivered,2025-07-28
9016,1277,14,6,550.62,27.44,3303.72,pending,2022-10-15
9017,40,178,12,354.22,0,4250.64,shipped,2025-04-09
9018,803,54,2,976.53,0,1953.06,cancelled,2024-08-24
9019,591,127,4,623.12,0,2492.48,cancelled,2024-09-13
9020,45,79,5,60.77,0,303.85,shipped,2022-05-07
9021,1590,150,12,533.49,0,6401.88,returned,2024-02-06
9022,1900,133,18,298.55,7.52,5373.9,pending,2023-04-17
9023,1849,96,17,697.43,17.1,11856.31,returned,2024-09-15
9024,749,31,10,158.16,20.2,1581.6,returned,2023-08-23
9025,41,144,8,247.92,0,1983.36,cancelled,2023-02-18
9026,1241,113,17,129.9,0,2208.3,shipped,2023-10-22
9027,121,88,4,646.25,17.54,2585,cancelled,2022-12-17
9028,936,57,17,141.75,15.27,2409.75,returned,2023-11-04
9029,552,55,13,112.9,28.98,1467.7,pending,2025-01-03
9030,212,174,1,231.71,0,231.71,pending,2022-06-25
9031,50,73,8,238.38,0,1907.04,shipped,2025-10-10
9032,1367,27,10,141.19,0,1411.9,returned,2022-01-01
9033,1467,154,16,890.6,0.18,14249.6,returned,2024-09-20
9034,1740,87,10,600.01,0,6000.1,shipped,2023-05-18
9035,1752,20,12,481.5,0,5778,pending,2022-09-01
9036,307,100,16,779.66,24.55,12474.56,returned,2022-03-27
9037,66,157,16,83.71,26.45,1339.36,pending,2022-03-15
9038,934,190,1,524.31,13.83,524.31,pending,2022-01-20
9039,245,58,10,583.34,0,5833.4,returned,2022-06-22
9040,384,176,9,850.78,0,7657.02,delivered,2024-09-04
9041,141,26,5,362.01,0,1810.05,pending,2023-09-26
9042,1105,68,11,447.71,0,4924.81,delivered,2023-03-28
9043,1304,18,2,83.56,0,167.12,cancelled,2022-05-01
9044,1132,47,10,645.14,0,6451.4,shipped,2022-06-28
9045,1717,101,4,100.03,29.33,400.12,returned,2023-04-16
9046,1938,3,17,536.43,14.46,9119.31,shipped,2025-10-27
9047,94,43,16,64.03,0,1024.48,delivered,2022-11-16
9048,305,189,15,492.26,0,7383.9,cancelled,2025-05-26
9049,529,28,13,829.59,18.85,10784.67,returned,2024-10-16
9050,893,167,14,277.82,0,3889.48,pending,2023-06-25
9051,1555,123,6,58.49,0,350.94,pending,2023-06-24
9052,1587,136,9,28.67,0,258.03,shipped,2025-11-20
9053,1133,12,19,654.54,0,12436.26,shipped,2022-07-25
9054,424,126,1,118.97,0,118.97,shipped,2024-09-10
9055,1378,68,7,447.71,0,3133.97,shipped,2022-07-27
9056,248,141,4,621.99,0,2487.96,cancelled,2024-11-18
9057,1022,30,16,125.04,0,2000.64,pending,2024-02-01
9058,1806,24,10,58.24,0,582.4,cancelled,2024-08-23
9059,1434,64,12,663.35,11.3,7960.2,delivered,2025-09-22
9060,1936,121,14,963.7,0,13491.8,delivered,2022-12-11
9061,1839,80,10,59.51,6.59,595.1,delivered,2025-04-06
9062,471,68,6,447.71,0,2686.26,shipped,2024-08-10
9063,159,162,12,600.01,2.38,7200.12,delivered,2023-04-25
9064,846,174,17,231.71,0,3939.07,delivered,2025-11-14
9065,30,79,4,60.77,0,243.08,cancelled,2023-01-12
9066,1969,110,6,77.9,27.95,467.4,pending,2022-11-28
9067,381,5,18,604.81,0,10886.58,delivered,2025-12-16
9068,1656,123,13,58.49,0,760.37,shipped,2022-05-04
9069,145,69,10,409.64,4.3,4096.4,delivered,2022-01-19
9070,256,182,13,718.6,0,9341.8,delivered,2024-07-17
9071,1335,4,17,943.2,0,16034.4,shipped,2023-03-04
9072,43,67,8,692.69,0,5541.52,cancelled,2025-07-14
9073,1939,176,6,850.78,0,5104.68,shipped,2024-06-19
9074,919,46,8,253.15,0,2025.2,pending,2023-12-01
9075,1926,166,11,616.72,0,6783.92,shipped,2025-03-08
9076,574,89,17,968.98,0,16472.66,pending,2025-11-13
9077,739,24,8,58.24,0,465.92,cancelled,2025-06-22
9078,1878,118,10,380.05,18.43,3800.5,cancelled,2023-04-07
9079,1200,100,9,779.66,0,7016.94,delivered,2025-08-25
9080,1792,196,17,542.59,6.8,9224.03,shipped,2024-04-02
9081,339,138,15,557.12,0,8356.8,returned,2025-05-02
9082,1888,75,18,95.54,0,1719.72,shipped,2023-05-14
9083,1426,59,17,631.88,0,10741.96,cancelled,2023-07-08
9084,2000,172,16,95.98,0,1535.68,pending,2023-12-01
9085,1334,131,11,652.89,0,7181.79,cancelled,2023-01-05
9086,1251,121,3,963.7,18.98,2891.1,delivered,2024-05-03
9087,1736,29,17,717.02,0,12189.34,shipped,2022-04-27
9088,911,196,12,542.59,0,6511.08,pending,2025-08-09
9089,295,120,11,239.25,0,2631.75,pending,2024-02-09
9090,1015,13,17,30.37,0,516.29,cancelled,2023-08-07
9091,449,5,17,604.81,0,10281.77,delivered,2024-01-21
9092,224,110,15,77.9,0,1168.5,pending,2025-11-13
9093,735,20,16,481.5,0,7704,returned,2024-09-03
9094,1718,4,7,943.2,5.75,6602.4,pending,2023-06-20
9095,1704,23,2,713.25,0,1426.5,returned,2023-02-05
9096,1871,85,5,378.98,0,1894.9,cancelled,2023-10-21
9097,1199,61,2,968.17,0,1936.34,shipped,2025-10-25
9098,935,110,16,77.9,0,1246.4,pending,2024-10-24
9099,1221,187,3,626.35,0,1879.05,returned,2025-05-09
9100,7,132,5,173.13,23.05,865.65,delivered,2023-08-06
9101,912,41,14,693.85,0,9713.9,delivered,2022-11-05
9102,1610,13,19,30.37,0,577.03,returned,2022-07-14
9103,1576,81,11,637.31,0,7010.41,cancelled,2023-04-15
9104,1535,90,12,592.32,0,7107.84,delivered,2024-10-21
9105,1378,163,8,241.1,0,1928.8,pending,2025-02-07
9106,1198,40,2,892.78,0,1785.56,returned,2025-04-05
9107,348,50,4,724.2,0,2896.8,cancelled,2025-09-17
9108,709,134,3,53.33,0,159.99,delivered,2025-09-09
9109,1965,101,16,100.03,0,1600.48,cancelled,2025-06-16
9110,1399,199,7,565.45,0,3958.15,pending,2022-11-17
9111,244,198,17,380.95,0,6476.15,returned,2022-03-16
9112,739,190,14,524.31,0,7340.34,delivered,2022-08-13
9113,938,185,2,326.55,0,653.1,returned,2022-06-06
9114,454,194,14,510.14,0,7141.96,delivered,2023-04-25
9115,1436,91,11,916.22,18.04,10078.42,shipped,2023-06-15
9116,300,132,5,173.13,12.76,865.65,returned,2024-08-22
9117,1740,58,3,583.34,12.58,1750.02,returned,2022-04-26
9118,1620,154,12,890.6,0,10687.2,cancelled,2023-09-18
9119,385,69,8,409.64,0,3277.12,pending,2024-10-22
9120,373,191,8,778.27,0,6226.16,cancelled,2024-05-27
9121,1721,26,6,362.01,0,2172.06,pending,2025-06-14
9122,1324,142,17,446.08,0,7583.36,pending,2023-12-24
9123,913,92,4,52.57,16.28,210.28,returned,2023-07-21
9124,1162,100,1,779.66,0,779.66,cancelled,2023-03-17
9125,177,78,4,335.71,0,1342.84,cancelled,2022-04-26
9126,1477,30,19,125.04,0,2375.76,pending,2022-08-11
9127,1366,53,4,655.86,0,2623.44,delivered,2022-09-07
9128,1354,52,8,370.49,0,2963.92,shipped,2022-04-12
9129,999,169,7,786,0,5502,returned,2023-07-03
9130,1478,64,14,663.35,0,9286.9,shipped,2025-04-25
9131,970,20,19,481.5,0,9148.5,returned,2025-04-26
9132,272,61,3,968.17,0,2904.51,delivered,2022-10-12
9133,1375,77,10,97.67,0,976.7,cancelled,2025-08-22
9134,746,128,10,216.83,0,2168.3,delivered,2022-07-06
9135,568,32,9,244.09,0,2196.81,shipped,2022-07-02
9136,335,196,8,542.59,19.54,4340.72,delivered,2025-10-03
9137,794,166,5,616.72,0,3083.6,shipped,2024-07-25
9138,892,136,1,28.67,0,28.67,pending,2024-10-01
9139,290,72,17,633.89,0,10776.13,delivered,2022-07-11
9140,450,133,16,298.55,0,4776.8,pending,2022-10-05
9141,810,98,11,66.06,22.18,726.66,returned,2022-06-07
9142,1801,108,10,541.06,0,5410.6,returned,2023-02-06
9143,20,81,14,637.31,0,8922.34,shipped,2024-06-25
9144,1644,23,8,713.25,17.69,5706,cancelled,2023-04-03
9145,412,50,6,724.2,19.79,4345.2,shipped,2024-05-12
9146,35,172,1,95.98,0,95.98,delivered,2025-04-12
9147,1607,83,7,806.73,0.09,5647.11,returned,2022-07-05
9148,1791,53,14,655.86,0,9182.04,cancelled,2022-07-21
9149,1462,171,7,845.83,0,5920.81,cancelled,2022-03-12
9150,794,12,14,654.54,0,9163.56,pending,2024-09-27
9151,799,9,7,332.46,0,2327.22,delivered,2023-01-05
9152,1296,102,3,573.77,0,1721.31,cancelled,2022-08-22
9153,1359,112,5,393.73,0,1968.65,returned,2023-03-28
9154,1217,70,12,100.2,22.64,1202.4,cancelled,2024-08-24
9155,252,50,19,724.2,0,13759.8,delivered,2023-06-03
9156,1315,47,8,645.14,0,5161.12,shipped,2022-01-28
9157,596,122,8,816.6,0,6532.8,delivered,2024-03-26
9158,1578,101,15,100.03,0,1500.45,returned,2022-10-21
9159,1901,79,13,60.77,0,790.01,shipped,2024-06-27
9160,553,125,17,142.11,0,2415.87,pending,2022-01-07
9161,1766,73,19,238.38,0,4529.22,shipped,2022-01-26
9162,91,62,16,166.62,0,2665.92,delivered,2022-02-08
9163,869,162,18,600.01,0,10800.18,returned,2025-03-10
9164,11,6,2,183.59,0,367.18,delivered,2022-06-07
9165,363,166,18,616.72,0,11100.96,returned,2024-11-19
9166,1269,88,13,646.25,0,8401.25,returned,2022-12-18
9167,1120,173,8,580.62,0,4644.96,pending,2024-09-15
9168,920,67,2,692.69,0,1385.38,shipped,2022-02-09
9169,823,22,16,119.41,0,1910.56,cancelled,2024-08-16
9170,639,74,18,221.84,27.71,3993.12,pending,2025-09-14
9171,1688,151,16,770.69,0,12331.04,shipped,2023-01-11
9172,2,154,12,890.6,10.46,10687.2,delivered,2023-06-28
9173,524,119,12,371.17,0,4454.04,shipped,2024-04-01
9174,1225,78,17,335.71,0,5707.07,returned,2025-05-12
9175,1026,194,15,510.14,0,7652.1,shipped,2024-11-24
9176,469,193,18,271.72,0,4890.96,delivered,2024-06-01
9177,143,111,18,281.59,0,5068.62,cancelled,2025-03-10
9178,393,82,18,286.13,11.31,5150.34,pending,2024-07-27
9179,1165,69,4,409.64,0.21,1638.56,shipped,2023-11-06
9180,579,194,4,510.14,0,2040.56,cancelled,2022-12-09
9181,1485,4,4,943.2,0,3772.8,cancelled,2024-02-09
9182,1259,112,13,393.73,0,5118.49,pending,2025-01-23
9183,221,64,13,663.35,0,8623.55,cancelled,2024-12-04
9184,768,34,13,827.62,23.23,10759.06,cancelled,2025-04-01
9185,1470,134,10,53.33,0,533.3,delivered,2025-10-28
9186,1242,100,12,779.66,0,9355.92,delivered,2024-06-05
9187,550,76,19,948.25,26.91,18016.75,returned,2022-06-02
9188,1375,199,11,565.45,0,6219.95,pending,2024-01-10
9189,6,167,2,277.82,22.61,555.64,pending,2023-03-02
9190,846,93,6,750.35,0,4502.1,returned,2022-05-27
9191,827,36,19,406.43,0,7722.17,cancelled,2023-04-16
9192,788,79,9,60.77,24.82,546.93,shipped,2025-02-15
9193,671,175,9,211.16,0,1900.44,pending,2022-10-06
9194,461,135,10,674.59,0,6745.9,pending,2023-05-15
9195,485,48,18,184.21,0,3315.78,returned,2024-12-09
9196,1359,173,1,580.62,6.39,580.62,cancelled,2024-10-25
9197,1565,141,16,621.99,0,9951.84,returned,2022-07-28
9198,385,147,6,214.28,9.43,1285.68,shipped,2025-07-14
9199,230,65,10,202.76,0,2027.6,delivered,2023-08-02
9200,1046,152,17,911.9,25.61,15502.3,shipped,2024-04-06
9201,1030,31,8,158.16,0,1265.28,cancelled,2023-07-24
9202,1263,114,11,139.28,0,1532.08,pending,2023-08-22
9203,1542,149,6,515.34,0,3092.04,cancelled,2022-10-07
9204,1444,166,18,616.72,23.26,11100.96,returned,2023-12-03
9205,474,132,15,173.13,5.45,2596.95,delivered,2023-03-27
9206,1253,155,3,431.01,0.58,1293.03,cancelled,2025-08-07
9207,839,58,18,583.34,25.56,10500.12,delivered,2024-12-20
9208,932,135,4,674.59,0,2698.36,returned,2023-03-13
9209,187,52,1,370.49,0,370.49,shipped,2024-08-16
9210,155,138,2,557.12,14.04,1114.24,returned,2024-05-25
9211,861,28,2,829.59,18.77,1659.18,shipped,2024-03-23
9212,1389,186,3,627.64,7.43,1882.92,delivered,2023-02-10
9213,281,46,6,253.15,0,1518.9,shipped,2022-11-15
9214,1072,83,13,806.73,0,10487.49,returned,2025-01-20
9215,102,108,8,541.06,0,4328.48,returned,2022-01-19
9216,575,23,1,713.25,0,713.25,returned,2023-10-24
9217,1595,140,3,966.17,0,2898.51,delivered,2024-06-10
9218,1104,9,7,332.46,0,2327.22,delivered,2024-10-07
9219,486,191,6,778.27,14.95,4669.62,shipped,2022-02-04
9220,1236,70,4,100.2,0,400.8,delivered,2022-03-09
9221,1880,2,12,667,29.27,8004,pending,2023-03-03
9222,591,33,16,253.97,0,4063.52,cancelled,2022-03-25
9223,1257,134,13,53.33,0,693.29,delivered,2024-07-01
9224,1152,71,18,903.42,0,16261.56,cancelled,2025-10-14
9225,1140,162,16,600.01,0,9600.16,returned,2023-04-27
9226,1552,48,18,184.21,9.84,3315.78,delivered,2025-05-17
9227,1091,32,1,244.09,0,244.09,shipped,2023-02-14
9228,1962,8,13,581.03,7.84,7553.39,delivered,2022-12-10
9229,1475,143,5,59.58,0,297.9,shipped,2025-09-06
9230,789,3,7,536.43,0,3755.01,pending,2024-07-01
9231,440,193,8,271.72,29.28,2173.76,cancelled,2025-11-05
9232,1549,52,8,370.49,3.2,2963.92,delivered,2022-06-12
9233,1662,200,19,990.22,0.02,18814.18,shipped,2023-07-01
9234,703,137,17,358.4,3.3,6092.8,shipped,2025-03-21
9235,243,58,11,583.34,0,6416.74,pending,2025-07-14
9236,1620,124,3,809.49,0,2428.47,shipped,2025-06-17
9237,1809,29,19,717.02,0,13623.38,delivered,2023-12-06
9238,1920,114,15,139.28,0,2089.2,pending,2023-11-22
9239,187,31,19,158.16,0,3005.04,pending,2024-11-05
9240,1318,117,6,660.46,14.83,3962.76,shipped,2025-11-07
9241,695,114,19,139.28,28.74,2646.32,delivered,2023-07-06
9242,389,43,7,64.03,0,448.21,pending,2023-02-12
9243,1891,10,18,859.56,0,15472.08,returned,2022-07-03
9244,1944,85,8,378.98,2.27,3031.84,delivered,2022-11-07
9245,521,194,17,510.14,0,8672.38,delivered,2023-12-24
9246,468,118,10,380.05,20.03,3800.5,returned,2024-02-25
9247,869,124,4,809.49,14.99,3237.96,returned,2022-08-07
9248,538,129,10,730.46,0,7304.6,delivered,2024-06-14
9249,1974,90,3,592.32,28.73,1776.96,shipped,2024-09-03
9250,436,51,18,328.87,0,5919.66,cancelled,2023-12-09
9251,1744,187,1,626.35,0,626.35,cancelled,2024-10-19
9252,452,41,11,693.85,26.76,7632.35,shipped,2025-12-06
9253,7,82,10,286.13,0,2861.3,shipped,2025-09-13
9254,685,85,11,378.98,3.67,4168.78,shipped,2024-01-24
9255,976,105,11,317.66,0,3494.26,pending,2024-10-24
9256,6,161,1,81.95,0,81.95,returned,2024-10-19
9257,386,162,11,600.01,0,6600.11,returned,2023-11-11
9258,1236,35,6,645.79,0,3874.74,delivered,2023-09-06
9259,151,80,15,59.51,0,892.65,cancelled,2025-10-23
9260,12,25,18,219.32,5.88,3947.76,delivered,2024-06-03
9261,1933,161,8,81.95,0,655.6,pending,2022-12-27
9262,541,148,18,72.74,0,1309.32,cancelled,2022-09-24
9263,638,65,11,202.76,0,2230.36,cancelled,2024-04-22
9264,1613,118,5,380.05,0,1900.25,cancelled,2022-08-24
9265,651,14,11,550.62,0,6056.82,cancelled,2022-05-07
9266,1527,75,3,95.54,8.55,286.62,pending,2023-06-13
9267,796,67,19,692.69,0,13161.11,delivered,2024-08-16
9268,233,138,9,557.12,0,5014.08,shipped,2025-02-19
9269,462,82,10,286.13,0,2861.3,delivered,2024-03-27
9270,1445,175,13,211.16,0,2745.08,pending,2023-02-28
9271,1149,40,8,892.78,0,7142.24,returned,2025-08-23
9272,1739,94,13,8.03,19.85,104.39,delivered,2022-11-06
9273,868,70,7,100.2,0,701.4,delivered,2025-03-20
9274,1310,36,3,406.43,0,1219.29,shipped,2023-01-12
9275,534,64,11,663.35,0,7296.85,pending,2024-05-22
9276,1899,148,16,72.74,0,1163.84,pending,2025-01-16
9277,1700,187,13,626.35,0,8142.55,shipped,2025-08-06
9278,826,76,5,948.25,18.98,4741.25,pending,2024-12-16
9279,1266,5,9,604.81,0,5443.29,delivered,2022-05-20
9280,249,174,13,231.71,0,3012.23,delivered,2024-07-09
9281,591,10,16,859.56,0,13752.96,delivered,2025-09-18
9282,416,85,4,378.98,0,1515.92,returned,2022-08-06
9283,1111,73,11,238.38,0,2622.18,shipped,2023-06-15
9284,247,3,2,536.43,0,1072.86,delivered,2025-12-06
9285,932,121,4,963.7,12.22,3854.8,returned,2023-08-19
9286,1821,188,15,176.18,0,2642.7,pending,2025-01-10
9287,414,68,14,447.71,0,6267.94,shipped,2022-01-18
9288,1387,102,10,573.77,0.69,5737.7,shipped,2023-08-25
9289,1723,50,12,724.2,0,8690.4,pending,2025-11-15
9290,1574,30,15,125.04,23.22,1875.6,pending,2024-08-24
9291,1749,59,14,631.88,3.64,8846.32,delivered,2023-08-14
9292,1714,152,4,911.9,23.91,3647.6,pending,2022-08-09
9293,509,106,13,596.1,0,7749.3,shipped,2022-01-21
9294,46,10,15,859.56,15.83,12893.4,returned,2024-09-07
9295,1919,98,4,66.06,0,264.24,cancelled,2025-03-13
9296,1673,175,18,211.16,0,3800.88,delivered,2023-03-01
9297,620,200,3,990.22,0,2970.66,shipped,2025-07-11
9298,750,114,7,139.28,0,974.96,cancelled,2025-02-03
9299,525,153,9,22.28,0,200.52,pending,2025-05-12
9300,1615,40,6,892.78,5.58,5356.68,shipped,2024-09-25
9301,509,192,12,576.21,0,6914.52,pending,2024-05-06
9302,465,154,8,890.6,0,7124.8,shipped,2023-08-05
9303,342,125,17,142.11,4.06,2415.87,delivered,2022-05-08
9304,815,58,1,583.34,28.02,583.34,returned,2023-02-08
9305,605,134,8,53.33,23.28,426.64,pending,2023-07-11
9306,1752,167,14,277.82,0,3889.48,shipped,2023-07-26
9307,1765,3,6,536.43,3.56,3218.58,shipped,2022-02-19
9308,685,136,2,28.67,0,57.34,returned,2024-11-12
9309,1707,83,4,806.73,21.73,3226.92,returned,2024-03-06
9310,1680,65,1,202.76,26.21,202.76,delivered,2023-09-21
9311,359,168,10,701.25,4.7,7012.5,cancelled,2025-05-22
9312,1259,170,5,944.19,0,4720.95,returned,2023-11-13
9313,252,54,13,976.53,0,12694.89,shipped,2024-09-12
9314,509,168,1,701.25,0,701.25,delivered,2024-04-01
9315,148,97,1,305.05,0,305.05,delivered,2022-11-15
9316,1354,196,10,542.59,0,5425.9,returned,2023-11-18
9317,1832,193,2,271.72,1.74,543.44,pending,2025-09-03
9318,1357,139,4,43.53,4.99,174.12,returned,2022-05-08
9319,817,116,6,208.96,18.91,1253.76,delivered,2022-04-11
9320,1467,60,8,774.36,27.05,6194.88,returned,2022-05-20
9321,104,140,16,966.17,0,15458.72,pending,2022-03-10
9322,1236,2,4,667,0,2668,returned,2023-09-06
9323,680,75,16,95.54,0,1528.64,pending,2025-02-01
9324,1416,49,14,875.58,0,12258.12,cancelled,2023-09-16
9325,176,114,16,139.28,19.16,2228.48,shipped,2022-02-14
9326,690,165,12,583.18,0,6998.16,cancelled,2025-08-27
9327,1393,5,17,604.81,23.58,10281.77,shipped,2024-01-25
9328,1012,52,2,370.49,0,740.98,delivered,2022-01-22
9329,1795,72,16,633.89,0,10142.24,returned,2024-10-25
9330,977,196,2,542.59,0,1085.18,pending,2024-11-17
9331,1446,200,14,990.22,0,13863.08,cancelled,2024-04-19
9332,1787,31,8,158.16,0,1265.28,cancelled,2022-03-19
9333,1215,188,1,176.18,0,176.18,cancelled,2024-02-21
9334,1331,19,14,437.6,15.01,6126.4,pending,2025-08-02
9335,623,147,9,214.28,0,1928.52,shipped,2022-07-23
9336,783,188,14,176.18,0,2466.52,pending,2022-11-17
9337,1960,69,10,409.64,0,4096.4,pending,2025-10-24
9338,945,14,5,550.62,0,2753.1,delivered,2022-09-05
9339,1052,76,4,948.25,19.44,3793,shipped,2023-05-18
9340,435,33,12,253.97,19.14,3047.64,returned,2022-08-21
9341,713,128,16,216.83,0,3469.28,shipped,2025-06-08
9342,120,11,13,67.82,0,881.66,pending,2025-11-27
9343,64,39,17,211.25,0,3591.25,returned,2024-08-01
9344,59,50,8,724.2,0,5793.6,returned,2022-09-24
9345,1434,127,12,623.12,0,7477.44,delivered,2025-04-20
9346,1540,12,8,654.54,0,5236.32,shipped,2023-11-05
9347,1170,102,16,573.77,0,9180.32,pending,2022-04-13
9348,1207,90,16,592.32,16.01,9477.12,returned,2024-02-20
9349,1694,110,4,77.9,0,311.6,delivered,2023-11-10
9350,778,159,19,174.14,0,3308.66,cancelled,2025-10-20
9351,1734,61,5,968.17,0,4840.85,cancelled,2022-07-15
9352,870,43,12,64.03,0,768.36,delivered,2023-12-16
9353,1099,195,14,515.75,0,7220.5,returned,2025-12-13
9354,1253,46,4,253.15,0,1012.6,pending,2022-02-28
9355,649,191,9,778.27,0,7004.43,pending,2024-09-10
9356,967,65,10,202.76,0,2027.6,pending,2024-06-16
9357,1941,184,8,385.1,27.32,3080.8,shipped,2023-09-15
9358,1529,99,15,47.38,25.52,710.7,shipped,2023-05-09
9359,881,116,18,208.96,0,3761.28,cancelled,2024-02-03
9360,278,71,2,903.42,0,1806.84,cancelled,2023-04-14
9361,1726,157,17,83.71,6.9,1423.07,returned,2024-06-16
9362,1148,170,8,944.19,0,7553.52,cancelled,2022-07-05
9363,1327,177,5,350.23,0,1751.15,delivered,2022-03-15
9364,1392,53,6,655.86,0,3935.16,delivered,2023-02-28
9365,876,44,16,690.47,0,11047.52,delivered,2025-06-08
9366,268,174,6,231.71,0,1390.26,returned,2022-08-08
9367,628,56,8,561.69,0,4493.52,shipped,2025-04-12
9368,1956,14,1,550.62,0,550.62,cancelled,2024-08-02
9369,1200,121,10,963.7,7.28,9637,shipped,2023-03-02
9370,932,191,10,778.27,0,7782.7,returned,2024-10-04
9371,494,104,13,386.74,4.24,5027.62,shipped,2024-08-25
9372,309,123,5,58.49,0,292.45,returned,2023-08-03
9373,702,78,17,335.71,0,5707.07,returned,2024-08-08
9374,1162,10,1,859.56,13.3,859.56,shipped,2022-06-15
9375,974,35,17,645.79,0,10978.43,shipped,2025-01-28
9376,227,103,4,661.57,8.38,2646.28,cancelled,2023-02-12
9377,1127,180,2,774.95,0,1549.9,cancelled,2024-08-08
9378,1793,122,14,816.6,0,11432.4,shipped,2023-05-20
9379,345,165,9,583.18,0,5248.62,cancelled,2024-07-19
9380,540,155,9,431.01,0,3879.09,cancelled,2025-04-18
9381,1745,182,9,718.6,0,6467.4,shipped,2025-12-09
9382,588,152,12,911.9,0,10942.8,returned,2023-04-16
9383,1899,90,8,592.32,0,4738.56,delivered,2023-08-11
9384,1005,73,12,238.38,0,2860.56,delivered,2025-02-05
9385,1509,69,10,409.64,0,4096.4,cancelled,2022-07-20
9386,1536,199,1,565.45,0,565.45,pending,2024-04-14
9387,1290,158,18,150.99,0,2717.82,delivered,2024-12-01
9388,1334,130,14,420.65,0,5889.1,delivered,2022-08-06
9389,1144,109,17,21.24,4.12,361.08,shipped,2025-02-25
9390,504,92,2,52.57,0,105.14,delivered,2025-01-16
9391,614,12,13,654.54,0,8509.02,cancelled,2025-12-06
9392,78,25,10,219.32,0,2193.2,pending,2022-01-04
9393,1405,29,8,717.02,0.83,5736.16,cancelled,2022-07-06
9394,763,143,2,59.58,0,119.16,cancelled,2025-11-15
9395,34,16,17,846.4,23.81,14388.8,delivered,2023-12-23
9396,983,6,1,183.59,0,183.59,shipped,2023-02-27
9397,374,33,7,253.97,0,1777.79,delivered,2022-01-17
9398,1299,101,2,100.03,0,200.06,returned,2023-09-04
9399,1789,185,11,326.55,0,3592.05,delivered,2025-10-21
9400,1967,9,2,332.46,0,664.92,returned,2024-01-02
9401,1447,188,5,176.18,0,880.9,pending,2024-03-23
9402,413,175,18,211.16,8.56,3800.88,cancelled,2025-06-14
9403,698,114,7,139.28,0,974.96,shipped,2024-01-14
9404,11,195,5,515.75,0,2578.75,pending,2025-02-28
9405,700,186,5,627.64,0,3138.2,returned,2025-01-05
9406,729,120,8,239.25,12.68,1914,pending,2023-05-14
9407,1119,103,12,661.57,0,7938.84,returned,2025-10-23
9408,1702,159,13,174.14,6.69,2263.82,pending,2025-07-02
9409,1977,177,19,350.23,0,6654.37,pending,2022-07-16
9410,1832,75,12,95.54,0,1146.48,shipped,2024-11-17
9411,1921,188,1,176.18,0,176.18,pending,2022-06-26
9412,1581,135,6,674.59,0,4047.54,pending,2023-03-09
9413,102,148,9,72.74,2.77,654.66,delivered,2024-08-28
9414,1926,139,10,43.53,0,435.3,pending,2023-06-13
9415,1175,142,6,446.08,18.13,2676.48,delivered,2022-01-04
9416,412,29,7,717.02,0.56,5019.14,delivered,2025-08-27
9417,881,77,19,97.67,28.55,1855.73,returned,2023-02-16
9418,1854,46,1,253.15,0,253.15,shipped,2022-02-28
9419,247,12,5,654.54,15.63,3272.7,returned,2025-09-22
9420,937,124,12,809.49,18.72,9713.88,shipped,2024-07-08
9421,245,199,15,565.45,0,8481.75,cancelled,2024-06-02
9422,1440,51,2,328.87,15.12,657.74,delivered,2025-05-24
9423,195,153,16,22.28,0,356.48,delivered,2024-01-03
9424,1632,155,8,431.01,5.96,3448.08,delivered,2024-05-10
9425,1610,135,10,674.59,0,6745.9,delivered,2022-05-06
9426,1628,123,11,58.49,0,643.39,returned,2025-09-12
9427,116,62,3,166.62,0,499.86,shipped,2023-04-19
9428,763,146,2,629.33,0,1258.66,returned,2024-11-07
9429,1506,199,2,565.45,0,1130.9,shipped,2023-11-08
9430,734,59,18,631.88,0,11373.84,returned,2024-06-03
9431,1983,175,14,211.16,20.4,2956.24,returned,2025-10-13
9432,889,49,11,875.58,0,9631.38,cancelled,2022-06-08
9433,1163,94,3,8.03,0,24.09,cancelled,2023-06-08
9434,1309,75,15,95.54,0,1433.1,pending,2023-03-14
9435,434,23,14,713.25,0,9985.5,cancelled,2024-07-12
9436,549,59,7,631.88,0,4423.16,shipped,2022-03-05
9437,1765,137,2,358.4,0,716.8,delivered,2023-10-24
9438,1327,66,11,397.63,0,4373.93,delivered,2022-04-10
9439,523,57,12,141.75,0,1701,shipped,2024-10-04
9440,681,179,10,450.55,27.55,4505.5,returned,2022-04-23
9441,109,193,8,271.72,12.89,2173.76,cancelled,2022-01-28
9442,1596,112,17,393.73,22.18,6693.41,pending,2023-02-06
9443,1459,28,4,829.59,19.38,3318.36,cancelled,2023-06-06
9444,790,77,8,97.67,4.27,781.36,delivered,2023-11-24
9445,1400,182,15,718.6,0,10779,pending,2023-10-28
9446,1026,21,19,554.6,0,10537.4,returned,2022-12-21
9447,1449,79,3,60.77,17.03,182.31,cancelled,2022-12-18
9448,1671,10,9,859.56,0,7736.04,returned,2024-06-20
9449,118,195,3,515.75,0,1547.25,pending,2023-03-23
9450,1811,184,16,385.1,12.16,6161.6,cancelled,2023-05-24
9451,1993,114,9,139.28,0,1253.52,pending,2024-11-04
9452,1449,131,13,652.89,0,8487.57,delivered,2023-01-12
9453,63,77,11,97.67,17.04,1074.37,pending,2025-07-07
9454,452,185,3,326.55,0.72,979.65,cancelled,2025-07-11
9455,793,137,1,358.4,24.55,358.4,shipped,2025-06-26
9456,122,175,16,211.16,9.89,3378.56,delivered,2024-09-01
9457,34,9,13,332.46,0,4321.98,cancelled,2024-09-10
9458,663,5,1,604.81,18.36,604.81,returned,2022-01-23
9459,1893,173,1,580.62,0,580.62,cancelled,2023-11-26
9460,1282,108,6,541.06,13.67,3246.36,delivered,2024-09-20
9461,332,157,14,83.71,12.24,1171.94,shipped,2024-09-25
9462,552,63,8,560.31,0,4482.48,returned,2023-06-01
9463,422,159,1,174.14,24.8,174.14,returned,2025-04-09
9464,306,162,6,600.01,9.06,3600.06,shipped,2024-01-17
9465,646,195,10,515.75,0,5157.5,delivered,2025-10-17
9466,1105,192,18,576.21,0,10371.78,returned,2024-05-17
9467,1411,135,1,674.59,27.01,674.59,pending,2022-06-13
9468,806,58,8,583.34,23.64,4666.72,delivered,2022-11-17
9469,797,88,3,646.25,20.24,1938.75,shipped,2022-06-17
9470,885,160,14,574.94,13.13,8049.16,cancelled,2025-02-14
9471,20,112,16,393.73,0,6299.68,cancelled,2023-07-21
9472,1773,102,7,573.77,0,4016.39,returned,2025-07-22
9473,1118,127,9,623.12,0,5608.08,shipped,2024-01-24
9474,771,41,19,693.85,0,13183.15,pending,2024-06-15
9475,1194,112,11,393.73,25.55,4331.03,returned,2022-06-02
9476,1813,164,10,527.51,0,5275.1,shipped,2022-06-19
9477,1775,176,14,850.78,0,11910.92,pending,2024-09-01
9478,329,119,1,371.17,0,371.17,cancelled,2025-07-18
9479,1256,20,1,481.5,8.95,481.5,cancelled,2024-06-08
9480,450,9,3,332.46,0,997.38,shipped,2022-11-03
9481,252,38,15,458.13,16.82,6871.95,cancelled,2024-11-11
9482,824,144,16,247.92,0,3966.72,returned,2025-06-08
9483,1753,157,2,83.71,0,167.42,returned,2022-01-17
9484,944,162,7,600.01,0,4200.07,delivered,2025-04-14
9485,1306,41,16,693.85,0,11101.6,cancelled,2022-10-10
9486,661,184,6,385.1,0,2310.6,returned,2025-01-28
9487,1435,29,19,717.02,0,13623.38,delivered,2024-01-24
9488,1496,183,12,656.46,0,7877.52,delivered,2025-01-23
9489,1181,160,16,574.94,0,9199.04,cancelled,2023-11-04
9490,1520,49,13,875.58,0,11382.54,shipped,2024-11-12
9491,478,106,14,596.1,0,8345.4,delivered,2024-08-19
9492,807,151,10,770.69,0,7706.9,shipped,2025-12-01
9493,1215,3,1,536.43,21.88,536.43,pending,2022-04-15
9494,604,168,9,701.25,0,6311.25,returned,2025-03-21
9495,884,162,8,600.01,0,4800.08,delivered,2022-10-19
9496,646,6,1,183.59,0,183.59,returned,2022-10-25
9497,1594,167,17,277.82,2.08,4722.94,cancelled,2024-02-17
9498,788,56,18,561.69,0,10110.42,shipped,2023-12-03
9499,1665,101,16,100.03,28.8,1600.48,cancelled,2025-11-27
9500,50,80,18,59.51,0,1071.18,returned,2022-05-16
9501,778,133,17,298.55,0,5075.35,cancelled,2024-06-28
9502,935,97,1,305.05,0,305.05,cancelled,2023-03-07
9503,500,178,10,354.22,0,3542.2,returned,2025-04-05
9504,327,152,4,911.9,15.31,3647.6,shipped,2024-03-12
9505,676,2,11,667,0,7337,pending,2022-11-01
9506,1074,43,18,64.03,0,1152.54,cancelled,2025-10-03
9507,468,172,2,95.98,0,191.96,delivered,2023-03-21
9508,1374,120,16,239.25,18.76,3828,cancelled,2024-03-20
9509,2000,35,13,645.79,0,8395.27,cancelled,2022-12-23
9510,130,69,1,409.64,14.07,409.64,pending,2025-02-26
9511,134,32,3,244.09,0,732.27,delivered,2025-11-11
9512,1819,197,17,822.64,8.05,13984.88,shipped,2022-08-25
9513,880,108,16,541.06,0,8656.96,pending,2025-01-06
9514,344,142,14,446.08,0,6245.12,delivered,2023-02-26
9515,307,21,8,554.6,27.29,4436.8,delivered,2025-06-17
9516,1567,75,7,95.54,27.38,668.78,shipped,2025-08-04
9517,148,36,11,406.43,9.44,4470.73,delivered,2022-12-21
9518,468,89,8,968.98,0,7751.84,returned,2024-11-13
9519,259,84,1,903.84,0,903.84,pending,2024-08-23
9520,517,140,8,966.17,0,7729.36,returned,2025-06-16
9521,42,199,4,565.45,0,2261.8,delivered,2025-04-26
9522,503,88,11,646.25,0,7108.75,shipped,2024-06-19
9523,891,185,6,326.55,8.31,1959.3,delivered,2022-10-01
9524,1495,91,12,916.22,22.8,10994.64,cancelled,2024-06-14
9525,1093,164,8,527.51,2.29,4220.08,delivered,2022-08-19
9526,1706,164,19,527.51,0,10022.69,delivered,2023-04-08
9527,899,79,9,60.77,0,546.93,pending,2024-01-14
9528,865,69,18,409.64,0,7373.52,delivered,2025-11-14
9529,730,112,18,393.73,0,7087.14,shipped,2023-08-08
9530,114,2,4,667,0,2668,pending,2022-03-08
9531,276,186,5,627.64,0,3138.2,returned,2022-03-19
9532,913,117,6,660.46,0,3962.76,shipped,2025-09-14
9533,653,117,12,660.46,0,7925.52,cancelled,2025-01-26
9534,1564,112,1,393.73,24.49,393.73,pending,2023-11-07
9535,1174,199,8,565.45,0,4523.6,delivered,2023-12-02
9536,1061,34,16,827.62,12.21,13241.92,returned,2022-08-13
9537,608,157,16,83.71,0,1339.36,cancelled,2025-09-14
9538,1768,48,15,184.21,0,2763.15,pending,2022-01-15
9539,552,198,14,380.95,0,5333.3,pending,2024-07-24
9540,1854,64,2,663.35,0,1326.7,returned,2024-05-19
9541,1507,199,15,565.45,0,8481.75,delivered,2024-09-10
9542,1704,148,16,72.74,25.58,1163.84,pending,2024-01-13
9543,66,55,13,112.9,0,1467.7,delivered,2022-06-10
9544,722,146,18,629.33,0,11327.94,pending,2025-06-03
9545,1643,99,12,47.38,0,568.56,returned,2024-08-03
9546,487,162,1,600.01,1.66,600.01,returned,2025-12-18
9547,45,100,2,779.66,0,1559.32,pending,2022-04-09
9548,376,43,15,64.03,9.52,960.45,cancelled,2025-09-07
9549,209,91,17,916.22,0,15575.74,pending,2024-06-26
9550,1878,25,5,219.32,3.47,1096.6,returned,2024-07-23
9551,1161,128,16,216.83,19.24,3469.28,returned,2023-11-23
9552,261,17,15,122.61,0,1839.15,shipped,2022-06-23
9553,1145,199,7,565.45,0,3958.15,returned,2022-03-12
9554,513,42,17,874.09,0,14859.53,returned,2022-05-08
9555,1338,91,19,916.22,0,17408.18,shipped,2025-06-09
9556,277,66,2,397.63,0,795.26,shipped,2023-09-12
9557,58,7,5,669.43,17.78,3347.15,cancelled,2025-10-20
9558,1677,32,3,244.09,1.21,732.27,cancelled,2024-11-15
9559,282,127,16,623.12,27.33,9969.92,pending,2025-07-28
9560,392,145,7,593.41,17.47,4153.87,delivered,2023-05-03
9561,119,181,14,824.33,0,11540.62,delivered,2025-08-01
9562,953,106,14,596.1,0,8345.4,cancelled,2025-03-16
9563,1720,117,3,660.46,0,1981.38,pending,2024-04-15
9564,1671,30,19,125.04,0,2375.76,cancelled,2022-11-12
9565,1912,162,9,600.01,0,5400.09,shipped,2022-10-01
9566,1859,191,13,778.27,8.8,10117.51,shipped,2023-07-04
9567,1886,17,1,122.61,0,122.61,shipped,2025-12-21
9568,738,93,18,750.35,0,13506.3,shipped,2023-07-10
9569,1569,18,14,83.56,7.11,1169.84,delivered,2025-07-14
9570,1020,35,13,645.79,0,8395.27,cancelled,2025-05-06
9571,383,192,9,576.21,20.99,5185.89,pending,2023-03-21
9572,493,15,9,825.2,0,7426.8,pending,2023-06-21
9573,828,41,3,693.85,19.12,2081.55,cancelled,2022-03-18
9574,1512,177,4,350.23,25.28,1400.92,returned,2022-05-08
9575,1600,73,19,238.38,0.78,4529.22,returned,2024-04-17
9576,1299,47,3,645.14,0,1935.42,delivered,2023-09-07
9577,1259,159,3,174.14,0,522.42,delivered,2022-08-01
9578,154,149,6,515.34,26.99,3092.04,pending,2025-06-06
9579,623,67,14,692.69,22.74,9697.66,delivered,2022-05-01
9580,546,123,3,58.49,0,175.47,delivered,2022-05-21
9581,1331,16,4,846.4,0,3385.6,cancelled,2025-10-01
9582,1599,92,2,52.57,0,105.14,cancelled,2023-09-09
9583,1612,119,9,371.17,0,3340.53,returned,2024-05-28
9584,259,184,16,385.1,0,6161.6,cancelled,2023-01-24
9585,1363,3,5,536.43,28.34,2682.15,pending,2022-11-28
9586,213,78,10,335.71,0,3357.1,returned,2025-01-17
9587,790,6,16,183.59,0,2937.44,delivered,2022-07-18
9588,1106,95,15,988.58,4.31,14828.7,shipped,2022-01-06
9589,675,119,10,371.17,0,3711.7,pending,2024-01-24
9590,1164,159,6,174.14,0,1044.84,pending,2023-06-07
9591,1402,66,2,397.63,27.09,795.26,pending,2023-11-12
9592,1752,62,3,166.62,0,499.86,cancelled,2025-03-25
9593,156,77,18,97.67,12.04,1758.06,returned,2025-01-16
9594,246,25,13,219.32,0,2851.16,pending,2022-05-11
9595,164,184,1,385.1,3.2,385.1,shipped,2024-05-13
9596,796,20,8,481.5,3.08,3852,shipped,2024-02-04
9597,1473,124,9,809.49,0,7285.41,delivered,2023-04-09
9598,414,80,19,59.51,26.83,1130.69,shipped,2024-07-11
9599,1471,44,17,690.47,18.83,11737.99,cancelled,2024-10-25
9600,1643,162,9,600.01,0,5400.09,shipped,2024-03-07
9601,1601,43,8,64.03,0,512.24,pending,2023-04-15
9602,323,20,16,481.5,28.15,7704,cancelled,2024-11-03
9603,679,15,11,825.2,0,9077.2,shipped,2024-07-09
9604,444,189,5,492.26,0,2461.3,cancelled,2025-10-09
9605,1043,29,4,717.02,0,2868.08,pending,2025-11-14
9606,1804,155,7,431.01,2.3,3017.07,delivered,2023-01-10
9607,4,149,14,515.34,22.88,7214.76,pending,2025-05-25
9608,70,120,2,239.25,14.99,478.5,delivered,2025-10-26
9609,1987,23,17,713.25,0,12125.25,pending,2022-01-10
9610,161,69,17,409.64,8.24,6963.88,pending,2023-08-01
9611,306,64,10,663.35,2.3,6633.5,cancelled,2025-09-26
9612,642,172,19,95.98,8.8,1823.62,cancelled,2024-09-25
9613,1966,65,18,202.76,22.51,3649.68,cancelled,2023-06-17
9614,735,70,18,100.2,0,1803.6,pending,2023-06-09
9615,1777,53,13,655.86,26.42,8526.18,pending,2024-06-27
9616,405,4,12,943.2,0,11318.4,cancelled,2025-04-19
9617,634,200,1,990.22,0,990.22,cancelled,2025-10-26
9618,375,198,16,380.95,8.47,6095.2,cancelled,2024-03-25
9619,1418,10,13,859.56,13.34,11174.28,cancelled,2022-01-10
9620,376,92,1,52.57,20.74,52.57,delivered,2022-10-12
9621,1576,178,14,354.22,0,4959.08,delivered,2025-10-04
9622,843,85,19,378.98,0,7200.62,shipped,2024-11-04
9623,1924,145,9,593.41,0,5340.69,cancelled,2025-10-23
9624,558,87,18,600.01,0,10800.18,cancelled,2023-02-15
9625,302,137,12,358.4,0,4300.8,cancelled,2025-08-10
9626,381,43,12,64.03,15.21,768.36,delivered,2023-09-13
9627,328,44,17,690.47,0,11737.99,cancelled,2024-02-13
9628,1925,55,14,112.9,0,1580.6,returned,2023-06-19
9629,1555,180,1,774.95,0,774.95,delivered,2025-02-24
9630,404,124,13,809.49,0,10523.37,pending,2022-02-22
9631,192,123,17,58.49,0,994.33,returned,2023-04-04
9632,1348,102,2,573.77,0,1147.54,shipped,2023-08-07
9633,1114,100,15,779.66,0,11694.9,cancelled,2025-04-01
9634,876,1,15,932.66,0,13989.9,pending,2022-08-23
9635,62,25,2,219.32,0,438.64,cancelled,2025-05-17
9636,24,31,4,158.16,0,632.64,shipped,2024-11-16
9637,1495,99,17,47.38,0,805.46,shipped,2025-01-24
9638,1877,33,18,253.97,25.04,4571.46,pending,2023-12-19
9639,555,88,10,646.25,11.15,6462.5,pending,2025-01-14
9640,1052,47,1,645.14,26.4,645.14,shipped,2023-06-15
9641,721,70,14,100.2,0,1402.8,cancelled,2023-04-08
9642,1052,23,13,713.25,0,9272.25,cancelled,2023-02-18
9643,1892,96,1,697.43,27.57,697.43,pending,2024-10-25
9644,205,63,9,560.31,0,5042.79,delivered,2025-05-12
9645,1870,91,16,916.22,13.03,14659.52,pending,2023-03-09
9646,733,33,14,253.97,13.29,3555.58,delivered,2022-04-07
9647,520,43,1,64.03,0,64.03,delivered,2024-11-16
9648,904,98,9,66.06,0,594.54,returned,2025-10-17
9649,689,46,19,253.15,7.33,4809.85,returned,2022-12-15
9650,354,33,7,253.97,0,1777.79,delivered,2023-08-01
9651,780,99,8,47.38,0,379.04,pending,2023-03-05
9652,1903,112,14,393.73,20.32,5512.22,cancelled,2023-10-15
9653,1041,160,8,574.94,20.61,4599.52,pending,2023-12-04
9654,840,130,2,420.65,0,841.3,pending,2023-03-15
9655,1196,11,2,67.82,0,135.64,cancelled,2023-01-25
9656,1360,41,12,693.85,0,8326.2,pending,2022-03-03
9657,1158,41,16,693.85,0,11101.6,delivered,2023-01-04
9658,1669,48,3,184.21,0,552.63,shipped,2023-12-17
9659,55,71,6,903.42,0,5420.52,delivered,2023-08-19
9660,204,15,19,825.2,0,15678.8,returned,2025-05-13
9661,317,133,1,298.55,0,298.55,delivered,2025-06-26
9662,1132,165,4,583.18,19.34,2332.72,pending,2023-10-01
9663,164,197,15,822.64,0,12339.6,returned,2022-09-07
9664,1641,179,9,450.55,21.25,4054.95,returned,2022-11-25
9665,1602,194,16,510.14,0,8162.24,returned,2025-07-18
9666,1873,23,1,713.25,0,713.25,returned,2025-08-28
9667,364,106,9,596.1,0,5364.9,returned,2022-07-21
9668,1850,93,9,750.35,0,6753.15,pending,2023-10-03
9669,1941,158,5,150.99,0,754.95,pending,2022-12-08
9670,588,152,17,911.9,0,15502.3,delivered,2022-09-02
9671,889,173,16,580.62,0,9289.92,pending,2025-06-18
9672,1819,59,12,631.88,0,7582.56,returned,2024-03-14
9673,1195,51,9,328.87,0,2959.83,cancelled,2024-09-19
9674,567,81,1,637.31,0,637.31,delivered,2023-06-09
9675,693,152,4,911.9,24.33,3647.6,delivered,2024-06-19
9676,1063,188,9,176.18,0,1585.62,delivered,2023-09-28
9677,1410,46,5,253.15,0,1265.75,pending,2025-02-13
9678,977,105,14,317.66,2.35,4447.24,cancelled,2023-12-13
9679,200,22,18,119.41,14.12,2149.38,shipped,2025-11-18
9680,395,17,3,122.61,0,367.83,returned,2025-04-04
9681,746,60,19,774.36,0,14712.84,delivered,2023-03-24
9682,858,86,18,789.99,0,14219.82,delivered,2022-06-20
9683,1230,133,12,298.55,0,3582.6,pending,2022-02-24
9684,672,73,18,238.38,0,4290.84,shipped,2022-12-08
9685,104,143,9,59.58,0,536.22,shipped,2023-11-13
9686,1584,112,7,393.73,0,2756.11,delivered,2024-02-10
9687,1273,44,10,690.47,0,6904.7,cancelled,2023-02-24
9688,338,92,4,52.57,0,210.28,delivered,2025-09-02
9689,128,106,9,596.1,24.76,5364.9,shipped,2025-01-28
9690,242,41,11,693.85,0,7632.35,delivered,2024-11-15
9691,1065,104,7,386.74,0,2707.18,pending,2023-06-24
9692,936,20,7,481.5,0,3370.5,cancelled,2023-12-11
9693,936,185,3,326.55,0,979.65,delivered,2025-10-09
9694,916,161,10,81.95,0,819.5,shipped,2024-09-13
9695,1675,25,7,219.32,21.8,1535.24,pending,2022-12-23
9696,811,138,16,557.12,0,8913.92,delivered,2023-03-27
9697,934,54,4,976.53,0,3906.12,shipped,2024-08-16
9698,1311,132,6,173.13,0,1038.78,returned,2023-08-02
9699,931,23,11,713.25,0,7845.75,delivered,2022-05-17
9700,109,11,3,67.82,0,203.46,shipped,2022-10-10
9701,1929,8,15,581.03,0,8715.45,shipped,2023-06-17
9702,1521,112,7,393.73,0,2756.11,pending,2024-08-18
9703,1058,107,15,829.1,0,12436.5,delivered,2023-04-04
9704,1021,55,5,112.9,0,564.5,returned,2024-03-01
9705,1886,117,3,660.46,0,1981.38,delivered,2025-05-17
9706,1723,148,19,72.74,0,1382.06,shipped,2023-06-21
9707,1993,187,18,626.35,0,11274.3,shipped,2022-11-07
9708,457,88,8,646.25,0,5170,delivered,2022-06-01
9709,1633,148,10,72.74,0,727.4,returned,2022-05-22
9710,960,90,18,592.32,0,10661.76,cancelled,2022-10-27
9711,1477,37,12,235.47,10.11,2825.64,delivered,2024-04-06
9712,499,132,14,173.13,8.21,2423.82,pending,2025-01-02
9713,1171,162,13,600.01,25.94,7800.13,returned,2024-08-19
9714,504,70,18,100.2,17.51,1803.6,delivered,2024-02-09
9715,1818,193,5,271.72,0,1358.6,cancelled,2025-05-19
9716,1245,131,4,652.89,0,2611.56,pending,2025-03-25
9717,1066,126,6,118.97,20.81,713.82,shipped,2022-09-11
9718,302,193,15,271.72,0,4075.8,delivered,2023-12-01
9719,507,187,2,626.35,6.46,1252.7,pending,2022-09-05
9720,1135,165,18,583.18,6.63,10497.24,cancelled,2025-09-03
9721,1041,17,7,122.61,7.49,858.27,pending,2024-04-20
9722,761,65,3,202.76,19.54,608.28,returned,2022-03-19
9723,366,73,19,238.38,0,4529.22,delivered,2024-08-13
9724,886,197,1,822.64,0,822.64,returned,2022-07-15
9725,1287,86,3,789.99,0,2369.97,pending,2025-02-02
9726,1453,148,7,72.74,0,509.18,returned,2025-04-04
9727,1337,79,9,60.77,0,546.93,delivered,2023-09-06
9728,1170,75,18,95.54,0,1719.72,cancelled,2025-02-21
9729,1073,165,13,583.18,9.34,7581.34,shipped,2025-04-24
9730,893,164,17,527.51,0,8967.67,shipped,2023-08-11
9731,1380,146,8,629.33,0,5034.64,returned,2025-05-22
9732,196,72,2,633.89,0,1267.78,delivered,2023-12-23
9733,1349,108,18,541.06,0,9739.08,returned,2023-08-19
9734,1407,40,19,892.78,0,16962.82,pending,2025-09-25
9735,163,100,11,779.66,0,8576.26,delivered,2025-04-07
9736,1616,186,9,627.64,0,5648.76,cancelled,2025-09-14
9737,447,119,8,371.17,0,2969.36,cancelled,2023-05-10
9738,995,199,11,565.45,0,6219.95,returned,2022-03-03
9739,1046,81,15,637.31,0,9559.65,cancelled,2022-03-17
9740,394,88,8,646.25,0,5170,delivered,2023-02-02
9741,355,198,14,380.95,0,5333.3,cancelled,2023-04-21
9742,1687,188,7,176.18,0,1233.26,delivered,2022-11-02
9743,590,37,2,235.47,0,470.94,returned,2023-12-11
9744,852,15,14,825.2,3.97,11552.8,delivered,2024-08-08
9745,1981,68,13,447.71,0,5820.23,delivered,2025-06-23
9746,1135,122,18,816.6,0,14698.8,delivered,2025-10-18
9747,165,45,19,639.61,0.17,12152.59,returned,2025-03-02
9748,478,122,15,816.6,16.75,12249,pending,2025-09-01
9749,152,11,17,67.82,0,1152.94,pending,2022-11-16
9750,1976,83,10,806.73,0,8067.3,returned,2022-10-24
9751,1127,193,10,271.72,4.54,2717.2,returned,2023-06-15
9752,1472,60,9,774.36,0,6969.24,pending,2024-09-10
9753,1462,87,11,600.01,4.48,6600.11,pending,2024-03-16
9754,587,162,9,600.01,0,5400.09,pending,2024-04-09
9755,124,10,14,859.56,8.75,12033.84,returned,2022-01-17
9756,806,173,7,580.62,0,4064.34,shipped,2025-03-10
9757,298,67,10,692.69,0,6926.9,cancelled,2024-03-06
9758,404,151,9,770.69,0,6936.21,delivered,2024-04-15
9759,603,134,7,53.33,0,373.31,cancelled,2025-05-06
9760,1027,74,9,221.84,0,1996.56,pending,2023-11-18
9761,1894,183,4,656.46,0,2625.84,delivered,2024-02-23
9762,300,192,19,576.21,15.5,10947.99,pending,2022-06-15
9763,300,104,11,386.74,0,4254.14,shipped,2023-03-24
9764,508,17,18,122.61,13.28,2206.98,returned,2022-05-15
9765,1526,170,10,944.19,24.43,9441.9,shipped,2025-05-24
9766,728,179,16,450.55,0,7208.8,returned,2024-03-26
9767,1357,148,15,72.74,0,1091.1,cancelled,2025-05-01
9768,451,6,8,183.59,0,1468.72,returned,2023-07-21
9769,1347,28,12,829.59,0,9955.08,delivered,2022-02-12
9770,481,163,8,241.1,12.57,1928.8,cancelled,2025-08-18
9771,1591,4,15,943.2,22.15,14148,pending,2023-06-07
9772,55,121,17,963.7,0,16382.9,shipped,2023-11-02
9773,165,50,9,724.2,0,6517.8,pending,2024-09-18
9774,445,75,11,95.54,0,1050.94,shipped,2025-11-18
9775,1581,195,18,515.75,0,9283.5,shipped,2025-09-11
9776,1272,52,3,370.49,0,1111.47,cancelled,2022-05-20
9777,367,85,15,378.98,0,5684.7,delivered,2025-10-05
9778,1195,57,9,141.75,0,1275.75,pending,2024-12-14
9779,513,153,11,22.28,0,245.08,delivered,2025-08-11
9780,742,117,8,660.46,0,5283.68,pending,2024-06-19
9781,784,122,16,816.6,0,13065.6,cancelled,2023-08-27
9782,390,69,7,409.64,0,2867.48,delivered,2022-11-11
9783,597,33,7,253.97,0,1777.79,pending,2022-12-20
9784,463,190,16,524.31,0,8388.96,pending,2023-09-07
9785,251,68,7,447.71,0,3133.97,returned,2022-07-22
9786,289,111,5,281.59,0,1407.95,shipped,2023-04-09
9787,1508,179,3,450.55,0,1351.65,returned,2022-05-13
9788,725,9,2,332.46,0,664.92,delivered,2024-07-14
9789,1705,19,13,437.6,0,5688.8,delivered,2025-08-14
9790,1358,194,8,510.14,0,4081.12,pending,2025-02-13
9791,766,61,5,968.17,0,4840.85,cancelled,2025-12-04
9792,1949,123,4,58.49,0,233.96,returned,2025-04-20
9793,447,55,18,112.9,21.3,2032.2,delivered,2025-09-15
9794,1752,143,10,59.58,0,595.8,cancelled,2025-02-04
9795,1730,171,2,845.83,0,1691.66,delivered,2023-02-27
9796,805,106,1,596.1,10.19,596.1,pending,2022-09-15
9797,1276,196,15,542.59,0,8138.85,cancelled,2024-02-27
9798,1878,83,3,806.73,0,2420.19,returned,2025-12-18
9799,283,175,19,211.16,0,4012.04,pending,2022-09-16
9800,812,153,8,22.28,12.57,178.24,delivered,2025-08-19
9801,323,84,12,903.84,10.89,10846.08,shipped,2025-08-10
9802,1411,192,9,576.21,0,5185.89,shipped,2024-09-05
9803,1535,2,9,667,5.81,6003,cancelled,2025-05-13
9804,27,152,8,911.9,0,7295.2,pending,2023-02-13
9805,794,149,12,515.34,0,6184.08,pending,2024-12-26
9806,1049,142,8,446.08,0,3568.64,delivered,2023-10-24
9807,626,93,3,750.35,0,2251.05,cancelled,2023-10-20
9808,1614,28,13,829.59,0,10784.67,returned,2025-03-04
9809,120,113,4,129.9,0,519.6,pending,2022-02-11
9810,1723,59,8,631.88,0,5055.04,cancelled,2023-10-24
9811,1492,129,19,730.46,0,13878.74,shipped,2023-09-22
9812,303,195,8,515.75,0,4126,delivered,2022-11-14
9813,1654,38,19,458.13,20.12,8704.47,delivered,2023-04-27
9814,1818,81,18,637.31,4.2,11471.58,cancelled,2025-04-28
9815,1694,126,11,118.97,0,1308.67,cancelled,2025-11-22
9816,686,83,4,806.73,8.96,3226.92,delivered,2024-06-09
9817,305,129,6,730.46,0,4382.76,cancelled,2022-03-10
9818,1059,93,19,750.35,0,14256.65,pending,2025-04-13
9819,199,43,6,64.03,1.67,384.18,shipped,2024-12-11
9820,319,41,17,693.85,0,11795.45,shipped,2022-11-18
9821,70,38,8,458.13,0,3665.04,delivered,2022-02-04
9822,591,1,10,932.66,0,9326.6,pending,2025-08-26
9823,72,24,2,58.24,0,116.48,shipped,2023-07-15
9824,1349,68,16,447.71,0,7163.36,cancelled,2025-07-08
9825,890,38,5,458.13,0,2290.65,cancelled,2023-06-28
9826,305,167,5,277.82,0,1389.1,delivered,2022-05-28
9827,1584,117,5,660.46,0,3302.3,shipped,2023-12-19
9828,1862,113,3,129.9,0,389.7,pending,2024-11-23
9829,1434,134,14,53.33,0,746.62,cancelled,2022-08-09
9830,974,141,11,621.99,0,6841.89,shipped,2022-07-11
9831,1383,139,1,43.53,0,43.53,returned,2025-12-02
9832,1247,26,13,362.01,0,4706.13,cancelled,2025-05-21
9833,468,108,5,541.06,0,2705.3,shipped,2022-11-02
9834,1967,82,19,286.13,0,5436.47,delivered,2022-11-07
9835,1905,51,11,328.87,0,3617.57,returned,2022-01-03
9836,1127,142,7,446.08,23.05,3122.56,cancelled,2022-07-13
9837,1273,180,5,774.95,0,3874.75,delivered,2025-04-06
9838,247,52,13,370.49,0,4816.37,cancelled,2023-03-11
9839,422,181,1,824.33,0,824.33,delivered,2024-06-16
9840,1092,112,19,393.73,8.54,7480.87,returned,2022-09-12
9841,556,83,5,806.73,0,4033.65,delivered,2022-03-24
9842,1916,181,1,824.33,0,824.33,shipped,2024-01-18
9843,1254,109,9,21.24,0,191.16,returned,2023-02-21
9844,1172,35,10,645.79,0,6457.9,shipped,2024-02-04
9845,1070,53,2,655.86,0,1311.72,returned,2024-06-20
9846,1065,113,2,129.9,17.23,259.8,cancelled,2024-03-05
9847,575,174,15,231.71,0,3475.65,pending,2025-12-10
9848,1439,199,16,565.45,0,9047.2,shipped,2022-08-05
9849,1813,11,9,67.82,28.06,610.38,shipped,2023-02-16
9850,108,28,10,829.59,3.29,8295.9,delivered,2023-02-07
9851,1470,184,3,385.1,0,1155.3,cancelled,2025-11-14
9852,562,98,18,66.06,0,1189.08,delivered,2023-12-17
9853,1532,35,3,645.79,1.2,1937.37,pending,2025-03-22
9854,1269,131,7,652.89,0,4570.23,cancelled,2022-05-27
9855,1652,121,17,963.7,0,16382.9,returned,2023-04-04
9856,1860,1,8,932.66,0,7461.28,shipped,2022-07-11
9857,1419,20,6,481.5,0,2889,delivered,2025-01-17
9858,82,62,16,166.62,0,2665.92,delivered,2024-07-20
9859,1469,12,6,654.54,0,3927.24,returned,2025-09-02
9860,1937,24,19,58.24,0,1106.56,pending,2024-12-15
9861,1951,145,6,593.41,0,3560.46,cancelled,2022-04-04
9862,947,86,18,789.99,0,14219.82,pending,2022-12-07
9863,1997,139,13,43.53,0,565.89,pending,2024-07-13
9864,228,183,19,656.46,0,12472.74,pending,2022-10-12
9865,275,63,12,560.31,25.48,6723.72,pending,2025-12-04
9866,207,131,17,652.89,0,11099.13,returned,2025-08-06
9867,278,83,16,806.73,13.01,12907.68,delivered,2022-06-26
9868,896,67,19,692.69,6.27,13161.11,shipped,2025-01-09
9869,949,184,1,385.1,0,385.1,returned,2023-08-01
9870,24,43,8,64.03,0,512.24,shipped,2025-03-08
9871,435,87,8,600.01,0,4800.08,delivered,2023-02-04
9872,1696,79,2,60.77,8.11,121.54,shipped,2025-05-19
9873,53,41,2,693.85,20.81,1387.7,pending,2024-10-13
9874,946,194,6,510.14,0,3060.84,returned,2023-03-03
9875,210,139,18,43.53,0,783.54,returned,2022-02-15
9876,507,182,2,718.6,4.15,1437.2,delivered,2023-05-05
9877,1108,72,9,633.89,0,5705.01,shipped,2023-07-21
9878,655,192,1,576.21,19.63,576.21,pending,2022-12-19
9879,1809,5,6,604.81,5.06,3628.86,delivered,2025-10-08
9880,910,73,4,238.38,13.1,953.52,pending,2022-10-26
9881,166,32,14,244.09,0,3417.26,shipped,2025-12-13
9882,542,116,8,208.96,0,1671.68,cancelled,2023-11-15
9883,1833,94,15,8.03,16.21,120.45,pending,2024-10-17
9884,337,66,3,397.63,0,1192.89,pending,2025-07-13
9885,1401,88,11,646.25,0,7108.75,shipped,2022-09-14
9886,1301,160,15,574.94,0,8624.1,delivered,2022-04-23
9887,97,172,15,95.98,0,1439.7,returned,2024-08-18
9888,205,91,15,916.22,0,13743.3,delivered,2025-07-07
9889,798,30,18,125.04,20.1,2250.72,shipped,2025-03-06
9890,579,109,8,21.24,0,169.92,returned,2025-05-05
9891,945,115,2,763.04,21.05,1526.08,shipped,2024-12-22
9892,1568,33,19,253.97,0,4825.43,returned,2023-09-14
9893,415,45,6,639.61,0,3837.66,shipped,2022-02-05
9894,1346,173,17,580.62,0,9870.54,cancelled,2024-06-24
9895,92,8,6,581.03,28.28,3486.18,pending,2024-09-11
9896,690,57,3,141.75,0,425.25,cancelled,2024-02-10
9897,1825,5,13,604.81,0,7862.53,pending,2022-04-01
9898,1396,55,13,112.9,0,1467.7,shipped,2023-12-26
9899,499,183,14,656.46,0,9190.44,shipped,2024-09-19
9900,247,133,7,298.55,6.53,2089.85,cancelled,2022-07-23
9901,424,18,16,83.56,0,1336.96,shipped,2023-07-25
9902,74,19,6,437.6,0,2625.6,returned,2022-05-27
9903,1344,112,12,393.73,0,4724.76,pending,2024-08-19
9904,989,179,3,450.55,18.75,1351.65,pending,2023-05-27
9905,1865,74,16,221.84,9.13,3549.44,pending,2023-04-20
9906,1482,156,15,200.01,18.53,3000.15,pending,2022-10-03
9907,1426,128,19,216.83,4.96,4119.77,pending,2022-05-17
9908,143,70,12,100.2,0,1202.4,delivered,2024-05-23
9909,66,115,19,763.04,2.71,14497.76,returned,2023-10-25
9910,673,20,18,481.5,0,8667,returned,2025-02-14
9911,1760,62,18,166.62,0,2999.16,returned,2024-01-27
9912,401,187,6,626.35,0,3758.1,returned,2025-11-18
9913,17,165,18,583.18,0,10497.24,cancelled,2022-03-18
9914,1881,155,19,431.01,0,8189.19,pending,2022-03-03
9915,127,47,3,645.14,0,1935.42,cancelled,2024-02-24
9916,1871,50,2,724.2,0,1448.4,shipped,2024-12-02
9917,1003,170,5,944.19,0,4720.95,shipped,2022-06-20
9918,588,27,16,141.19,0.8,2259.04,cancelled,2023-01-06
9919,567,176,12,850.78,0,10209.36,pending,2023-01-27
9920,387,146,4,629.33,19.31,2517.32,shipped,2024-12-27
9921,1559,185,1,326.55,4.22,326.55,cancelled,2024-12-07
9922,707,75,10,95.54,0,955.4,returned,2022-08-07
9923,689,70,4,100.2,0,400.8,cancelled,2025-06-12
9924,315,163,14,241.1,0,3375.4,pending,2025-06-01
9925,1047,63,12,560.31,22.32,6723.72,pending,2022-04-17
9926,88,183,10,656.46,0,6564.6,cancelled,2022-01-22
9927,1386,25,4,219.32,0,877.28,returned,2024-05-01
9928,1865,51,7,328.87,0,2302.09,delivered,2024-04-19
9929,354,188,1,176.18,0,176.18,delivered,2022-07-21
9930,785,24,13,58.24,0,757.12,cancelled,2025-06-07
9931,1778,4,3,943.2,0,2829.6,returned,2022-11-03
9932,281,85,19,378.98,0,7200.62,cancelled,2023-04-10
9933,1498,49,13,875.58,0,11382.54,cancelled,2024-06-08
9934,1976,116,18,208.96,28.78,3761.28,pending,2022-07-10
9935,883,155,4,431.01,24.36,1724.04,cancelled,2025-03-04
9936,1815,175,14,211.16,0,2956.24,pending,2023-09-24
9937,1991,80,9,59.51,0,535.59,returned,2025-09-26
9938,1336,157,1,83.71,0.88,83.71,cancelled,2024-06-05
9939,1097,189,13,492.26,0,6399.38,delivered,2023-09-24
9940,254,91,12,916.22,0,10994.64,pending,2025-11-18
9941,1535,56,6,561.69,0,3370.14,delivered,2022-10-20
9942,701,197,12,822.64,0,9871.68,pending,2024-06-18
9943,719,163,12,241.1,0,2893.2,pending,2025-05-23
9944,1188,187,10,626.35,23.87,6263.5,delivered,2022-05-14
9945,1105,183,10,656.46,0,6564.6,delivered,2024-04-04
9946,1913,26,19,362.01,0,6878.19,shipped,2022-09-04
9947,893,150,8,533.49,0,4267.92,shipped,2022-11-14
9948,40,130,19,420.65,6.46,7992.35,delivered,2022-02-27
9949,1370,63,7,560.31,3.08,3922.17,pending,2022-07-23
9950,274,101,7,100.03,0,700.21,returned,2023-11-24
9951,675,192,3,576.21,0,1728.63,shipped,2022-09-25
9952,141,59,4,631.88,0,2527.52,pending,2022-04-12
9953,490,137,7,358.4,4.62,2508.8,cancelled,2023-07-01
9954,30,115,5,763.04,11.18,3815.2,pending,2023-05-08
9955,501,145,11,593.41,0,6527.51,cancelled,2023-10-24
9956,177,40,13,892.78,0,11606.14,delivered,2023-08-16
9957,1009,80,5,59.51,13.7,297.55,delivered,2024-10-28
9958,1561,86,9,789.99,0,7109.91,shipped,2025-04-27
9959,559,84,9,903.84,29.39,8134.56,shipped,2025-01-26
9960,415,6,17,183.59,0,3121.03,shipped,2025-01-25
9961,35,141,2,621.99,22.66,1243.98,shipped,2024-08-24
9962,1302,68,5,447.71,26.2,2238.55,shipped,2022-02-14
9963,1657,38,2,458.13,0,916.26,cancelled,2022-11-19
9964,1885,138,13,557.12,29.06,7242.56,delivered,2024-08-18
9965,760,63,11,560.31,13.28,6163.41,shipped,2022-07-11
9966,959,112,16,393.73,0,6299.68,returned,2025-11-25
9967,807,32,9,244.09,0,2196.81,shipped,2024-11-22
9968,148,124,17,809.49,0,13761.33,shipped,2023-03-23
9969,1127,145,16,593.41,0,9494.56,cancelled,2024-08-17
9970,651,148,10,72.74,0,727.4,cancelled,2025-09-11
9971,1503,33,14,253.97,0,3555.58,returned,2024-08-02
9972,1131,174,4,231.71,21.54,926.84,cancelled,2023-11-21
9973,262,136,1,28.67,0,28.67,shipped,2023-02-17
9974,60,87,11,600.01,10.65,6600.11,delivered,2025-04-21
9975,275,165,17,583.18,0,9914.06,delivered,2023-10-17
9976,369,100,8,779.66,0,6237.28,cancelled,2025-08-02
9977,1093,7,3,669.43,2.83,2008.29,returned,2023-04-05
9978,1701,146,2,629.33,16.17,1258.66,shipped,2025-07-26
9979,411,33,6,253.97,0,1523.82,pending,2023-01-04
9980,1117,65,9,202.76,0,1824.84,delivered,2022-11-19
9981,1364,73,18,238.38,0,4290.84,returned,2023-03-26
9982,902,96,14,697.43,0,9764.02,delivered,2023-01-09
9983,584,59,12,631.88,0,7582.56,returned,2022-08-04
9984,762,63,18,560.31,0,10085.58,shipped,2024-01-03
9985,191,11,8,67.82,0,542.56,shipped,2024-02-11
9986,664,20,5,481.5,0,2407.5,pending,2022-02-14
9987,1806,70,8,100.2,0,801.6,pending,2023-02-18
9988,1236,49,9,875.58,0,7880.22,pending,2025-03-18
9989,1712,51,15,328.87,0,4933.05,pending,2022-12-03
9990,1467,64,5,663.35,0,3316.75,pending,2022-06-06
9991,695,144,13,247.92,24.93,3222.96,cancelled,2025-03-19
9992,933,19,9,437.6,0,3938.4,returned,2022-09-16
9993,665,94,4,8.03,0,32.12,pending,2023-06-02
9994,818,33,17,253.97,0,4317.49,cancelled,2024-01-14
9995,797,170,1,944.19,0,944.19,cancelled,2024-12-21
9996,1354,113,12,129.9,0,1558.8,shipped,2022-01-06
9997,1808,110,14,77.9,10.58,1090.6,pending,2024-01-07
9998,844,181,8,824.33,0,6594.64,pending,2025-03-26
9999,752,49,8,875.58,0,7004.64,cancelled,2025-06-23
10000,1341,106,12,596.1,0,7153.2,pending,2025-08-27
